evidence_id,roles_json,project_ids_json,kind,title,source_url,publisher,source_family,license,attribution,published_at,retrieved_at,content_hash
0176052f-124b-5bf9-b361-a5c97cb98b62,"[""physical_status""]","[""8f8c241d-ee6b-5182-8a76-ebb101a3f4c2""]",company_disclosure,Verne begins construction of the first 70 MW on its data center campus in Mäntsälä,https://www.verne.co/news/news-verne-begins-construction-of-the-first-70-mw-on-its-data-center-campus-in-m%C3%A4nts%C3%A4l%C3%A4,Verne,verne_news,all-rights-reserved,Verne,2026-06-17,2026-07-21T00:05:01Z,2ec376832ffe1fb1c1313375cebc197834b657cec18beec6df37dc2152795ebc
0319c9a2-0161-5f88-ad38-3fd3aa0e3ea3,"[""physical_status""]","[""38033ec9-dbd8-56bb-8a35-0fa91dd284e2""]",company_disclosure,Ten Brinke Data Center Spata current-project page,https://www.tenbrinke.com/en/projects/current-projects/current-projects-details/data-center-spata-26-1052-gr.html,Ten Brinke Group,ten_brinke_current_project_pages,all-rights-reserved,Ten Brinke Group,,2026-07-21T17:05:00Z,9ef57bbcb1517843d3e2e0f399d645147433f9896b1ece41f062cff8c5273c1a
04eb4e29-b035-5d4f-b6dc-ababe98ba94e,"[""geometry""]","[""bb8ba3ad-d563-5f84-a543-079a10264640""]",government_record,"City of Gosnells IntraMaps property result, Lot 500 / 582 Bickley Road",https://maps.gosnells.wa.gov.au/intramaps22A/?project=Gosnells,City of Gosnells,city_of_gosnells_intramaps_property,rights-status-uncertain-fact-extraction-only,City of Gosnells,,2026-08-23,40dbab2d5aa393d92f1f60e27c366d72336764d0a15ba650a6518074f09863d6
077a6629-8396-549b-92c0-cdec324067f3,"[""physical_status""]","[""9ddf0df3-e40c-515f-9468-ed78f063513b""]",company_disclosure,"Time-Lapse Video - TX4 Garland, TX",https://www.linkedin.com/posts/ntt-global-data-centers_time-lapse-video-tx4-garland-tx-activity-7473147125938147328-uZsM,NTT Global Data Centers,ntt_global_data_centers_linkedin,all-rights-reserved,NTT Global Data Centers via LinkedIn,2026-06-17T22:58:39.165Z,2026-07-20T05:41:07Z,aad2ec60df3f58a87d98d5656f58da9305c701276083920aa939b0510c554dad
09530596-5c39-5d1c-881f-6993227a10d1,"[""typed_metric:critical_it_mw""]","[""aa93c84a-17d6-5092-bf57-686f7e1ab4a4""]",company_disclosure,STT Jakarta 3 Factsheet,https://assets.sttelemediagdc.com/sttgdc/global_en/public/2026-07/STT_Jakarta_3_Factsheet-vJul2026.pdf,ST Telemedia Global Data Centres,stt_gdc_facility_factsheets,all-rights-reserved,ST Telemedia Global Data Centres,2026-07-16,2026-07-19T19:09:17Z,79219de45833e9cdb149c37a1cfbc644ac805b2e7be7fbdbfcad6de90347a240
0a66a7cc-d742-528e-91a8-06a6fd1f84e6,"[""context:source_location_identity""]","[""c71872a1-fc95-5d5b-8ee8-6b5082e974df""]",government_record,LINZ NZ Primary Parcels - four Datagrid Makarewa core-campus parcels,https://services.arcgis.com/xdsHIIxuCWByZiCB/ArcGIS/rest/services/LINZ_NZ_Primary_Parcels/FeatureServer/0/query?where=appellation+IN+%28%27Lot+1+DP+595572%27%2c%27Lot+2+DP+595572%27%2c%27Lot+3+DP+595572%27%2c%27Lot+2+DP+526953%27%29&outFields=OBJECTID%2cid%2cappellation%2cparcel_intent%2ctopology_type%2cland_district%2ctitles%2csurvey_area%2ccalc_area%2cShape__Area%2cShape__Length&returnGeometry=true&outSR=4326&orderByFields=appellation+ASC&f=geojson,Land Information New Zealand,linz_nz_primary_parcels,CC-BY-4.0,Crown copyright - Land Information New Zealand,,2026-09-07T02:26:38Z,e8823967334879161cf139277879260228bea45bd079647ec71467f5718a6059
0ba37f72-6f9b-5d8f-8b8e-8b66e03dbb11,"[""context:project_context""]","[""ea4a0cc5-bb09-5a81-b385-38ae79baf22a""]",company_disclosure,IC3 Super West Facility - Macquarie Park Data Centre Campus,https://www.macquariedatacentres.com/wp-content/uploads/sites/5/2023/09/Data-Centres-Data-Sheet-IC3-Super-West-Specs-230923.pdf,Macquarie Data Centres,macquarie_data_centres_specifications,all-rights-reserved,Macquarie Data Centres,,2026-07-20T00:53:38Z,bc455a2fa3310e76108b15e8459292aea83dea36beb0fafbc91d2e17ec04e6ce
0bb1b8a1-24a2-5e40-818e-29621e6017d1,"[""physical_status""]","[""08d881e7-8a1c-50da-81a5-d2ef49f22a7a""]",company_disclosure,Paris 2 Data Centre | Data Centres in Paris | Colt DCS,https://www.coltdatacentres.net/en-GB/our-locations/data-centre-locations-europe/paris-2,Colt Data Centre Services,colt_data_centre_location_pages,all-rights-reserved,Colt Data Centre Services,2025-05-14T12:57:10Z,2026-07-19T17:42:54Z,14f8f9373d8662b145bf72c62f4f8d2410ba9f8a9e451b0c22951252d81efd20
0cad69d1-3151-5073-af8e-73f8401bf2cb,"[""geometry""]","[""6f0acd88-cd04-5f3f-915c-48a71fd51f39""]",openstreetmap,OpenStreetMap way 1476734418: Project Jupiter,https://www.openstreetmap.org/way/1476734418,OpenStreetMap contributors,openstreetmap,ODbL-1.0,© OpenStreetMap contributors,2026-06-20T12:23:52Z,2026-07-18T18:15:02.152575Z,5b2cf1fffa8582fc7302db34ab8d69dab067ab61a98be479f70e6404b469dcb7
0dd3dc39-1457-5bc3-b7d2-7ff44183aed3,"[""context:geometry_identity""]","[""15e0ef92-6408-5517-b0d4-a6b8707745f4""]",company_disclosure,ENKA EDS IST 01 TUZLA identity listing,https://www.enka.com/what-we-do/,ENKA İnşaat ve Sanayi A.Ş.,enka_corporate_asset_listings,all-rights-reserved,ENKA İnşaat ve Sanayi A.Ş.,,2026-07-21T16:52:10Z,7bc183370fd9f9139ded516fc8895c6f65c3692e03163df6dea38b8695a5b7bf
0eb488ab-3c0c-5223-86d8-2b47a96e7476,"[""context:campus_address_identity"",""physical_status""]","[""b75695b9-38e3-58ec-baf2-039179ab353a""]",company_disclosure,Chirisa Technology Parks data center locations,https://chirisatechnologyparks.com/,Chirisa Technology Parks,chirisa_technology_parks_locations,all-rights-reserved,Chirisa Technology Parks,,2026-07-22T01:27:58Z,6217db82caf16b110532ddd7ef4a4888f1803a8d590d4920289394b29392cdf3
0f041ac1-c722-588c-bb02-442fcb4c53b3,"[""geometry""]","[""f6d1bce2-6fc7-5fd8-a1fb-55d5fe4cd8e9""]",open_map_record,OpenStreetMap way 639973557 Iskandar Halal Park Phase 2,https://api.openstreetmap.org/api/0.6/way/639973557/full.json,OpenStreetMap contributors,openstreetmap_way_full_api,ODbL-1.0,"Contains information from OpenStreetMap, which is made available under the Open Database License (ODbL).",2020-01-29T10:35:08Z,2026-08-23,fcce549196511b88ae93f3fc2180f9b90fb31aafbc89e2fd9599224530a47aed
0fff6073-2536-58db-b16e-b82141605ef5,"[""geometry""]","[""85cb6e56-ec73-5685-82e7-15e4ef96106b""]",government_record,Pottawattamie County address point 2313 College Road,https://gis.pottcounty-ia.gov/arcgis/rest/services/OpenData/MapServer/9/query,Pottawattamie County GIS,pottawattamie_county_open_data_address_points,county-open-data-no-explicit-license,Pottawattamie County GIS,,2026-09-07T02:58:43Z,af7fc312e0055acebbbf5bd866219a3d7fd48fc1536c65e1ca5378c979ea8cd1
10cad266-3d5e-591d-a1c4-8ded1e082c7b,"[""typed_metric:critical_it_mw""]","[""ea4a0cc5-bb09-5a81-b385-38ae79baf22a""]",company_disclosure,Treasurer Tops Out Macquarie Data Centres' Newest 47MW AI and Cloud Data Centre,https://www.macquariedatacentres.com/blog/treasurer-tops-out-macquarie-data-centres-newest-47mw-ai-and-cloud-data-centre/,Macquarie Data Centres,macquarie_data_centres_newsroom,all-rights-reserved,Macquarie Data Centres,2025-12-03T03:23:55+00:00,2026-07-20T00:53:38Z,f8f86d1d3f36d46c81f9fe23edce1416f11193e7a16fc32014f98acd96f053e3
12f5d89c-ebd5-501c-8f98-62e845710d8c,"[""geometry""]","[""0a075c8d-2733-5aba-b19a-4b53e51fd8f8""]",government_cadastral_api,"Kartverket matrikkelteig union 1121-46/316, 1121-46/317 and 1121-46/319",https://api.kartverket.no/eiendom/v1,Kartverket,kartverket_open_property_api,CC-BY-4.0,© Kartverket,,2026-08-20T19:49:51Z,6bcd905d036ecde8e55ef4933bf1502f58a58701e5784583fdc3bccc5c6edd1f
1337f6ef-1e09-5b6e-a1e0-55fbdcf95bf3,"[""operating_model"",""role:operator""]","[""44130f9f-95af-5f19-9fcf-47aabd3a5c8b""]",company_disclosure,About Akashi,https://akashi.cloud/about/,Akashi Data Center,akashi_data_center_project_pages,all-rights-reserved,Akashi Data Center,,2026-07-21T12:22:07Z,01e105af2a09a3e96987bccde8d7c7cc68cf6add95ab48c6d9286e4dca5ce774
13a65a07-1b3a-58a3-9ca7-b98723686f7c,"[""geometry""]","[""c73ac912-e44d-5477-84f5-c5beb4813518""]",openstreetmap,OpenStreetMap way 1334234458: Amazon AWS PHL,https://www.openstreetmap.org/way/1334234458,OpenStreetMap contributors,openstreetmap,ODbL-1.0,© OpenStreetMap contributors,2026-04-20T12:38:41Z,2026-07-18T18:15:02.152575Z,c54668987cf45c4196dbc111ea2b12451f5b68d5513661a1f0333f2fadc12945
13dc86ac-4e90-5c6e-8540-de0c7893690f,"[""geometry""]","[""257f3255-46fe-585e-bdf5-9689b34edbdc""]",open_map_geometry,OpenStreetMap way 554352050 — Ex Postal Market,https://api.openstreetmap.org/api/0.6/way/554352050/full.json,OpenStreetMap contributors,openstreetmap_api,ODbL-1.0,© OpenStreetMap contributors,2022-07-19T17:15:33Z,2026-08-20T21:06:03Z,56e6716b49448de12f7737546875328459688b563c3f0d98e3b4e9212e05552f
198c88a9-e654-5181-8c63-320728601fe3,"[""geometry""]","[""1cae5b48-c630-5f16-9fe2-5d77571cafe9""]",open_map_record,OpenStreetMap way 1485385261 Telia duomenų centras,https://api.openstreetmap.org/api/0.6/way/1485385261/full.json,OpenStreetMap contributors,openstreetmap_way_full_api,ODbL-1.0,"Contains information from OpenStreetMap, which is made available under the Open Database License (ODbL).",2026-03-04T14:01:01Z,2026-08-23,cd1a7bc1a2c7d9837f81b4c635e70d7e3103630a99d479586e6fee049f605b00
1a606443-bf19-54d8-8025-8c1e1102c25e,"[""context:geometry_identity""]","[""c30aeadf-c2f6-58a5-a8b1-227868f477c1""]",regulatory_filing,Bitzero exhibit 99.80 - Annual information form,https://www.sec.gov/Archives/edgar/data/2100457/000175392626000899/g085467_ex99-80.htm,Bitzero Holdings Inc. via SEC EDGAR,bitzero_sec_filings,all-rights-reserved-fact-extraction-only,Bitzero Holdings Inc.; U.S. Securities and Exchange Commission EDGAR,2026-05-11,2026-08-23,459f619d5ad1586a6e12214d7f9892d4ee3423eb3b2beca378e7d19395e5683c
1ad44bfe-736f-511c-91ea-89c64e5f5970,"[""context:source_location_identity"",""physical_status""]","[""99fa93f5-9f63-5576-b036-2ee8086032a3""]",company_disclosure,"Goodman SYD01, 2-8 Lanceley Place, Artarmon",https://au.goodman.com/en/our-properties/properties-for-lease/goodman-syd01,Goodman Group,goodman_australia_property_pages,all-rights-reserved,Goodman Group,,2026-07-20T09:18:30Z,c02900e0abb8cd5a3aabdca24a8dec28b9e4fb111b59b1731be83c6aae95a45b
1c2e246b-2818-533c-93e6-ca5c3dee5644,"[""context:source_location_identity""]","[""bb8ba3ad-d563-5f84-a543-079a10264640""]",company_disclosure,CDC Maddington current campus page,https://cdc.com.au/locations/perth/,CDC Data Centres,cdc_current_location_pages,all-rights-reserved,CDC Data Centres,,2026-07-21T17:12:46Z,9628085823f3434144b66048b965c5b4babac113a5041c8191ca954706356c5c
1d6cc958-8ca3-5a8c-ab4b-a07cf5a45b32,"[""physical_status""]","[""2e2b9d40-5024-5e6d-bbb2-56a8b16b9c16""]",company_disclosure,CDC Eastern Creek EC5 current status,https://cdc.com.au/locations/sydney/,CDC Data Centres,cdc_current_location_pages,all-rights-reserved,CDC Data Centres,,2026-07-21T17:12:46Z,66d6de9440d4496482af80159cbe361afdb8e36bdebd5edf81ac1c65f1337620
1de91fed-9b38-5c47-886d-5fa766be2aa0,"[""geometry""]","[""86bcbcd1-702d-5afa-aeb8-1cb145224b97""]",government_record,Census Public_AR_Current match for 323 North High Street,https://geocoding.geo.census.gov/geocoder/,United States Census Bureau,us_census_geocoder,public-domain-us-government,United States Census Bureau,,2026-08-23,70c9ee69586590257deb71dc27cb0878d8d205b8c16be886dc909e8e00b37833
1df077b4-ffa3-5938-a5fe-88d5b4028ad4,"[""context:geometry_identity""]","[""b3b98301-a692-5790-88e7-656d77e8fb69""]",openstreetmap,OpenStreetMap address-object containment proof for NTT Frankfurt 1,https://www.openstreetmap.org/way/697501723,OpenStreetMap contributors,openstreetmap,ODbL-1.0,© OpenStreetMap contributors,,2026-08-20T23:57:12Z,c63c5411afcf91dc35a0e16a7c27e4d8234e4810810a9feb97a568ac7920d582
1e5b63b2-b334-52e0-94a1-f78d02457964,"[""geometry""]","[""3941c42e-216d-52fa-b0d8-d7555b441a1a""]",company_disclosure,maincubes Factsheet BER02,https://www.maincubes.com/wp-content/uploads/2026/02/maincubes_factsheet_ber02_en.pdf,maincubes,maincubes_data_center_factsheets,all-rights-reserved,maincubes,,2026-07-19T20:43:30Z,32e7ca51d69ebf49621a17a97f7fb7db4a5d948ec4a88886b6a020e3da4cf43a
1f776e1f-3f79-53d1-880c-e90b0fd8b958,"[""workload"",""workload_scope:intended""]","[""37e33657-b788-57e6-98f2-b78834cdecda""]",company_disclosure,AVAIO Digital Breaks Ground on $6 Billion Brandon Data Center Campus; Leading Mississippi Contractor Begins Site Work,https://www.avaiodigital.com/updates/avaio-digital-breaks-ground-on-6-billion-brandon-data-center-campus-leading-mississippi-contractor-begins-site-work,AVAIO Digital Partners,avaio_digital_updates,all-rights-reserved,AVAIO Digital Partners,2025-09-10,2026-07-20T05:42:11Z,6a079899544c4c251df2c9c2fe959df702f4695ced5acc1a3bf570f3704acf81
1fc139c6-ea1d-5f7c-ac84-745cf2602806,"[""geometry""]","[""56c5832c-3562-5e11-80eb-f2137319a41a""]",government_record,IDECA Placa Domiciliaria address point AAA0137OYMRPD01,https://serviciosgis.catastrobogota.gov.co/arcgis/rest/services/catastro/placadomiciliaria/MapServer/0/query?where=PDOCODIGO%3D%27AAA0137OYMRPD01%27&outFields=OBJECTID%2CPDOCODIGO%2CPDOTEXTO%2CPDOCINTERI%2CPDONVIAL%2CPDOCLOTE%2CPDOTIPO&returnGeometry=true&outSR=4326&f=geojson,Unidad Administrativa Especial de Catastro Distrital (UAECD),ideca_placa_domiciliaria_arcgis,CC-BY-4.0,"Unidad Administrativa Especial de Catastro Distrital (UAECD), IDECA; CC BY 4.0",,2026-08-23,e3c6fd2c9d43b1805aab2f4329deaf45b6888d5303ba9e4e3d63c22cbd528f26
209c7f3e-18eb-533c-bb99-0b302fc22d7b,"[""context:campus_address_identity"",""physical_status""]","[""ba5ddf33-10ec-5fb8-b880-98a04df096b8""]",company_disclosure,TRG Data Center Campus — HOU2 Brochure,https://www.trgdatacenters.com/wp-content/uploads/2026/01/TRG-Campus-HOU2-Brochure.pdf,TRG Datacenters,trg_datacenters_official_brochures,all-rights-reserved,TRG Datacenters,,2026-07-20T17:32:09Z,5864de217fc954c10498ada7c05978ea634077106de20aae26c5bebb02ded605
2143d0c4-d059-55ca-8019-5785af3e2ed2,"[""physical_status""]","[""6b62c459-dc75-5f31-87d4-d6dbf47de8b0""]",company_disclosure,"Yesterday, EdgeCore celebrated the topping out of our AS02 data center in Ashburn, VA!",https://www.linkedin.com/posts/edgecore-digital-infrastructure_yesterday-edgecore-celebrated-the-topping-activity-7478135212778938368-t979,EdgeCore Digital Infrastructure,edgecore_digital_infrastructure_linkedin,all-rights-reserved,EdgeCore Digital Infrastructure via LinkedIn,2026-07-01T17:19:31.744Z,2026-07-20T06:04:09Z,e2e7be3885f8fb982770cc0655622db43906982977de0f4af519f1495f9407cf
2157a790-74df-5026-b2b6-58b1bb82519d,"[""geometry""]","[""08d881e7-8a1c-50da-81a5-d2ef49f22a7a""]",government_cadastral_open_data,Cadastre Etalab parcel 91661000AP0008,https://cadastre.data.gouv.fr/data/etalab-cadastre/latest/geojson/communes/91/91661/cadastre-91661-parcelles.json.gz,Direction générale des Finances publiques (DGFiP) / data.gouv.fr,etalab_dgfip_cadastre_geojson,etalab-2.0,"Direction générale des Finances publiques (DGFiP), Cadastre Etalab, millésime 1 June 2026",,2026-08-20T21:44:03Z,f779721f25089d9e94057a3cb6094542ac97eb88a49cb9566bb3e28a2c94462a
2184bacc-e338-5f73-bb78-327e08fc392a,"[""geometry""]","[""2cac8eb7-dff6-50bc-be49-b45f6e353982""]",company_disclosure,Ascenty Campus Vinhedo factsheet,https://ascenty.com/wp-content/uploads/2025/02/EN-Campus-Vinhedo_compressed.pdf,Ascenty,ascenty_campus_factsheets,all-rights-reserved-fact-extraction-only,Ascenty,,2026-09-07T02:50:21Z,c30210635d897e4545605e8f035a1678a7e0449d950f206fd4f27cb782c66e3a
21f09e98-2096-55c8-a0a7-41be03842204,"[""physical_status""]","[""c71872a1-fc95-5d5b-8ee8-6b5082e974df""]",company_disclosure,Horizontal works begin on Datagrid's AI data centre campus in Makarewa,https://www.datagrid.nz/pr1-rc/horizontal-works-begin-on-datagrids-ai-data-centre-campus-in-makarewa,Datagrid New Zealand,datagrid_new_zealand_project_updates,all-rights-reserved,Datagrid New Zealand,2026-08-19T16:07:34+12:00,2026-09-06T13:58:47Z,38a918e1f7afb8c263364efa16e4b1845a59fdb2668e90e462666abb42723500
23365ee9-f538-56fe-acec-e41f43182ded,"[""geometry""]","[""fe6f26cf-4be9-51a3-857e-fca7ee21726b""]",government_record,NLS INSPIRE Cadastral Parcels feature 205-7-4-1,https://inspire-wfs.maanmittauslaitos.fi/inspire-wfs/cp/ows?service=WFS&version=2.0.0&request=GetFeature&typeNames=cp%3ACadastralParcel&outputFormat=application%2Fjson&CQL_FILTER=nationalCadastralReference%3D%2720500700040001%27,National Land Survey of Finland (NLS),nls_inspire_cadastral_parcels_wfs,CC-BY-4.0,"Contains data from the National Land Survey of Finland INSPIRE Cadastral Parcels (CP) WFS, licensed under the National Land Survey open data Attribution CC 4.0 licence; retrieved 2026-08-23.",,2026-08-23T22:43:14.877Z,2f83cf299f5258c92fd4c61306c5a5aed91bd20a56c48dae51b94c99714164af
25d30d41-6ee8-521c-a8d5-5fc372370ebb,"[""context:source_location_identity"",""physical_status""]","[""c794c146-24e6-5cb8-8cd9-a12a266bba83""]",company_disclosure,Digi Power X Provides Operations and Financial Update,https://thankful-miracle-1ed8bdfdaf.media.strapiapp.com/Digi_Power_X_Provides_Operations_and_Financial_Update_4a179c433b.pdf,Digi Power X Inc.,digipowerx_press_releases,all-rights-reserved,Digi Power X Inc.,2026-07-07,2026-07-20T08:30:56Z,ebcddc3bc3e8d35325e56fe7b81803a90a3a69938d1451401051f8eea135f734
26d88bed-8fc2-5e71-8683-68d3b9bb1ee3,"[""geometry""]","[""94c0f50d-843b-57cd-bfcd-4bd3b7b9d9f0""]",government_record,APA AIA 3633 drawing 22045-EP-AMB-DES-001-01-A,https://siaia.apambiente.pt/AIADOC/AIA3633/22045-ep-amb-des-001-01-a202382212930.pdf,Agência Portuguesa do Ambiente (APA),apa_siaia_aia_3633_project_drawings,rights-status-uncertain-fact-extraction-only,Agência Portuguesa do Ambiente; Start Campus / TPF project drawing,2023-06,2026-08-23,db4ba67fd29a7ef8037d3a53e13940e772b58867e1ebf212dd27b4773f09adb6
275a19af-0f87-5309-a7b4-a466dea142d5,"[""context:geometry_identity""]","[""d024514a-30a3-514d-b65e-2743133f6800""]",government_record,Loviisa building permit 2025-157,https://loviisa.oncloudos.com/fi/kokous/20251258-4-67458.PDF,City of Loviisa,loviisa_building_control_decisions,rights-status-uncertain-fact-extraction-only,City of Loviisa,,2026-08-23,1694e8038e5f30d2996103a7f27478530c088f19b2d4e64f0870d78a2ba6c42f
276847d4-183f-5995-ab80-90d4636b467b,"[""role:operator""]","[""65e8849e-2ebe-5d58-be63-299cbbcf8d23""]",company_disclosure,CoreSite DE3 - Denver Data Center,https://www.coresite.com/data-center/de3-denver-co,CoreSite,coresite_official_website,all-rights-reserved,CoreSite,,2026-07-20T10:42:21Z,99720e18665fabb5cb2d09308b60326c9bcb226dd1ff2648fa95ba3b21fdb894
2803efb1-75a9-5146-8bbd-483714ab9841,"[""geometry""]","[""edf978b4-fbe8-5f8a-9fe0-bd1e9f33e1d2""]",government_record,Census Public_AR_Current match for 975 Thornwood Drive,https://geocoding.geo.census.gov/geocoder/,United States Census Bureau,us_census_geocoder,public-domain-us-government,United States Census Bureau,,2026-08-23,75521d137c83d066a96548ad00594813dc9a22e7c1c57170d6ecf66191bd14da
28e90c7d-c059-5cbb-a53d-9d6a9913e7f3,"[""physical_status""]","[""3941c42e-216d-52fa-b0d8-d7555b441a1a""]",company_disclosure,Next-level data center Berlin BER02,https://www.maincubes.com/en/data-centers/berlin-cloud-ai-provider-campus-ber02/,maincubes,maincubes_data_center_pages,all-rights-reserved,maincubes,,2026-07-19T20:43:30Z,cbf094f1a609a272739054b5c5f2f33f5663c9b2d9eee7a0dfa1a5d295f80efb
29445792-c8cc-5589-894d-d8094d059dbf,"[""context:campus_address_identity""]","[""9ddf0df3-e40c-515f-9468-ed78f063513b""]",company_disclosure,Dallas TX4 Data Center,https://services.global.ntt/en-us/services-and-products/global-data-centers/global-locations/americas/dallas-tx-4-data-center,"NTT DATA, Inc.",ntt_global_data_center_location_pages,all-rights-reserved,"NTT DATA, Inc.",,2026-07-20T05:41:07Z,8477b8e75e9f30ee2c38136b7001042a18d16aafabf66725cd56e5b15115787f
295b555a-ca97-5752-b525-24ab75f62a71,"[""geometry""]","[""b5625b8f-5e00-5fbe-b313-ba7adb980583""]",government_record,Fortaleza municipal SFORPF01 surveyed site plan,https://urbanismoemeioambiente.fortaleza.ce.gov.br/images/urbanismo-e-meio-ambiente/infocidade/cppd/PROJETO_ARQUITETONICO_FL01-02.pdf,Prefeitura de Fortaleza - SEUMA,fortaleza_cppd_project_plans,all-rights-reserved,Prefeitura de Fortaleza - SEUMA; Scala Data Centers,,2026-07-21T09:27:36Z,039df7d2426a28c602fcdb2bafee8cb9bb2ce72ca3d3d2d55d1d44442c2d8b24
299ff180-d01b-5474-b229-12fed55b6f7c,"[""context:source_location_identity"",""physical_status""]","[""9283d3fe-3789-54c7-abf4-8bb757e29835""]",government_record,Jefferson Lab breaks ground on new building to power next-generation scientific discovery,https://www.jlab.org/news/releases/jefferson-lab-breaks-ground-new-building-power-next-generation-scientific-discovery,Thomas Jefferson National Accelerator Facility,jefferson_lab_news_releases,all-rights-reserved,Thomas Jefferson National Accelerator Facility,2026-06-12,2026-07-21T00:05:02Z,1c9034ba0e4bd2c0d210dc7a3dfe74f9a98c25913b57284661165f9c6bb01f48
29bdb34b-54f1-5e00-b28e-877efbf2e828,"[""geometry""]","[""4eeb97fa-8e1d-53de-ae86-eebc40e97d6f""]",government_record,Energieatlas Rheinland-Pfalz project 149,https://www.energieatlas.rlp.de/geoserver/earp/ows?service=WFS&version=1.0.0&request=GetFeature&typeName=earp%3Apraxisbeispiele&srsName=EPSG%3A4326&outputFormat=application%2Fjson&cql_filter=id%3D149%20AND%20typ%3D%27unternehmen%27,Energieagentur Rheinland-Pfalz,energieatlas_rlp_praxisbeispiele_wfs,all-rights-reserved-fact-extraction-only,Energieagentur Rheinland-Pfalz,,2026-08-23,0ce08cddbf9abfd8377c390c2f7def9ba1df95ee6447a0400ae8d2a00ebacbde
2b138f72-e7f8-560c-8f63-0cbe196b245e,"[""context:source_location_identity"",""physical_status""]","[""2cac8eb7-dff6-50bc-be49-b45f6e353982""]",company_disclosure,Ascenty Secures 150 Megawatts of New AI Contracts with Leading Global Hyperscalers,https://ascenty.com/en/blog/news-ascenty-en/ascenty-ai-contracts/,Ascenty,ascenty_newsroom,all-rights-reserved,Ascenty,2026-05-28T12:05:17+00:00,2026-07-20T18:06:07Z,966870f4e9dc712246aaa91720f200ebb422da97c408f2ddedb8b9b1daa0e132
2c1a0857-1368-581b-adfa-96bf72cc9c16,"[""geometry""]","[""7d936c4e-29f2-592f-984b-61f5d6367fc8""]",openstreetmap,OpenStreetMap way 1528327802: The Barn Data Center,https://www.openstreetmap.org/way/1528327802,OpenStreetMap contributors,openstreetmap,ODbL-1.0,© OpenStreetMap contributors,2026-06-11T00:48:00Z,2026-07-18T18:15:02.152575Z,04f03a496617fcc7159f1762127d29f861002822d76203c2cceda97689a309e7
2d022ff4-45fb-5337-adb2-b49bfa3546d9,"[""context:source_location_identity"",""physical_status""]","[""e2c7ea58-17cc-594d-8b98-56ca08988c99""]",government_record,Haidong mayor visits computing-industry construction sites,https://www.huzhu.gov.cn/info/1007/85926.htm,Huzhu County People's Government,haidong_government_project_updates,all-rights-reserved,Huzhu County People's Government,2026-06-24,2026-07-21T15:55:09Z,0c6f983f91c9f2804287c2cbd8420c6006af2f500cb2b265aebb1d1a4bb2c9ba
2e36f168-e466-556c-a835-1214c23e679a,"[""context:source_location_identity""]","[""df2b8f33-9c46-5f6a-9853-b47474606979""]",company_disclosure,NXDATA-3 Bucharest Data Center,https://nxdata3.com/,NXDATA SRL,nxdata3_project_pages,all-rights-reserved,NXDATA SRL,2025-06-26T11:02:06Z,2026-07-22T04:32:17Z,26c2e1cc1fb21ad42575e0cf022cff148da4a13ef396abc216223385ed6827fd
2f4528c3-705c-5b59-95c2-1b4a37661ccf,"[""geometry""]","[""a072994f-1b7d-5cc8-98b7-bc79c666c6c3""]",government_record,"PDOK BAG address Plimsollweg 3, Amsterdam",https://api.pdok.nl/bzk/locatieserver/search/v3_1/lookup?id=adr-26c03da8f403dfbe0de863d7b9cff485&fl=%2A,"PDOK / Netherlands Cadastre, Land Registry and Mapping Agency",pdok_bag_location_server,Public-Domain-Mark-1.0,BAG address data via PDOK; Public Domain Mark 1.0,,2026-08-23,e1bdb1cd3c3b8fbf48d8a38c7343f6794514f844e261600809edf94d66aff9e5
31feb8fa-3920-5576-aa53-b7ac0b67e434,"[""physical_status""]","[""c160d8d5-7572-53c2-8051-cd7990b1f771""]",company_disclosure,ODATA DC SP04 Phase 2 site mobilization,https://www.linkedin.com/embed/feed/update/urn:li:activity:7473377620018077696,ODATA - An Aligned Data Centers Company,odata_linkedin_company_posts,all-rights-reserved,ODATA - An Aligned Data Centers Company,2026-06-18,2026-07-21T19:42:31Z,fb73fcb98ed6b67d10bc52d27795e4d444ab10def6d00eeccf74349aaf723458
34a0d6a4-02e3-57e3-8b39-6c7e64363b3a,"[""geometry""]","[""9283d3fe-3789-54c7-abf4-8bb757e29835""]",government_record,Census Public_AR_Current match for 12000 Jefferson Avenue,https://geocoding.geo.census.gov/geocoder/,United States Census Bureau,us_census_geocoder,public-domain-us-government,United States Census Bureau,,2026-08-23,b1b7f05939322797233febc86f63dd51296c13424a3d2f32d13fdbee4087b2a6
35039ae0-f0db-5291-9008-a188022fead7,"[""context:source_location_identity""]","[""6b62c459-dc75-5f31-87d4-d6dbf47de8b0""]",company_disclosure,Ashburn Data Centers,https://edgecore.com/locations/ashburn-data-center,EdgeCore Digital Infrastructure,edgecore_location_pages,all-rights-reserved,EdgeCore Digital Infrastructure,,2026-07-20T06:04:09Z,e02d1a93ee961d6f0961fc924575b33781e1c026f87f18035f964b4bd02ca160
35c41e3e-909b-57dd-b9a0-879467ec17cb,"[""geometry""]","[""f8377a0f-dc89-5b7a-8257-25f25cdbac43""]",government_record,Census Public_AR_Current match for 3287 Beech Road,https://geocoding.geo.census.gov/geocoder/,United States Census Bureau,us_census_geocoder,public-domain-us-government,United States Census Bureau,,2026-08-23,639b956e41113b6ebc44c5c7e9da794248c1222203fd287c250cbdbbbc99c025
35d502eb-803a-5c40-8dc1-f0825babb831,"[""context:project_and_campus_identity"",""typed_metric:grid_connection_mw""]","[""1f33fed8-b0f9-50e2-8fac-56d135325c27""]",company_disclosure,"IIJ Announces Plans for Phase 3 Server Building Construction, Expanding the Shiroi Data Center Campus to Meet Growing Demand for IIJ Services",https://www.iij.ad.jp/en/news/pressrelease/2025/0508.html,Internet Initiative Japan Inc.,iij_press_releases,all-rights-reserved,Internet Initiative Japan Inc.,2025-05-08,2026-07-20T01:03:36Z,7c9f965f4d6c229f0aaab2ecd4584d9943c6d6fca13ed6c528316c72956d18b8
39ca2ddf-3a1e-5d9c-983e-4a30ae537dc7,"[""typed_metric:critical_it_mw""]","[""65e8849e-2ebe-5d58-be63-299cbbcf8d23""]",company_disclosure,Denver DE3 Facility Specification,https://www.coresite.com/hubfs/-website-documents/facility-specifications/sp-CoreSite-Denver-DE3-Spec-Sheet.pdf,CoreSite,coresite_official_website,all-rights-reserved,CoreSite,,2026-07-20T10:42:21Z,3883645e759b91f59887b225c46b5bdfb98f6168bacd0057bbf0780162cff2d1
39cdd4b0-60f0-5d50-9a38-59d72c0a9d53,"[""context:geometry_identity""]","[""01baa3bb-ea56-5f41-8c67-82dd84f87d51""]",government_record,City of Chicago Building Footprints row BLDG_ID 871169,https://data.cityofchicago.org/resource/syp8-uezg.json?bldg_id=871169,City of Chicago,city_of_chicago_building_footprints,SEE_TERMS_OF_USE,City of Chicago,,2026-08-20T23:30:13Z,9d9838b72d74b3be5db4c5c0cbad94a866ad31c2af0ed623bdef68e2e2b5feaa
3c85c95a-5036-5cf2-b9b8-c15070c6aaea,"[""context:source_location_identity"",""physical_status""]","[""c30aeadf-c2f6-58a5-a8b1-227868f477c1""]",company_disclosure,Bitzero Nordic infrastructure update,https://www.newsfilecorp.com/release/301582,Bitzero Holdings Inc.,bitzero_newsfile_releases,all-rights-reserved,Bitzero Holdings Inc.,2026-06-15,2026-07-22T03:29:10Z,402e9589e0cf82c663020a5d98352545e6b1ca582e5e835cd5f8f55ccd4be852
3cb5d028-a110-558f-b9c3-69f22e0c699a,"[""context:source_location_identity"",""physical_status""]","[""acf9eda7-3b44-5e9b-8c40-62783a7e0aa0""]",company_disclosure,CRA reports active execution at the Prague Gateway DC site,https://www.linkedin.com/embed/feed/update/urn:li:activity:7496145983718969344,CRA,cra_linkedin_company_posts,all-rights-reserved,CRA,2026-08-20,2026-09-07T02:18:47Z,2fd6c4a5b292384b2ee76ed9841171ccaaf791d51cf9631634c10a46243703a4
3cdab590-3e47-5972-8a2a-f164a6a59916,"[""physical_status""]","[""c04bedc0-51b3-5d4d-996c-1d1e56de96c0""]",company_disclosure,Goodman advances HKG09 data centre to meet growing demand for digital infrastructure in Hong Kong,https://hk.goodman.com/en/about-goodman/media-centre/news/2026/20260716-goodman-advances-hkg09-groundbreaking,Goodman Group,goodman_hong_kong_news,all-rights-reserved,Goodman Group,2026-07-15,2026-07-20T09:18:30Z,20e2094f5d2af2bec605bf094444e909a6598cbcb3b85f4e9ac6610f013ef51e
3d7442c7-1c78-5134-8b9c-12581486464e,"[""context:geometry_identity""]","[""1861d9fb-3980-5a16-baa1-c32762e244c1""]",government_record,City of San Jose Major Private Development record for CP23-016,https://geo.sanjoseca.gov/server/rest/services/OPN/OPN_OpenDataService/MapServer/455,City of San Jose,city_of_san_jose_major_private_developments,rights-status-disclaimer-fact-extraction-only,City of San Jose,,2026-08-23,7ce046444d2a1ee327d8994d17d2d13a2016367b8c43c2aef047eab52ec1da08
3e94a8d5-3bd1-5dd6-9344-821712f9d029,"[""context:geometry_identity""]","[""c71872a1-fc95-5d5b-8ee8-6b5082e974df""]",government_record,Application - Datagrid New Zealand Partnership Limited,https://www.southlanddc.govt.nz/assets/Planning-Resource-Consent/datagrid/01-Application/0-Application-Datagrid-New-Zealand-Partnership-Limited.pdf,Southland District Council,southland_district_council_resource_consent_records,all-rights-reserved,Southland District Council,,2026-09-07T02:58:29Z,0be599c4ee13fec35028279ab6a0db7bfed287f885651ec8f26ee6f5e0fac994
3e9e4354-55cc-5daf-84a6-66acd2f67fe4,"[""physical_status""]","[""257f3255-46fe-585e-bdf5-9689b34edbdc""]",company_disclosure,San Bovio datacenter construction update,https://local.microsoft.com/blog/san-bovio-datacenter-construction-update/,Microsoft,microsoft_local_project_updates,all-rights-reserved,Microsoft Local,2024-04-29T15:22:24+00:00,2026-07-19T16:00:01Z,6192e61642f75629465c903d6c210c8457400a7745936d91cf08fed1f7cd1221
3f9c9345-6060-57f1-af90-8f61f17e2cab,"[""geometry""]","[""59a74e45-2dd2-5204-9c65-5430e8fc3148""]",company_facility_page,"Cape Town Data Centre Locations — CT1, Rondebosch",https://www.teraco.co.za/data-centre-locations/cape-town/?tab=rondebosch-ct1,Teraco,teraco_facility_pages,all-rights-reserved,Teraco,,2026-08-20T21:05:57Z,f14b01ef0a11074e80272cde5d9b57474bc433d8691076ef56e7a53b34449262
40643f27-70ef-5a86-9901-863476f5ddf1,"[""physical_status""]","[""35c427dc-af95-5011-b3ab-3fa7c90fcb30""]",company_disclosure,TAB commissioning services for Regional Data Hub 2,https://www.linkedin.com/embed/feed/update/urn:li:activity:7470418236245942286,TAB Egypt,tab_egypt_official_linkedin_updates,all-rights-reserved,TAB Egypt,2026-06-10,2026-07-21T16:40:42Z,41f75217480fcf6e837838a715524a16db96ccdb6fbd7baa46bc460732b8f0fe
40f1c2ae-aacb-5aac-8edd-60e4a405c7fc,"[""geometry""]","[""3b636397-fbb2-5564-a352-fa1382a218b5""]",government_record,Wisconsin DNR Lighthouse Data Center environmental review page,https://dnr.wisconsin.gov/topic/EIA/Portwashington.html,Wisconsin Department of Natural Resources,wisconsin_dnr_environmental_impact_analysis_pages,public-government-record-fact-extraction-only,Wisconsin Department of Natural Resources,,2026-09-07T02:50:23Z,7452e95750d278a03a1e803d08280b325cc0013f9e842d52da8e637e5f9ca679
4197607a-032d-53c9-9fb8-681a6311e78a,"[""physical_status"",""workload"",""workload_scope:intended""]","[""c73ac912-e44d-5477-84f5-c5beb4813518""]",company_disclosure,Salem Township Innovation Campus,https://www.amazoninnovationinpa.com/salem-township-innovation-campus/,Amazon Innovation Campuses in Pennsylvania,amazon_pennsylvania_innovation_campus_site,all-rights-reserved,Amazon Innovation Campuses in Pennsylvania,,2026-07-19T13:39:24Z,e1bc1e1c67c61793166dc0cc7a0aed4092ab5e50c4aa68302ff39c0b629a1364
420301bd-49ca-5323-8bea-6109ff72a96f,"[""context:source_location_identity"",""physical_status""]","[""d1538d73-e301-5203-9e49-924b20051374""]",company_disclosure,Breaking Ground on Meta’s First Data Center in Canada,https://about.fb.com/news/2026/07/breaking-ground-on-metas-first-data-center-in-canada/,Meta,meta_newsroom_data_center_disclosures,all-rights-reserved,Meta,2026-07-08T19:30:30Z,2026-07-19T18:47:40Z,2ee9ab456d8d58d14a4813432de9160dd645651b266f7c1d19616fb6bab49a42
4302b7fb-1bf4-5dc7-abf5-9ba24f4556fa,"[""physical_status""]","[""b284fbeb-8cd9-5448-860d-b4f69bb8bd7a""]",company_disclosure,"Mercury marks significant milestone at Equinix's MU4.3 Data Centre Delivery in Munich, Germany",https://www.mercuryeng.com/2026/07/16/mercury-marks-significant-milestone-at-equinixs-mu4-3-data-centre-delivery-in-munich-germany/,Mercury Engineering,mercury_data_center_delivery_updates,all-rights-reserved,Mercury Engineering,2026-07-16T09:34:26Z,2026-07-20T06:08:14Z,f34a6e2809d6b8e62fff00f22adfa92a5de72bafbab9b78e3bae2c1da0185a7c
431690d2-aa37-5626-905e-69ddc5f30a41,"[""context:source_location_identity"",""physical_status""]","[""f8377a0f-dc89-5b7a-8257-25f25cdbac43""]",company_disclosure,New Albany datacenter construction update,https://local.microsoft.com/blog/newalbany-datacenter-construction-update/,Microsoft,microsoft_local_project_updates,all-rights-reserved,Microsoft Local,2023-04-05T17:56:46+00:00,2026-07-19T16:00:01Z,8dd20a8d7323ca08508cf4c2515f36fcb0d81577e8e75a73cb22485afbf286d6
4319b4ff-25cd-51ce-bf9b-e17197ff1fbf,"[""physical_status"",""typed_metric:critical_it_mw""]","[""d2915b77-394c-5202-8c38-cbd3277121c7""]",company_disclosure,SK ecoplant AI data-center competitiveness interview,https://news.skecoplant.com/board/19247,SK ecoplant,sk_ecoplant_newsroom,all-rights-reserved,SK ecoplant,2026-07-09,2026-07-21T07:02:22Z,a86acc48fadb7fe6143016fd05e4af6aaf18e624cc4ca6f4ecae4b03a7f69b9a
43eab287-205f-5205-ac24-2c93dca605bd,"[""physical_status"",""typed_metric:critical_it_mw""]","[""a848e771-2e45-55fb-8d43-db0885bb824f""]",company_disclosure,QScale Q01 Building B construction update,https://www.qscale.com/news/q01-building-b-60mw-ai-ready-infrastructure,QScale,qscale_company_news,all-rights-reserved,QScale,2026-06-04,2026-07-21T18:24:44Z,71cd3c449fce72037b102a9832ab0366ddfb3296002b3783f4d3be28831fe5db
44aa682e-8b37-582c-9e56-2a8757f401d8,"[""context:source_location_identity"",""physical_status""]","[""4afd2551-1442-5f67-a1d9-0d245835088d""]",company_disclosure,250 million euros for AI infrastructure: firstcolo breaks ground on FRA7 data center in Hesse,https://firstcolo.net/en/250-million-euros-for-ai-infrastructure-firstcolo-breaks-ground-on-fra7-data-center-in-hesse/,firstcolo,firstcolo_news,all-rights-reserved,firstcolo,2026-06-15,2026-07-19T20:35:17Z,c129305ab7980df1d4e46272c57a0f9c2dd05dbf0e25bd021d9ae420fc537c34
458f3a8b-8978-5fa6-a7f9-35d2f1801375,"[""geometry""]","[""98e47ac5-8576-53f7-ab71-9f3d683b5ec5""]",government_record,VZD address point AD101873308 for AST Jāņciems,https://geo-dpps.viss.gov.lv/api/DPPSPackage/client/Adresu_tel_418_k6gL2A/3d692785-0c95-44a8-816c-f2f91493c4ce?service=WFS&version=2.0.0&request=GetFeature&typeNames=ad%3AAddress&featureID=AD101873308,Valsts zemes dienests,latvia_vzd_address_register,CC-BY-4.0,"Valsts zemes dienests (State Land Service), CC BY 4.0",,2026-07-21T19:25:00Z,bc27b4271cbfec3e1452f53897e199e0e9d075fd05691fa35e81d431a8e20f98
465b57e0-58b6-56aa-8b00-728b9cc9c201,"[""physical_status""]","[""0bac3fe4-c3dd-54ba-a500-e37599191432""]",company_disclosure,London Hayes Data Centre Construction Timeline | Data Centre London | Colt DCS,https://www.coltdatacentres.net/en-GB/our-locations/data-centre-locations-europe/london-4/timeline,Colt Data Centre Services,colt_data_centre_construction_timelines,all-rights-reserved,Colt Data Centre Services,2023-05-05T10:24:50Z,2026-07-19T17:00:24Z,4f4e24a958e8544022e2b39e10d10bc4bd881c647f11ac2ab81765a9ff0e2b5c
46947788-7664-564d-8408-61a49b6fc3ab,"[""context:source_location_identity"",""physical_status""]","[""86bcbcd1-702d-5afa-aeb8-1cb145224b97""]",company_disclosure,Hebron datacenter construction update,https://local.microsoft.com/blog/hebron-datacenter-construction-update/,Microsoft,microsoft_local_project_updates,all-rights-reserved,Microsoft Local,2025-11-13T15:58:44+00:00,2026-07-19T15:59:59Z,4fcfb1a9b1f146ac4c280dce6a572a61a06c57a7a27dbbac36c31e25cea8bd0b
4723a143-571a-5f76-97c2-12aea18b3a8b,"[""context:source_location_identity"",""physical_status""]","[""56c5832c-3562-5e11-80eb-f2137319a41a""]",company_disclosure,Scala Data Centers Portfolio,https://scaladatacenters.com/en/data-centers-en/,Scala Data Centers,scala_data_center_portfolio_pages,all-rights-reserved,Scala Data Centers,,2026-07-21T07:52:27Z,8a78e94b27e3cc375549845cf680b76eb678b19605de0c1411dbc6aafc84972b
477ad52f-a618-5140-bd2f-645a05bc2dd4,"[""context:source_location_identity"",""physical_status""]","[""eb451867-d1d3-5e41-bce7-d375e861167a""]",company_disclosure,Microsoft Conover Lyle Creek Data Center official construction update,https://local.microsoft.com/blog/lyle-creek-datacenter-construction-update/,Microsoft,microsoft_local_project_updates,all-rights-reserved,Microsoft,2026-06-30,2026-07-22T00:44:38Z,159aea8b6ba5a8d7a8fef6c25dfdcc32624e5d726e08051f4f31ce045e5c5ad5
4bbf6d0c-4fcb-5dd0-9504-4322a80117b8,"[""geometry""]","[""f9e7c64e-3dc3-5d47-a4de-4c72a4284231""]",company_facility_page,VIE13 Data Center | Siemensstrasse 91 | Digital Realty,https://www.digitalrealty.com/data-centers/emea/vienna/vie13,Digital Realty,digital_realty_facility_pages,all-rights-reserved,Digital Realty,,2026-08-20T22:43:07Z,92f979ca204e971edfd529cedbf60129de3dd27d8f78a277154c87042bafc984
4bd37265-9c6e-556b-8899-8015ffc11cae,"[""physical_status""]","[""1f33fed8-b0f9-50e2-8fac-56d135325c27""]",company_disclosure,Risk Factors - Management Policy,https://www.iij.ad.jp/en/ir/policy/risk/,Internet Initiative Japan Inc.,iij_investor_relations,all-rights-reserved,Internet Initiative Japan Inc.,2026-06-25,2026-07-20T01:03:36Z,d665d479045420e991eba21ab02f6fe3bc01607cf2cb7382895427a8defb33e3
4dc1eca1-c6f3-57e0-8ba9-e62e3f9ad8b8,"[""context:source_location_identity""]","[""c160d8d5-7572-53c2-8051-cd7990b1f771""]",company_disclosure,ODATA DC SP04 current facility specification,https://odatacolocation.com/blog/data-center/dc-sp04/,ODATA,odata_current_facility_pages,all-rights-reserved,ODATA,2025-04-29,2026-07-21T19:42:30Z,c5e29b0a99da06e9ec93cb86bccc96a03b110c1179f44b1e9059213cf76ec2bc
4ea54f07-1a89-5363-94ed-ba23c10b334d,"[""context:geometry_identity""]","[""7c7b8437-ca56-55a0-aa36-54155f43760e""]",government_record,Kouvola building permit for Lossitie 26,https://ep10.kouvola.fi/kokous/20261369-9-158346.PDF,City of Kouvola,kouvola_building_control_decisions,rights-status-uncertain-fact-extraction-only,City of Kouvola,,2026-08-23,2305975f68b9880463abbe24359a83cfc760214da02228eb0009a3014245de79
4fa044ee-8801-5e39-96e9-3b41014d5a96,"[""context:source_location_identity"",""physical_status""]","[""94c0f50d-843b-57cd-bfcd-4bd3b7b9d9f0""]",company_disclosure,Start Campus SIN02 construction and development fully underway,https://www.linkedin.com/feed/update/urn:li:activity:7475104761256718337,Start Campus,start_campus_official_linkedin_updates,all-rights-reserved,Start Campus,2026-06-23,2026-08-23,1ea2692bbc2c76ffea74743dc44c64559b7dc95527a3500572158f97174c3d89
508e32e2-ef98-5db2-b6b1-50103f924aaf,"[""context:source_location_identity"",""physical_status""]","[""1861d9fb-3980-5a16-baa1-c32762e244c1""]",company_disclosure,HITT Contracting Breaks Ground on Microsoft Alviso Datacenter,https://www.hitt.com/news-hub/hitt-breaks-ground-microsoft-alviso-datacenter/,HITT Contracting,hitt_press_releases,all-rights-reserved,HITT Contracting,2026-06-10T14:00:00Z,2026-07-20T05:47:18Z,0b3e2fbd4eedc81f3a6ff29993c2e9c50b19215ed8e5d7543c7cebf1beaef14b
56fa3df3-1fe1-50af-80c1-0e2f0f14d610,"[""physical_status"",""role:operator""]","[""164033cb-411d-5ffb-ab5d-b04bdecfa1ac""]",company_disclosure,CDC Marsden Park Campus current status,https://cdc.com.au/locations/sydney/,CDC Data Centres,cdc_current_location_pages,all-rights-reserved,CDC Data Centres,,2026-07-21T17:12:46Z,66d6de9440d4496482af80159cbe361afdb8e36bdebd5edf81ac1c65f1337620
58cd4851-129d-59c4-9cb0-4f24070a71a9,"[""geometry""]","[""65e8849e-2ebe-5d58-be63-299cbbcf8d23""]",government_record,Denver tax parcel 0214400131000 at 4900 North Race Street,https://services1.arcgis.com/zdB7qR0BtYrg0Xpl/arcgis/rest/services/ODC_PROP_PARCELS_A/FeatureServer/245/query?where=SITUS_ADDRESS_ID%3D23973%20AND%20SCHEDNUM%3D%270214400131000%27&outFields=OBJECTID%2CSCHEDNUM%2CSITUS_ADDRESS_ID%2CSITUS_ADDRESS_LINE1%2CSITUS_CITY%2CSITUS_STATE%2CSITUS_ZIP%2COWNER_NAME%2CPARCELNUM&returnGeometry=true&returnCentroid=true&outSR=4326&f=json,City and County of Denver,denver_open_data_property_parcels,CC-BY-3.0,City and County of Denver,,2026-07-21T06:33:52Z,41387d3d2d09af9e88e494d24f29ccc6897f25b0b077edf5f9011a470de0c7e2
5b7da16c-3a43-5e42-97ad-816ae894e900,"[""geometry""]","[""1861d9fb-3980-5a16-baa1-c32762e244c1""]",government_record,City of San Jose address point for 1657 Alviso-Milpitas Road,https://geo.sanjoseca.gov/server/rest/services/OPN/OPN_OpenDataService/MapServer/36,City of San Jose,city_of_san_jose_open_data_addresses,city-open-data-disclaimer,City of San Jose,,2026-08-23,24cd686fd7dc424fc29639e238c2480aa1c1472d572168bfdab0e7a3ccf9f634
5b8fa185-405c-56fd-86c4-a0a295820be1,"[""geometry""]","[""35c427dc-af95-5011-b3ab-3fa7c90fcb30""]",open_map_record,OpenStreetMap way 545580264 Smart Village,https://api.openstreetmap.org/api/0.6/way/545580264/full.json,OpenStreetMap contributors,openstreetmap_way_full_api,ODbL-1.0,"Contains information from OpenStreetMap, which is made available under the Open Database License (ODbL).",2023-08-24T07:35:08Z,2026-08-23,a1dc95ddb661859dfe320048959ef6522d40e2361500db7747a09ddb5995cbe8
5d2dd8ab-e30c-5a8d-816e-6b5b744cc665,"[""physical_status""]","[""9be0ab88-c727-5dbc-8a12-e2443878b69f""]",company_disclosure,atNorth ICE02 - Data Center,https://www.mannverk.is/allprojects/atnorth2,Mannverk,mannverk_project_pages,all-rights-reserved,Mannverk,,2026-07-21T15:52:30Z,2dbd1ea0ce742bb65780d0a496e8fffb7f32f9a5e92cfcea8e58d1863c0e6fe0
5e1b3dfc-046d-5289-bcce-08208107f1bf,"[""typed_metric:critical_it_mw""]","[""b8399bc6-5c72-5627-a035-4fea208cd287""]",company_disclosure,Edged U.S. | Chicago,https://edged.us/chicago,Edged US,edged_us_location_page,all-rights-reserved,Edged US,,2026-07-20T09:40:57Z,d4110379d78f1108a4d6323c507dac307fafa23c5b4f07a1387793ad5165befe
5e48435e-d49f-5e10-aef3-9b672b64e571,"[""context:source_location_identity"",""physical_status""]","[""fb943def-5b5b-5192-8bb9-599e4cf616cc""]",company_disclosure,Bitdeer July 2026 infrastructure update - Massillon,https://www.sec.gov/Archives/edgar/data/1899123/000121390026079816/ea029852701ex99-1.htm,Bitdeer Technologies Group,sec_edgar_bitdeer_exhibit,all-rights-reserved,Bitdeer Technologies Group via SEC EDGAR,2026-07-21,2026-07-22T02:41:42Z,c8fe8dcc3d3e264850657dd741d185cc4450188bd0063cd218bf99810f3ea50d
603f155d-0c9d-5428-8e24-36a685af8aa7,"[""physical_status"",""typed_metric:critical_it_mw""]","[""b3b98301-a692-5790-88e7-656d77e8fb69""]",company_disclosure,Frankfurt 1 Data Center,https://services.global.ntt/en-us/services-and-products/global-data-centers/global-locations/emea/frankfurt-1-data-center,"NTT DATA, Inc.",ntt_global_data_center_location_pages,all-rights-reserved,"NTT DATA, Inc.",,2026-07-19T16:08:50Z,1cea8254e98afefb4287a71e73f0ca85c6180ce5a5293b384a5617900b69d920
6115b897-6dea-5f1d-8817-29c9e9ccd5d9,"[""context:geometry_identity""]","[""d1538d73-e301-5203-9e49-924b20051374""]",government_record,Development permit approval notice for 56111 Rge Rd 223,https://www.sturgeoncounty.ca/development-permit-approval-notice-for-56111-rge-rd-223/,Sturgeon County,sturgeon_county_development_permit_notices,government-copyright-fact-extraction-only,Sturgeon County,2026-06-16,2026-09-07T02:25:33Z,7efcc7d83996b817bf33374b88e0f2fec005eca9006afc2884393961ca8722fb
626c5c59-9386-58ac-9de1-f81bc82d4900,"[""geometry""]","[""484cf452-3a8f-5574-8003-a5b3f693c5d2""]",government_record,Census Public_AR_Current match for 624 Urban Industrial Way,https://geocoding.geo.census.gov/geocoder/,United States Census Bureau,us_census_geocoder,public-domain-us-government,United States Census Bureau,,2026-08-23,c002b13bb9723ebc52fa67512636ee29a13cadd5ebe9d2df050ce76e4606ae37
62b2a499-44a6-59c1-b956-78abbbc1b8d5,"[""physical_status"",""typed_metric:critical_it_mw""]","[""b5625b8f-5e00-5fbe-b313-ba7adb980583""]",company_disclosure,Scala Data Centers Portfolio,https://scaladatacenters.com/en/data-centers-en/,Scala Data Centers,scala_data_center_portfolio_pages,all-rights-reserved,Scala Data Centers,,2026-07-21T07:52:27Z,8a78e94b27e3cc375549845cf680b76eb678b19605de0c1411dbc6aafc84972b
646e7f86-8e12-5320-a580-ce00ffedf6ad,"[""geometry""]","[""f166440f-2ab0-57ea-9788-c66d89c8704f""]",government_record,Utah County address point 550 E Hyperscale Way,https://maps.utahcounty.gov/arcgis/rest/services/Parcels/Parcel_AddressPoints/MapServer/0/query,Utah County GIS Division,utah_county_parcel_address_points,county-public-gis-fact-extraction-only,"GIS Division, Utah County Information Systems Department",,2026-09-07T02:58:44Z,411b422d0166554c31b2989755309d9c40a1003218669f01b3aa624566e81225
64ff0af6-8438-5865-b01f-3d997ee799b2,"[""geometry""]","[""eb451867-d1d3-5e41-bce7-d375e861167a""]",government_record,USACE SAW-2023-00898 public notice indexed coordinate extract,https://saw-reg.usace.army.mil/PN/2023/SAW-2023-00898-PN.pdf,"U.S. Army Corps of Engineers, Wilmington District",usace_wilmington_regulatory_public_notices,US-federal-public-domain,"U.S. Army Corps of Engineers, Wilmington District",2023-06-01,2026-09-06,68304cc87cc3346f92ed9683f32cefd6651be03dd490a9108e17b9f2929ab623
654559c0-3ba5-519b-8215-80eaaf854f5a,"[""physical_status""]","[""ea4a0cc5-bb09-5a81-b385-38ae79baf22a""]",company_disclosure,IC3 Super West - Macquarie Park Data Centre Campus,https://www.macquariedatacentres.com/data-centres/sydney/macquarie-park-campus/ic3-super-west/,Macquarie Data Centres,macquarie_data_centres_facility_pages,all-rights-reserved,Macquarie Data Centres,2025-06-02T21:39:31+00:00,2026-07-20T00:53:38Z,aea8b63b826c60a6e2027712d124a087c032f2073b611a0ca81b0742a4f5d9f9
6600dddb-f2d8-5458-8e71-b43f77cc5e01,"[""geometry""]","[""5b758548-2a2a-5643-9ebb-d8381bbd2c52"",""938feeec-a323-56e0-b6ce-2590fe58e623"",""9ddf0df3-e40c-515f-9468-ed78f063513b"",""b75695b9-38e3-58ec-baf2-039179ab353a"",""ba5ddf33-10ec-5fb8-b880-98a04df096b8""]",government_record,United States Census Geocoder Public_AR_Current exact-address matches for the v0.12 locator batch,https://geocoding.geo.census.gov/geocoder/,United States Census Bureau,us_census_geocoder,public-domain-us-government,United States Census Bureau,,2026-08-23,db625d4738dc9a0eed46bd54216090509b1882f16c8b57578f43ac0fa76b0905
68917683-63f2-5256-90ed-6b310d354ebc,"[""typed_metric:critical_it_mw"",""typed_metric:grid_connection_mw""]","[""c04bedc0-51b3-5d4d-996c-1d1e56de96c0""]",company_disclosure,Global data centre pipeline,https://hk.goodman.com/our-properties/data-centres/global-data-centre-pipeline,Goodman Group,goodman_hong_kong_data_centre_pipeline,all-rights-reserved,Goodman Group,,2026-07-20T09:18:30Z,b5f76126cd9beb317eebcc1fd1579f7a1bd855dbb5584c32e342add9bb7353f5
689228be-5762-5bca-9f0c-c8efd81c2da7,"[""geometry""]","[""eb451867-d1d3-5e41-bce7-d375e861167a""]",government_record,Catawba County parcel containing the USACE project point,https://arcgis2.catawbacountync.gov/arcgis/rest/services/Catawba_Basic_MIL1/MapServer/2/query,Catawba County GIS,catawba_county_public_parcels,county-public-gis-fact-extraction-only,Catawba County GIS,,2026-09-07T02:43:58Z,0c24acb507b7c8455fab96a03a3388706a92d36d0b94e9b0367833d9c6dd1d3f
68b10772-f3b4-5152-bffe-23d34c4f8477,"[""geometry"",""physical_status"",""role:operator""]","[""37e33657-b788-57e6-98f2-b78834cdecda""]",company_disclosure,"Brandon, Mississippi Campus",https://www.avaiodigital.com/developments/brandon-mississippi,AVAIO Digital Partners,avaio_digital_development_pages,all-rights-reserved,AVAIO Digital Partners,,2026-07-20T05:42:11Z,3759697229a486e93438b910c97839b00f274c546ee487dcee8852199bc9e4c2
69b44d85-4d17-5832-aaf7-8c2ba2bcf14f,"[""geometry""]","[""83efe2e8-3b4b-5260-b4ca-d1dbc653b792""]",government_record,"ACMA Spectrum Licensing Register site 10038207, 598B Geelong Road Brooklyn",https://api.acma.gov.au/SpectrumLicensingAPIOuterService/OuterService.svc/SiteSearchJSON/10038207?searchField=SITE_ID,Australian Communications and Media Authority,acma_spectrum_licensing_api_site_search,ACMA-radiocomms-licence-data-terms,Australian Communications and Media Authority,,2026-09-07T02:50:19Z,d5e8cd732a84d67b15d2ede54030df677a4f782913997f82f70469055a236ecb
6a06bae8-a0c9-59d5-8c19-e82b2dc4e1eb,"[""context:source_location_identity"",""physical_status""]","[""d024514a-30a3-514d-b65e-2743133f6800""]",government_record,Meluavat työt datakeskuksen työmaalla jatkuvat,https://www.loviisa.fi/ajankohtaista/meluavat-tyot-datakeskuksen-tyomaalla-jatkuvat/,City of Loviisa,loviisa_city_news,all-rights-reserved,City of Loviisa,2026-07-02T10:34:57Z,2026-07-20T00:35:16Z,631f136b57cea6d06ef390665dfc86b7a42c84a7b517d6863b69d76cb3a4358a
6a672c19-631c-578d-8988-5d1d7287ab6a,"[""context:geometry_identity""]","[""fb943def-5b5b-5192-8bb9-599e4cf616cc""]",government_record,Bitdeer SEC property exhibit identifying the Massillon address,https://www.sec.gov/Archives/edgar/data/1899123/000114036123040877/brhc20057629_ex10-2.htm,United States Securities and Exchange Commission,sec_edgar_bitdeer_property_exhibits,all-rights-reserved-fact-extraction-only,Bitdeer Technologies Group via SEC EDGAR,2023-08-22,2026-08-23,d807149ac1adf344c0da21c1c9295f2bc667304a2523a9d858c99a289a8bdda0
6a7d7a4f-0365-5de4-99f4-4325db00db64,"[""geometry""]","[""54c278ca-4dff-5f57-b5a6-911f8a615f5e""]",government_record,Chile MMA SIMBIO SEIA representative point for expediente 2152920300,https://simbio.mma.gob.cl/DPA/GetSEIA?Codigo=13,Ministerio del Medio Ambiente de Chile - SIMBIO,chile_mma_simbio_seia_project_points,no-use-restriction-stated-for-reference-cartography,Ministerio del Medio Ambiente de Chile - SIMBIO,,2026-07-21T09:26:39Z,f1725341e873eb005b8d3a9566980d9d0b10173b97b9c5527e0173bb2062ebd6
6a83e8a4-4c67-5ec1-8979-c49535d7d363,"[""context:geometry_identity"",""geometry""]","[""36ac2490-7d9c-51f3-96c4-1344481aa4e2""]",company_disclosure,Data World data-center locations map,https://dataworld.com.np/,Data World,data_world_facility_pages,all-rights-reserved,Data World,,2026-09-06,1322f2ae76690dfbaf0b0a5f494b7485db72e27e81799faef3aa8c0ac6819735
6aa2c3ec-e7cc-59f0-8cd1-4b6e68a51fef,"[""geometry""]","[""9be0ab88-c727-5dbc-8a12-e2443878b69f""]",openstreetmap,OpenStreetMap way 1223207434: ICE02 Campus,https://www.openstreetmap.org/way/1223207434,OpenStreetMap contributors,openstreetmap,ODbL-1.0,© OpenStreetMap contributors,2026-01-11T14:16:04Z,2026-07-18T18:15:02.152575Z,91c30682fe0c4a2b5e12a90f1471019b0002e5a7329df4053165237ff58bd0bd
6b7130b5-f5f5-50c8-9689-6b8e348e0015,"[""physical_status""]","[""15e0ef92-6408-5517-b0d4-a6b8707745f4""]",company_disclosure,EDS IST 01 Tuzla physical-construction update,https://www.linkedin.com/embed/feed/update/urn:li:activity:7471178062345297920,ENKA Data Solutions,enka_data_solutions_official_updates,all-rights-reserved,ENKA Data Solutions,2026-06-12,2026-07-21T16:52:10Z,2c1fa6414a4701e883467845c56dd7de7b5721d2fb4becf7ac03722e62b1c2df
6b7abcb5-6acc-5e16-8801-672021c4f9a3,"[""context:source_location_identity"",""physical_status""]","[""a225d046-5d72-5a1f-bf4b-ba454f713a49""]",company_disclosure,eStruxture CAL-3 current facility page,https://www.estruxture.com/data-centers/calgary/cal-3,eStruxture,estructure_current_facility_pages,all-rights-reserved,eStruxture,,2026-07-21T18:24:44Z,22f3c128450cc56c1662e26b6b91a41ab28106874d74a56d5e4de8ec1d284dee
6bf6472d-a1f7-53fd-b0d5-2317d80df706,"[""physical_status""]","[""58f9a985-bfa8-521c-ab85-132aec6799ed""]",company_disclosure,CyrusOne FRA7 Frankfurt Westside Data Center Milestone Achieved,https://www.linkedin.com/posts/cyrusone_datacenters-digitalinfrastructure-operationalexcellence-activity-7471180193492078592-WzIz,CyrusOne,cyrusone_linkedin_company_posts,all-rights-reserved,CyrusOne via LinkedIn,2026-06-12T12:42:45.917Z,2026-07-19T17:32:10Z,95ed134f976f8a5ac8e8afec29aa8dc38709e04ce4ca87c3a02aa33acd887c8f
6c2aaeb4-6f26-515c-99d8-8e8a0bd2f65b,"[""operating_model""]","[""65e8849e-2ebe-5d58-be63-299cbbcf8d23""]",company_disclosure,CoreSite Achieves Key Construction Milestone for New DE3 Data Center in Denver,https://www.coresite.com/news/coresite-achieves-key-construction-milestone-for-new-de3-data-center-in-denver,CoreSite,coresite_official_website,all-rights-reserved,CoreSite,2025-10-06T15:00:01Z,2026-07-20T10:42:21Z,0ddd551cfb339fc8391bb7be56d59f14d587bab7221bf1924763415a9947f5e7
6e4b0bfe-23de-5439-9dc0-3688a382a285,"[""typed_metric:critical_it_mw""]","[""0bac3fe4-c3dd-54ba-a500-e37599191432""]",company_disclosure,Hyperscale Data Centre Services in London Hayes | Colt DCS,https://www.coltdatacentres.net/en-GB/our-locations/data-centre-locations-europe/london-4,Colt Data Centre Services,colt_data_centre_location_pages,all-rights-reserved,Colt Data Centre Services,2024-08-06T22:52:26Z,2026-07-19T17:00:24Z,b5f0fafe970e5a1c744d571a45ce4407c76fb374a0b1d03784607dbf68648a25
6e5dc4f7-2b39-5a4a-8dc3-f0e20691527b,"[""geometry""]","[""5c366d64-4bb5-5c28-ab62-ec20d60fb31a""]",government_record,Roberts Road Data Centre official campus point for CDC EC6,https://www.planningportal.nsw.gov.au/major-projects/projects/roberts-road-data-centre,"NSW Department of Planning, Housing and Infrastructure",nsw_major_projects_records,no-license-stated-for-compact-factual-extraction,"NSW Department of Planning, Housing and Infrastructure",,2026-07-21T19:25:00Z,4f38942c41791c0382e88f852bd8a8da4f820ab563b6b564676fef1af5577904
6f19756c-fdec-5499-9064-14ddf738cd39,"[""physical_status""]","[""5ae9f639-4de6-5ce4-af8d-a40d6f8a3bec""]",company_disclosure,"HENT enters contract for construction phase 2, OSL1 at Økern",https://www.sentiagruppen.no/press/hent-inngar-kontrakt-pa-byggetrinn-2-osl1-datasenter-pa-okern,Sentia,sentia_official_press_release,all-rights-reserved,Sentia,2026-06-16T11:15:00+02:00,2026-07-22T04:14:05Z,7448563a29b0e39cf807f6409a1efe7d7dfd90a92daef928651dfe9dcbe34228
6f81ed11-d205-5056-b2d9-d3c014f0bc9a,"[""context:source_location_identity"",""physical_status""]","[""f6d1bce2-6fc7-5fd8-a1fb-55d5fe4cd8e9""]",company_disclosure,Racks Central Celebrates Milestone for Southeast Asia's First AI Factory Campus in Johor,https://www.rackscentral.com/news/racks-central-celebrates-milestone-for-southeast-asia-s-first-ai-factory-campus-in-johor,Racks Central,racks_central_newsroom,all-rights-reserved,Racks Central,2026-06-30,2026-08-23,bba13380e7ffc44daf297b66d713afff27c8113ea57ced7138f13dc34a41e470
6fa1a931-3b5c-5259-9b15-853187c9ae2a,"[""geometry""]","[""7c7b8437-ca56-55a0-aa36-54155f43760e""]",government_record,NLS cadastral property 286-423-20-1,https://inspire-wfs.maanmittauslaitos.fi/inspire-wfs/cp/ows?service=WFS&version=2.0.0&request=GetFeature&typeNames=cp%3ACadastralParcel&outputFormat=application%2Fjson&CQL_FILTER=nationalCadastralReference%3D%2728642300200001%27,National Land Survey of Finland (NLS),nls_inspire_cadastral_parcels_wfs,CC-BY-4.0,"Contains data from the National Land Survey of Finland INSPIRE Cadastral Parcels WFS, licensed under CC BY 4.0; retrieved 2026-08-23.",,2026-08-23,534a72639b63c3b868d4f8b2f5bea61c444381e627ef01d3ee07712bdeb6bc1c
706814f6-ce3c-5619-83a7-174fea885db2,"[""context:geometry_identity"",""geometry""]","[""4afd2551-1442-5f67-a1d9-0d245835088d""]",company_disclosure,FRA7 - AI-Ready. Sovereign. Sustainable.,https://firstcolo.net/wp-content/uploads/factsheet-rosbach_dez_25_DE.pdf,firstcolo Datacenters GmbH,firstcolo_official_factsheets,all-rights-reserved-fact-extraction-only,firstcolo Datacenters GmbH,,2026-08-23,ea1df880294c544a81b5d67f9bc6dcfed9a84b87c55ad588d5e52bd691dc0cd5
708cee21-4519-5840-a07c-2f1f8398cb87,"[""geometry""]","[""8f8c241d-ee6b-5182-8a76-ebb101a3f4c2""]",government_record,Mäntsälä official cadastral geometry for property 505-407-7-137,https://mantsala.karttatiimi.fi/maps/search.ashx,Municipality of Mäntsälä,mantsala_official_map_service,all-rights-reserved,Municipality of Mäntsälä,,2026-07-21T01:12:00Z,e9998583917b7bc03bc5e9593968d72f4ceca6b39aa18f10cc5bc5d503ecf291
7305379e-4152-58ec-9152-c2d7af3d39c1,"[""operating_model""]","[""f9e7c64e-3dc3-5d47-a4de-4c72a4284231""]",company_disclosure,Digital Park Vienna facility brochure,https://go2.digitalrealty.com/rs/087-YZJ-646/images/BR_Digital_Realty_2606_Park_Wien_VIE13_EN.pdf,Digital Realty,digital_realty_facility_brochures,all-rights-reserved,Digital Realty,,2026-07-21T05:43:04Z,66e9c7094c707fb10771765dfe5349251a042847e881aec7a93bc30b7b5d0d17
76b0e3d9-4d31-5fd3-8b73-ed63f3c6bf6f,"[""context:campus_address_identity""]","[""938feeec-a323-56e0-b6ce-2590fe58e623""]",government_record,City of Abilene Planning and Development Services 2025 Second Quarter Report,https://abilenetx.gov/DocumentCenter/View/36625/2025-Quarter-2---Quarterly-Report-PDF,City of Abilene Planning and Development Services,city_of_abilene_planning_reports,public-government-record,City of Abilene Planning and Development Services,,2026-07-21T06:07:08Z,181c419ff99ec07a93801da2fc43f0174040dd770ac2c02ba9f933a64db50bff
77e79654-177b-53cf-9db4-8c5ad47c7754,"[""context:source_location_identity"",""physical_status""]","[""fe6f26cf-4be9-51a3-857e-fca7ee21726b""]",company_disclosure,Bravida Finland awarded additional installation contract for XTX Markets' data center complex in Kajaani,https://www.bravida.se/en/press/press-releases/2026/bravida-finland-awarded-additional-installation-contract-for-xtx-markets-data-center-complex-in-kajaani/,Bravida,bravida_official_press_release,all-rights-reserved,Bravida,2026-06-25T08:00:00+02:00,2026-07-22T04:15:21Z,a72ca5eb8725b7434d75bb981b9bee986b1ed653d696a12d842af17d239f2a56
781c461b-14cf-53e1-9e40-5c39a3d589b5,"[""physical_status"",""role:operator"",""workload"",""workload_scope:intended""]","[""b8399bc6-5c72-5627-a035-4fea208cd287""]",company_disclosure,Edged US ‘Tops Out’ Second Sustainable Data Center on Edged Chicago Campus,https://edged.us/news/edged-us-tops-out-second-sustainable-data-center-on-edged-chicago-campus,Edged US,edged_newsroom,all-rights-reserved,Edged US,2026-06-04,2026-07-20T09:40:57Z,72d0a1d58baf39debeb75176a2ec76459f83b9065c73070515fc2892bec27848
784f2bc1-8e76-5a75-9b37-7c64d793d955,"[""context:source_location_identity"",""physical_status""]","[""36ac2490-7d9c-51f3-96c4-1344481aa4e2""]",government_record,Watts and Zeros: Powering Nepal's Digital Future,https://ifc.shorthandstories.com/watts-and-zeros-powering-nepals-digital-future/embed.js,International Finance Corporation,ifc_project_stories,all-rights-reserved,International Finance Corporation,,2026-09-07T02:39:42.463931Z,295d4f6c7afb1b7490cef4b83a231663e2b11e14d86d6328f5ebdd99fd564f9c
78af4a56-8fe9-5552-b965-4704ae219a8c,"[""physical_status"",""typed_metric:critical_it_mw"",""typed_metric:gross_facility_mw""]","[""0a075c8d-2733-5aba-b19a-4b53e51fd8f8""]",company_disclosure,Datasenter på Undheim,https://info.greenmountain.no/datasenter-pa-undheim/,Green Mountain,green_mountain_project_pages,all-rights-reserved,Green Mountain,2020-12-11T12:48:00Z,2026-07-20T00:02:48Z,43ffdfa6c4b1c83c367e27aa282e0e307026a1a0d2419da7e54453626f1ed26c
7960e467-cbd7-52b6-9fe5-c0b3d905f1dd,"[""geometry""]","[""97f12a4b-6526-5c76-94b3-6562420ffe99""]",government_record,Kartverket Matrikkelen parcel 1806-10/760,https://wfs.geonorge.no/skwms1/wfs.matrikkelen-eiendomskart-teig?service=WFS&version=2.0.0&request=GetFeature&typeNames=app%3ATeig&count=20&srsName=EPSG%3A4326&NAMESPACES=xmlns%28app%2Chttp%3A%2F%2Fskjema.geonorge.no%2FSOSI%2Fproduktspesifikasjon%2FMatrikkelen-Eiendomskart-Teig%2F20211101%29&FILTER=%3Cfes%3AFilter+xmlns%3Afes%3D%22http%3A%2F%2Fwww.opengis.net%2Ffes%2F2.0%22+xmlns%3Aapp%3D%22http%3A%2F%2Fskjema.geonorge.no%2FSOSI%2Fproduktspesifikasjon%2FMatrikkelen-Eiendomskart-Teig%2F20211101%22%3E%3Cfes%3AAnd%3E%3Cfes%3APropertyIsEqualTo%3E%3Cfes%3AValueReference%3Eapp%3Akommunenummer%3C%2Ffes%3AValueReference%3E%3Cfes%3ALiteral%3E1806%3C%2Ffes%3ALiteral%3E%3C%2Ffes%3APropertyIsEqualTo%3E%3Cfes%3APropertyIsEqualTo%3E%3Cfes%3AValueReference%3Eapp%3AmatrikkelnummerTekst%3C%2Ffes%3AValueReference%3E%3Cfes%3ALiteral%3E10%2F760%3C%2Ffes%3ALiteral%3E%3C%2Ffes%3APropertyIsEqualTo%3E%3C%2Ffes%3AAnd%3E%3C%2Ffes%3AFilter%3E,Kartverket / Statens kartverk,kartverket_matrikkelen_eiendomskart_teig_wfs,CC-BY-4.0,Kartverket,2026-04-10T07:48:05.975,2026-08-20T19:58:00Z,8d835fa69725193def708489f681c84bb12c384d71e263fca1739c3c539f997b
7b2675bd-76c0-54b0-82d1-3f5d6cb328b2,"[""geometry""]","[""ea4a0cc5-bb09-5a81-b385-38ae79baf22a""]",openstreetmap,OpenStreetMap way 1298979790: Intellicentre 3 Super West,https://www.openstreetmap.org/way/1298979790,OpenStreetMap contributors,openstreetmap,ODbL-1.0,© OpenStreetMap contributors,2026-01-23T04:45:35Z,2026-07-18T18:15:02.152575Z,35c15a0397e6cb7e9087d23db4878115896f9084808596e96e3f5bdc85e0daba
7bba0157-7f22-5a00-b69c-a94cfdffa771,"[""context:source_location_identity"",""physical_status""]","[""eaea9fff-9fd3-506f-a490-320f64d86dc3""]",company_disclosure,CyrusOne Yorkville Technology Campus,https://www.cyrusone.com/data-centers/north-america/yorkville-technology-campus,CyrusOne,cyrusone_community_project_pages,all-rights-reserved,CyrusOne,,2026-07-19T16:59:12Z,09c60fc430f4bfa1123a52121cec0774c799f17ac773bfd0d81c0d1fa2a98ce2
7c13694c-7c87-52e1-a47b-3417bedbc5aa,"[""context:source_location_identity"",""physical_status""]","[""edf978b4-fbe8-5f8a-9fe0-bd1e9f33e1d2""]",company_disclosure,Heath datacenter construction updates,https://local.microsoft.com/blog/heath-datacenter-construction-updates/,Microsoft,microsoft_local_project_updates,all-rights-reserved,Microsoft Local,2026-03-02T17:29:53+00:00,2026-07-19T15:59:59Z,2b2c4f915e8204a7bc4946860b4803961a22be78d50bc476c90946fee6b0f104
7f58e6cc-7e09-55a4-8202-38d31f72d03d,"[""geometry""]","[""ae6f1b86-660b-54e9-bdb0-d29bfeedc551""]",company_disclosure,QTS Cedar Rapids first-party campus page map pin,https://q.com/data-centers/cedar-rapids/,QTS Data Centers,qts_data_center_location_pages,all-rights-reserved-fact-extraction-only,QTS Data Centers,,2026-08-23,bdcb839b965128700a65a2dd34e2c2c0d119659f7c397e3161fceaf07859e9e0
7f5a79ea-9dc0-574f-ae63-e00fe77d34ab,"[""physical_status""]","[""bb8ba3ad-d563-5f84-a543-079a10264640""]",company_disclosure,CDC Maddington structural-shell works,https://www.linkedin.com/embed/feed/update/urn:li:activity:7475736271517286400,Crane Industry Council of Australia,cica_official_updates,all-rights-reserved,Crane Industry Council of Australia,2026-06-25,2026-07-21T17:12:46Z,1e64874eeff27052f0a69dd2e7976a6e4f47a8b35043a1309a41db70fb61ba4a
817642c1-265e-5c90-9684-93ab069621a4,"[""context:geometry_identity""]","[""fe6f26cf-4be9-51a3-857e-fca7ee21726b""]",government_record,Kajaani environmental permit decision 205-2025-10,https://kajaani.cloudnc.fi/download/noname/%7B9718289e-abdf-42c7-bedf-f52f8187fb6e%7D/67308,City of Kajaani,kajaani_municipal_permit_decisions,rights-status-uncertain-fact-extraction-only,City of Kajaani,2025-08-25,2026-08-23,b5a3a02ac2abcece2631c3da711054448317b4f4a7a482c61bcea2963cef0ac7
846dc1a1-5268-544e-92c2-2df087877703,"[""context:geometry_identity""]","[""1f33fed8-b0f9-50e2-8fac-56d135325c27""]",government_registry,Chiba Prefecture smoke-emitting facilities list as of 2025-03-31,https://www.pref.chiba.lg.jp/taiki/tetsuzuki/taibouhou/documents/20250331baien.pdf,Chiba Prefecture,chiba_smoke_emitting_facilities_registry,rights-status-not-established,Chiba Prefecture,2025-03-31,2026-08-23,fee045f1879e6c2037618d6b27d5a55a67b41ad50795997448e283d3fac01b28
850336d5-4d8f-5821-ae65-cb195961e7b6,"[""context:geometry_identity"",""geometry""]","[""58f9a985-bfa8-521c-ab85-132aec6799ed""]",government_permit,"Genehmigungsbescheid — CyrusOne Frankfurt 7 Holdings B. V., FF7 L1",https://rp-darmstadt.hessen.de/sites/rp-darmstadt.hessen.de/files/2026-07/bescheid-4_ndma-ff7-cyrusone_end.pdf,Regierungspräsidium Darmstadt,rp_darmstadt_environmental_permit_decisions,rights-status-not-established,Regierungspräsidium Darmstadt,2026-06-17,2026-08-21T01:24:11Z,210d29a9be04885350ba4ea66709882fdc4e7b9e7f00868cd89cd45efffccfde
89aab19e-2eb3-59f5-a3c3-71366d5cb026,"[""geometry""]","[""a225d046-5d72-5a1f-bf4b-ba454f713a49""]",company_disclosure,eStruxture CAL-3 Data Center datasheet,https://www.estruxture.com/hubfs/eStruxture_Datasheet_CAL3%20EN%20V1%202024.pdf?hsLang=en,eStruxture,estructure_facility_datasheets,all-rights-reserved-fact-extraction-only,eStruxture,,2026-07-21T18:24:44Z,befe2961598a8c4e307abea854dc288c804b4db0a7ba8945a20b49fed5adaad4
8acab3b0-70c6-5dae-9ca3-3cbf6ae3b975,"[""geometry""]","[""b2e4945f-3d75-5d9b-b2bb-d65deb74c405""]",open_map_record,OpenStreetMap way 568349989 Greenland International Industrial Center,https://api.openstreetmap.org/api/0.6/way/568349989/full.json,OpenStreetMap contributors,openstreetmap_way_full_api,ODbL-1.0,"Contains information from OpenStreetMap, which is made available under the Open Database License (ODbL).",2025-08-11T18:05:16Z,2026-08-23,659203fa82ba61ebea2778c64171289fb045adff8acb07c5e0552832a17c6a57
8d48305b-09aa-5bef-bd06-ebaf0ba48924,"[""context:geometry_identity""]","[""484cf452-3a8f-5574-8003-a5b3f693c5d2""]",government_record,Washington Current Parcels address fact for parcel 93700000002,https://services.arcgis.com/jsIt88o09Q0r1j8h/arcgis/rest/services/Current_Parcels/FeatureServer,Washington State Geoportal,washington_state_current_parcels,use-restrictions-fact-extraction-only,Washington State Geoportal; Douglas County source data,,2026-08-23,b93425b1680a8fdf0f3bb8d905676b583f1cc2e782c3bd244e6d319863aa23fd
8d4c81f8-cb29-54f6-b5b4-c6e5f1f6b628,"[""geometry""]","[""5ae9f639-4de6-5ce4-af8d-a40d6f8a3bec""]",government_address_register,"Matrikkelen address lookup: Østre Aker vei 24C, Oslo",https://ws.geonorge.no/adresser/v1/sok?sok=%C3%98stre%20Aker%20vei%2024C%2C%200581%20Oslo&utkoordsys=4326&treffPerSide=10,Kartverket / Statens kartverk,kartverket_matrikkelen_address_rest_api,CC-BY-4.0,Kartverket,,2026-08-20T19:58:01Z,de1397fe0cf91cb53d0330d4b1cfbb589b868122b2602100a375c69f4b506de1
8dff3085-994d-5629-b19b-7f2f88c44967,"[""geometry""]","[""a848e771-2e45-55fb-8d43-db0885bb824f""]",openstreetmap,OpenStreetMap way 1171439340: QScale,https://www.openstreetmap.org/way/1171439340,OpenStreetMap contributors,openstreetmap,ODbL-1.0,© OpenStreetMap contributors,2023-09-10T19:01:54Z,2026-07-18T18:15:02.152575Z,b618f90aa1d60b6737ad409febfbd328a24aaa81acc26d9c5e9e14bbcb040e81
8e34c085-5ca7-50e1-b460-ac5132c8439a,"[""geometry""]","[""c794c146-24e6-5cb8-8cd9-a12a266bba83""]",government_record,"U.S. Census geocode for 130 Industrial Parkway, Columbiana",https://geocoding.geo.census.gov/geocoder/geographies/onelineaddress?address=130%20Industrial%20Pkwy%2C%20Columbiana%2C%20AL&benchmark=Public_AR_Current&vintage=Current_Current&format=json,United States Census Bureau,census_geocoder_public_ar_current,US-federal-public-domain,United States Census Bureau,,2026-09-07T02:34:21Z,eff57c2bf59f9541f2f0bf4fddd221b89ecc05db93fdf67d60d39ea984b3c096
8f3069b1-7b32-5df4-9329-c365ae2a09bb,"[""context:geometry_identity"",""geometry""]","[""99fa93f5-9f63-5576-b036-2ee8086032a3""]",government_record,State Significant Development SSD-66777221 application details,https://majorprojects.planningportal.nsw.gov.au/prweb/PRRestService/mp/01/getContent?AttachRef=SSD-66777221%2120240606T082629.257+GMT,NSW Planning Portal,nsw_planning_portal_applicant_material,all-rights-reserved-fact-extraction-only,Goodman Property Services (Aust) Pty Limited; NSW Planning Portal,2024-06-06,2026-08-23,d69c321182f25e379fd519ed9367e3e7b6deda9f42c5cb2dfcc2dd8371bef9e5
90d3590f-be24-5554-809a-36313784fe51,"[""geometry""]","[""c30aeadf-c2f6-58a5-a8b1-227868f477c1""]",government_record,Kartverket property 5044-50/44 cadastral polygon,https://api.kartverket.no/eiendom/v1/geokoding?matrikkelnummer=5044-50%2F44&omrade=true&utkoordsys=4258,Kartverket,kartverket_eiendom_rest_api,CC-BY-4.0,© Kartverket,,2026-08-23,a29e44a76c1cb22d8e4ee697c78ab84843819a031ea37e1ccf64603093d277c8
90f6acac-7fe4-57e4-b8cd-f9b6acdf6c66,"[""typed_metric:critical_it_mw""]","[""08d881e7-8a1c-50da-81a5-d2ef49f22a7a""]",company_disclosure,Sustainability Report CY2025,https://www.coltdatacentres.net/-/media/Files/guides/colt-dcs-sustainability-report-cy2025.pdf,Colt Data Centre Services,colt_dcs_sustainability_reports,all-rights-reserved,Colt Data Centre Services,,2026-07-19T17:42:54Z,d79b5975647667fd9dc234707acb6cd4c36c72ada03f29f001866661fa296d52
913d7da6-9208-5382-a8e3-10f507b88fe6,"[""physical_status""]","[""5b758548-2a2a-5643-9ebb-d8381bbd2c52""]",company_disclosure,Gilbane Marks Steel Topping-Out Milestone for Data Center Campus in Upstate South Carolina,https://www.gilbaneco.com/about/whats-new/news/gilbane-marks-steel-topping-out-milestone-for-data-center-campus-in-upstate-south-carolina/,Gilbane Building Company,gilbane_newsroom,all-rights-reserved,Gilbane Building Company,2026-06-30T09:00:00-04:00,2026-07-19T16:40:30Z,673d0a607d69ab3a249142d0632525d4170446bae8931aa74ab117d725fb86df
9249d532-23ae-58da-bcd6-80cf09aaac30,"[""geometry""]","[""31635fdf-a7a6-52c8-91dc-f64e5c7d10d3""]",company_disclosure,Related Digital Wyoming campus page,https://www.related-digital.com/wyoming,Related Digital,related_digital_location_pages,all-rights-reserved-fact-extraction-only,Related Digital,,2026-09-07T02:50:23Z,abc21fe88dfdc8dea7f65720db4e9d39c004076f8b24a9204e26f7957c55b2b2
928bbcd8-079d-5b85-a631-2477c6513a79,"[""physical_status""]","[""3b636397-fbb2-5564-a352-fa1382a218b5""]",government_record,Port Washington Data Center Proposal,https://dnr.wisconsin.gov/topic/EIA/Portwashington.html,Wisconsin Department of Natural Resources,wisconsin_dnr_environmental_review_pages,public-government-record,Wisconsin Department of Natural Resources,,2026-07-19T18:33:46Z,4502f68999eb5a1b3e0cdb70084e588798f7d2960271642691db62faddd6a396
956fa5bf-63d8-55e6-80f8-60eeeeca386d,"[""context:geometry_identity"",""geometry""]","[""acf9eda7-3b44-5e9b-8c40-62783a7e0aa0""]",government_record,CUZK RUIAN geometries for permit-named Jiloviste parcels 505/2 and st. 379,https://ags.cuzk.gov.cz/arcgis/rest/services/RUIAN/MapServer/5/query?where=katastralniuzemi%3d660175+AND+%28%28cisloparcely%3d%27505%2f2%27+AND+druhcislovanikod%3d2%29+OR+%28cisloparcely%3d%27379%27+AND+druhcislovanikod%3d1%29%29&outFields=id%2ccisloparcely%2ckatastralniuzemi%2ckmenovecislo%2cpoddelenicisla%2cdruhcislovanikod%2cvymeraparcely%2cplatiod%2cplatido%2czdroj&returnGeometry=true&outSR=4326&f=geojson,"Czech Office for Surveying, Mapping and Cadastre (CUZK)",cuzk_ruian_parcels,all-rights-reserved,"Czech Office for Surveying, Mapping and Cadastre (CUZK)",,2026-09-06,f0256622e85d0b2662e2c38a4938b4735e95a6982872f397009c6a2eb3e08c42
9590b8c5-a6cb-5c06-bd54-48063d19de70,"[""operating_model"",""role:operator"",""typed_metric:pue""]","[""e997ad94-2a62-5c44-90f9-fa27edf77dc2""]",company_disclosure,Datu centrs POZITRONS,https://www.lvrtc.lv/projekti/datu-centrs-pozitrons/,Valsts akciju sabiedrība “Latvijas Valsts radio un televīzijas centrs”,lvrtc_pozitrons_project_pages,all-rights-reserved,Valsts akciju sabiedrība “Latvijas Valsts radio un televīzijas centrs”,2026-01-09,2026-07-21T12:22:06Z,3f565f850e22560367c4b49384ed730ec8654d1cc2cf122c5bb2a1c40dc76578
959963fd-1d27-5927-a972-8a04fd97727e,"[""geometry""]","[""15e0ef92-6408-5517-b0d4-a6b8707745f4""]",company_facility_page,EDS IST 01 Tuzla - ENKA Data Solutions,https://enkadatasolutions.com/locations/eds-ist-01-tuzla/,ENKA Data Solutions,enka_data_solutions_facility_pages,all-rights-reserved,ENKA Data Solutions,,2026-08-20T22:43:43Z,98aee007277d13a017642acb11689d783cd5862b8f65502fc803e84b71a14461
96087e89-0485-5ce0-8d2c-f7bdfe47d834,"[""physical_status""]","[""58129708-0b52-5984-afbc-f8f38e085df1""]",company_disclosure,Data Center 4 on the Campus ZRH1,https://www.green.ch/en/enterprise/data-center-locations/green-switzerland/campus-zrh1-lupfig/datacenter-4-lupfig,Green,green_data_center_facility_pages,all-rights-reserved,Green,,2026-07-20T01:03:34Z,a241bca1a18774e0b82c7b2d23e59dbf86bbb30cc1160604808de34e626d3ce4
9617e6ae-f52d-59ef-bbfc-8b8c54303be1,"[""context:campus_address_identity""]","[""5b758548-2a2a-5643-9ebb-d8381bbd2c52""]",company_disclosure,QTS York County Data Center,https://q.com/data-centers/york/,QTS Data Centers,qts_data_center_location_pages,all-rights-reserved,QTS Data Centers,2024-08-27T16:24:02+00:00,2026-07-19T16:40:30Z,d11b5b153f42cd5f96da2a20552c8c62387c0b3ca2604178dd83779ec7d90a6b
9677a40a-6a16-59e3-b098-3bf415f47dfd,"[""geometry""]","[""9c34c305-5149-5961-b88f-648da82351f7""]",government_record,ACT Government retired Block 24 Section 11 Beard,https://services1.arcgis.com/E5n4f1VY84i0xSjy/ArcGIS/rest/services/ACTGOV_BLOCKS/FeatureServer/0/query?where=DIVISION_NAME%3D%27BEARD%27%20AND%20SECTION_NUMBER%3D11%20AND%20BLOCK_NUMBER%3D24&outFields=%2A&returnGeometry=true&outSR=4326&f=geojson,Australian Capital Territory,actgov_blocks_arcgis,CC-BY-4.0,"Australian Capital Territory cadastral data, licensed under CC BY 4.0; retrieved 2026-08-23.",,2026-08-23,f13feaababe686fc3a97c45d7e30147bcaeaa95b25655e0c7d6139e9dc2e78df
97007edb-ddfc-5984-884a-8222ded41e29,"[""physical_status"",""typed_metric:critical_it_mw""]","[""54c278ca-4dff-5f57-b5a6-911f8a615f5e""]",company_disclosure,Scala Data Centers Portfolio,https://scaladatacenters.com/en/data-centers-en/,Scala Data Centers,scala_data_center_portfolio_pages,all-rights-reserved,Scala Data Centers,,2026-07-21T07:52:27Z,8a78e94b27e3cc375549845cf680b76eb678b19605de0c1411dbc6aafc84972b
98fcd750-ba33-537e-8669-fe8d1db1a6c6,"[""geometry""]","[""b8399bc6-5c72-5627-a035-4fea208cd287""]",government_record,City of Aurora address point 85050 at 2835 Bilter Road,https://services1.arcgis.com/79UxTxnBeBW8JHY4/arcgis/rest/services/Address_Points/FeatureServer/0/query?where=LOCATIONID%3D85050%20AND%20PIN%3D%2707-05-105-006%27&outFields=OBJECTID%2CLOCATIONID%2CPIN%2CADDRESS%2CCITY%2CZIPCODE%2CCOUNTY%2CZONING%2CLANDUSE%2COWNERNAME&returnGeometry=true&outSR=4326&f=geojson,City of Aurora,aurora_open_data_address_points,public-domain,City of Aurora GIS,,2026-07-21T06:33:55Z,8db6b8217609665b4b58ab8ade5e5bb0a252321f056a1e80d6203533d837a84a
9a7b27f7-7014-5a54-863a-aba6b9ff8e09,"[""context:source_location_identity"",""physical_status""]","[""f166440f-2ab0-57ea-9788-c66d89c8704f""]",company_disclosure,Eagle Mountain,https://q.com/data-centers/eagle-mountain/,QTS Data Centers,qts_data_center_location_pages,all-rights-reserved,QTS Data Centers,2024-08-27T20:21:36+00:00,2026-07-19T16:45:08Z,400cb1d0d1414483ee0d81c7b37b00716a4493b806f635622c9b411c427baf8a
9bb3b9ad-0b64-5c9f-adc9-abc7463b1a61,"[""context:source_location_identity"",""physical_status""]","[""484cf452-3a8f-5574-8003-a5b3f693c5d2""]",company_disclosure,Bitdeer July 2026 infrastructure update - Wenatchee,https://www.sec.gov/Archives/edgar/data/1899123/000121390026079816/ea029852701ex99-1.htm,Bitdeer Technologies Group,sec_edgar_bitdeer_exhibit,all-rights-reserved,Bitdeer Technologies Group via SEC EDGAR,2026-07-21,2026-07-22T02:41:42Z,c8fe8dcc3d3e264850657dd741d185cc4450188bd0063cd218bf99810f3ea50d
9d76095e-ffd9-5ac9-a910-1b0bf3dacc91,"[""context:geometry_identity""]","[""c30aeadf-c2f6-58a5-a8b1-227868f477c1""]",regulatory_filing,Bitzero exhibit 99.57 - Namsskogan lease agreements,https://www.sec.gov/Archives/edgar/data/2100457/000175392626000899/g085467_ex99-57.htm,Bitzero Holdings Inc. via SEC EDGAR,bitzero_sec_filings,all-rights-reserved-fact-extraction-only,Bitzero Holdings Inc.; U.S. Securities and Exchange Commission EDGAR,2026-05-11,2026-08-23,379454e37fc2b040a5ddb74fe6fa612289c9db2e08f83aa311addbe8ea99b56e
9e125358-5e04-5826-b0ad-9fec2aeb71d2,"[""context:source_location_identity""]","[""35c427dc-af95-5011-b3ab-3fa7c90fcb30""]",company_disclosure,ECG Telecom Egypt Regional Data Hub 2 project page,https://www.ecgsa.com/telecom-egypt-regional-data-hub-2-rdh2-data-center/,Engineering Consultants Group S.A.,ecg_project_pages,all-rights-reserved,Engineering Consultants Group S.A.,2026-01-20,2026-07-21T16:40:44Z,6d7c0708bed91751ad0d5641efd224a8f63ca59e890d0b879bbd0104a1397d78
9e5f7eb0-994d-534d-8715-b16378b71787,"[""geometry""]","[""48eb54d5-dd3f-51a3-aeed-1ddce1949763""]",company_disclosure,"Compliance to Stipulated Conditions in Environment Clearance, October 2024 to March 2025 — Development of Data Center PNQ04",https://www.adaniconnex.com/-/media/Project/AdaniConneX/AdaniConneX-AboutUs-Assets/Certifications/Post-EC-compliance-report-PNQ26--with-Anneure.pdf,Pune Data Center Limited,adaniconnex_environmental_compliance_reports,all-rights-reserved,Pune Data Center Limited,,2026-07-21T16:11:57Z,406e7134f896a916f6ac978a888183f67de62218cbfbd24a90248af52af544f4
9ef151e3-b5f8-5421-b9df-f5ac0bfca4a6,"[""physical_status""]","[""f9e7c64e-3dc3-5d47-a4de-4c72a4284231""]",company_disclosure,Digital Realty Carriers Hub Day in Vienna recap,https://www.linkedin.com/posts/digitalrealty_carrier-hub-day-wrapupmp4-activity-7473287475726213120-4j-2,Digital Realty,digital_realty_company_linkedin,all-rights-reserved,Digital Realty,2026-06-18T08:16:21.162Z,2026-07-21T05:43:03Z,f4840f3349c84440e0664b1ccf2a4a9ce224611b466afcffaeea1363b166824b
9f47299f-1ce7-579f-b0b8-1bd454faabd5,"[""physical_status""]","[""01baa3bb-ea56-5f41-8c67-82dd84f87d51""]",company_disclosure,Chicago's digital renaissance,https://www.digitalrealty.com/about/projects/digital-cermak,Digital Realty,digital_realty_project_pages,all-rights-reserved,Digital Realty,,2026-07-19T16:54:09Z,a4e9b5abff02050c4f5e2f04fd1e069aa76091d92b2dcc76f97c359e7b1aca31
9f4c707b-692b-5d29-b1df-3db4259967cc,"[""geometry""]","[""c04bedc0-51b3-5d4d-996c-1d1e56de96c0""]",government_coordinate_transformation,Lands Department HK1980 Grid to WGS84 transformation,https://www.geodetic.gov.hk/transform/v2/?inSys=hkgrid&outSys=wgsgeog&e=832091&n=825415,"Geodetic Survey Section, Lands Department, Government of the Hong Kong SAR",hong_kong_lands_department_coordinate_transformation_api,Hong-Kong-DATA.GOV.HK-Terms-of-Use,Government of the Hong Kong SAR / Lands Department / DATA.GOV.HK,,2026-08-20T19:57:28Z,8db2983a30966dedfb7470b0712deb3bb82505e82ef65ac1b786f052ad8efb9e
9f5522ca-0b7c-5b13-aa39-eeb8b5f704cb,"[""physical_status""]","[""97f12a4b-6526-5c76-94b3-6562420ffe99""]",company_disclosure,Nscale and Nordkraft establish Nordscale Operations,https://www.nscale.com/press-releases/nordscale,Nscale,nscale_press_releases,all-rights-reserved,Nscale,2026-07-06,2026-07-22T03:29:10Z,80083854496ae0b2952d0ccff49a3f6a85d33a9c6fa41c7caef55050a117e619
a16dbcad-9b13-557e-9b38-46e3305bcc0e,"[""geometry""]","[""e997ad94-2a62-5c44-90f9-fa27edf77dc2""]",government_record,Latvian State Land Service parcel 62740010343 reference point with LVRTC Pozitrons site bridge,https://grafws.kadastrs.lv/geoserver/cp/wfs?service=WFS&version=2.0.0&request=GetFeature&typeNames=cp%3ACadastralParcel&outputFormat=application%2Fjson&CQL_FILTER=label%3D%2762740010343%27,Valsts zemes dienests,latvia_vzd_cadastre_and_lvrtc_site_records,CC-BY-4.0,"Valsts zemes dienests (State Land Service of Latvia), CC BY 4.0",,2026-07-21T14:55:52Z,9f956cc7e9fd532156e7a093a047731507f29710996709854cf20d6365cf2f02
a1f1c613-7606-5e9d-baf9-31cdb38d34f0,"[""geometry""]","[""d024514a-30a3-514d-b65e-2743133f6800""]",government_record,Ryhti open permit building 104259934N,https://paikkatiedot.ymparisto.fi/geoserver/ryhti_permit/ogc/features/v1/collections/open_permit_building/items?f=application%2Fgeo%2Bjson&filter=permanent_permit_identifier%3D%27302396994R%27%20AND%20gross_floor_area%3D24145&limit=10,Finnish Environment Institute Ryhti,ryhti_open_permit_buildings,CC-BY-4.0,Finnish Environment Institute Ryhti; CC BY 4.0,,2026-08-23,37e4f018b66e8250a0523fa42ab8ef10e95c9649f5526c526ca210bb54826b22
a251b3bb-e0bc-56d3-b89a-97914d692f5d,"[""physical_status"",""typed_metric:critical_it_mw""]","[""42e50e84-873d-562d-b6d2-945ccf04b0e8"",""aa93c84a-17d6-5092-bf57-686f7e1ab4a4"",""e4e51c8d-a98e-50a4-ba16-0795f1f3f63a""]",company_disclosure,STT GDC Accelerates Jakarta Campus Expansion to Power Indonesia’s AI and Digital Ambitions,https://www.sttelemediagdc.com/newsroom/stt-gdc-accelerates-jakarta-campus-expansion-power-indonesia-ai-and-digital-ambitions,ST Telemedia Global Data Centres,stt_gdc_newsroom,all-rights-reserved,ST Telemedia Global Data Centres,2026-06-10,2026-07-19T19:09:17Z,f56371010a4c86f72e48fec5078c3b0bb8441cf46d97fb43a1e85f52980fc676
a31b2e5c-d82b-52aa-aa82-f330ee5d689a,"[""context:geometry_identity""]","[""484cf452-3a8f-5574-8003-a5b3f693c5d2""]",government_record,Bitdeer SEC exhibit identifying the Wenatchee property parcel,https://www.sec.gov/Archives/edgar/data/1899123/000110465923029896/tm2135137d43_ex10-19.htm,United States Securities and Exchange Commission,sec_edgar_bitdeer_property_exhibits,all-rights-reserved-fact-extraction-only,Bitdeer Technologies Group via SEC EDGAR,2023-03-06,2026-08-23,9d35bc4a6e992c7b8f49ce0c79e3d404aa1f61a40302e658ae540cf8a54d1b21
a40975a4-9388-5f76-8e67-73e0e96ca8e8,"[""context:source_location_identity"",""physical_status""]","[""1cae5b48-c630-5f16-9fe2-5d77571cafe9""]",regulatory_filing,Telia Lietuva Interim Report January-June 2026,https://www.nasdaqbaltic.com/market/upload/reports/tel1/2026_q2_en.pdf,"Telia Lietuva, AB",nasdaq_baltic_issuer_filings,all-rights-reserved,"Telia Lietuva, AB; Nasdaq Baltic",2026-07-17,2026-08-23,257e1777f85133f74216abda9eabf761f4a69384f1bf000029078943cd52a9f5
a45fecbd-1054-5b4f-9b28-57e440c00a0c,"[""context:geometry_identity""]","[""ae6f1b86-660b-54e9-bdb0-d29bfeedc551""]",government_record,Census Public_AR_Current match for 6200 76th Avenue Southwest,https://geocoding.geo.census.gov/geocoder/,United States Census Bureau,us_census_geocoder,public-domain-us-government,United States Census Bureau,,2026-08-23,4278336c8a64459e98f0ba2ad67c300ff6c64e0357d8db6e437f28dc9a8405e7
a488471c-6dc2-593f-92df-db707862cbfc,"[""geometry""]","[""58129708-0b52-5984-afbc-f8f38e085df1""]",openstreetmap,OpenStreetMap way 242248627: OpenStreetMap way 242248627,https://www.openstreetmap.org/way/242248627,OpenStreetMap contributors,openstreetmap,ODbL-1.0,© OpenStreetMap contributors,2025-11-21T11:22:11Z,2026-07-18T18:15:02.152575Z,c28deb0bb953968aeca98ef383b15fbe1acf5c365545aac977fc18eedda53bb0
a48ba580-7ce9-5440-ba4c-cd0a75637a47,"[""context:geometry_identity""]","[""52d209cc-c8cd-5f8a-8337-cd887187f383""]",government_record,Dansk Datacenter 1 K/S - Digital Miljoeadministration,https://dma.mst.dk/vis-virksomhed/6caab521-290e-45ba-aabd-17d4f2a86c17,Danish Environmental Protection Agency,denmark_digital_environmental_administration_facility_records,all-rights-reserved,Danish Environmental Protection Agency,,2026-09-07T02:43:12Z,338bdebd3abb7e48fccb3aa2f84e6eac747d7667e5fd7b2f3edcdd280ded7708
a49b85ce-f91a-56b8-af06-3b663336bdf8,"[""context:source_location_identity"",""physical_status""]","[""7c7b8437-ca56-55a0-aa36-54155f43760e""]",company_disclosure,YIT and atNorth agree on construction of a data center in Kouvola,https://www.yitgroup.com/en/news-repository/investor-news/yit-and-atnorth-agree-on-construction-of-a-data-center-in-kouvola--value-for-yit-approximately-eur-300-million,YIT,yit_official_investor_news,all-rights-reserved,YIT,2026-07-21T12:00:00+03:00,2026-07-22T04:14:04Z,678a6298ce048e09e42c2e8aa416217f0ec05124e0ec4d25002ec4063df4f1b6
a4ae0a31-3e69-5886-ad17-7d2402e15677,"[""geometry""]","[""2e2b9d40-5024-5e6d-bbb2-56a8b16b9c16""]",government_record,Roberts Road Data Centre official campus point for CDC EC5,https://www.planningportal.nsw.gov.au/major-projects/projects/roberts-road-data-centre,"NSW Department of Planning, Housing and Infrastructure",nsw_major_projects_records,no-license-stated-for-compact-factual-extraction,"NSW Department of Planning, Housing and Infrastructure",,2026-07-21T19:25:00Z,4f38942c41791c0382e88f852bd8a8da4f820ab563b6b564676fef1af5577904
a4ff7674-bfdc-5a88-92cd-673e02250b1a,"[""context:geometry_identity"",""geometry""]","[""5b11c034-5a3b-5e5d-bc6a-b7122e21fbec""]",government_record,QTS Project Wind Environmental Setting and Site Design Report,https://consult.environment-agency.gov.uk/psc/ne22-7bl-rainton-construction-limited-a001/supporting_documents/application-bespoke-a001-gbr1-dczz-cdl-ste-xx-rp-b-0018_-essd-171125pdf,Environment Agency consultation portal,uk_environment_agency_applicant_documents,all-rights-reserved-fact-extraction-only,QTS Data Centres; Cundall; Environment Agency consultation portal,2025-11-05,2026-08-23,25235f3c8187b67df890d8460cf520537ddad603a87c56e84bf06728cd7946f4
a63792de-87ff-5a78-8a99-e53260b301f1,"[""typed_metric:critical_it_mw""]","[""15e0ef92-6408-5517-b0d4-a6b8707745f4""]",company_disclosure,ENKA Tuzla Data Center project page,https://www.enka.com/portfolio-item/enka-tuzla-data-center/,ENKA İnşaat ve Sanayi A.Ş.,enka_project_portfolio,all-rights-reserved,ENKA İnşaat ve Sanayi A.Ş.,,2026-07-21T16:52:10Z,063f80b041c04c7aa5f7cad003a34e7459add371f7acb5cee5f643cae9590262
a66352ad-9007-510c-ad30-c88e41cbe37a,"[""geometry""]","[""55f4eb88-750d-5aa5-b4cb-bd5b8e746fe6""]",government_planning_record,Plan de Interés General de Aragón — Expansión Región AWS en Aragón — Tomo I: Memoria justificativa,https://www.aragon.es/documents/d/guest/tomo-i-memoria-justificativa-pdf,Government of Aragón,aragon_piga_aws_expansion_planning_documents,rights-status-not-established,"Government of Aragón / Amazon Data Services Spain, S.L.",,2026-08-20T21:45:11Z,dd1d3a349c4704b8896ab14dfa20be0be08fa9b838261173691891ae2be0c27f
a6b1e5df-d16d-5edd-a0cc-2c4e6ae25110,"[""context:geometry_identity""]","[""86bcbcd1-702d-5afa-aeb8-1cb145224b97"",""edf978b4-fbe8-5f8a-9fe0-bd1e9f33e1d2"",""f8377a0f-dc89-5b7a-8257-25f25cdbac43""]",government_record,Licking County parcel owner and situs-address facts for three Microsoft campuses,https://services1.arcgis.com/iUtb2L01aPkOaIXu/arcgis/rest/services/Parcels_LickingOH/FeatureServer,"Licking County, Ohio",licking_county_parcel_facts,rights-status-uncertain-fact-extraction-only,"Licking County, Ohio",,2026-08-23,7074823e9d79249fef18aba0774be26a8dc34a49a5a9d281c13973ce020cd6c5
a71bfa0b-8b6e-51ec-9e42-a71adfd62d1b,"[""role:operator""]","[""5ae9f639-4de6-5ce4-af8d-a40d6f8a3bec""]",company_disclosure,Skygard OSL1,https://www.skygard.no/osl1-eng,Skygard,skygard_official_facility_page,all-rights-reserved,Skygard,,2026-07-22T04:14:04Z,e0a4fe00766c87ed0956ee59dc12ef5c5d36003552f032d8659acbfded59d365
a9d0173c-a00c-5936-b2d2-493a61fc0d53,"[""physical_status""]","[""0cdff49d-f05c-5993-acd1-d1259fd80165""]",company_disclosure,Pure DC appoints Glencar for next phase of its 90MW Brent Cross campus build-out,https://puredc.com/2026/05/28/pure-dc-appoints-glencar-for-next-phase-of-its-90mw-brent-cross-campus-build-out,Pure DC,pure_dc_news,all-rights-reserved,Pure DC,2026-05-28,2026-07-19T20:35:16Z,79d293abb6590f7321e8bee14f1adc732a171e774d2589bb94be1843df21acf0
a9daeede-caae-58b3-8121-7185a3a07a33,"[""physical_status""]","[""def7f329-a075-519e-bc4b-8f8126bc1901""]",company_disclosure,atNorth joins Norwegian Data Center Industry,https://www.atnorth.com/news/atnorth-joins-norwegian-data-center-association/,atNorth,atnorth_newsroom,all-rights-reserved,atNorth,2026-06-09T07:00:00Z,2026-07-20T00:02:55Z,2b7995a34c638735c41705c077f6c6adbc00af1154ef8890f3b58f0a26df743c
ab38ac59-f17b-5f63-b060-392d2bebd078,"[""geometry""]","[""ccb7fe0e-f94d-58ca-8d36-695a9cd48d56""]",openstreetmap,OpenStreetMap way 1528490094: Microsoft Fairwater AI Phase 2,https://www.openstreetmap.org/way/1528490094,OpenStreetMap contributors,openstreetmap,ODbL-1.0,© OpenStreetMap contributors,2026-06-11T13:14:48Z,2026-07-18T18:15:02.152575Z,c672ce252af90cb782cb8e69152367543054d712f2640e9d3506a13c30ef8197
ad0c7dc7-a25c-56d6-a190-734216237c6a,"[""geometry""]","[""def7f329-a075-519e-bc4b-8f8126bc1901""]",government_municipal_project_map,Serverhallar med återvinning av överskottsvärme,https://vaxer.stockholm/projekt/akalla/serverhallar-med-atervinning-av-overskottsvarme/,Stockholms stad,stockholm_vaxer_municipal_project_pages,rights-status-not-established,Stockholms stad,,2026-08-20T21:48:09Z,443212fe52d8d7510bf5fda77becbc1a8392e73e169e8d3cfd17a506a22212df
ad6f843e-6f09-567d-82e6-58ecd9959ff7,"[""geometry""]","[""38033ec9-dbd8-56bb-8a35-0fa91dd284e2""]",company_disclosure,Ten Brinke Spata project-page embedded map marker,https://www.tenbrinke.com/en/projects/current-projects/current-projects-details/data-center-spata-26-1052-gr.html,Ten Brinke Group,ten_brinke_project_pages,all-rights-reserved,Ten Brinke Group,,2026-07-21T17:01:00Z,9ef57bbcb1517843d3e2e0f399d645147433f9896b1ece41f062cff8c5273c1a
ad6f9a56-ffa6-527d-bcd3-a7d8932c31b9,"[""physical_status"",""typed_metric:critical_it_mw""]","[""44130f9f-95af-5f19-9fcf-47aabd3a5c8b""]",company_disclosure,Construction progress,https://akashi.cloud/construction-progress/,Akashi Data Center,akashi_data_center_project_pages,all-rights-reserved,Akashi Data Center,,2026-07-21T12:22:07Z,a2f3f281a66151c90b6a6ea0a089e9cab9361b586f60cde06febb1d49fee6b9f
adac0b2c-575b-5ec5-a0d8-bed593fc3c20,"[""geometry""]","[""d2915b77-394c-5202-8c38-cbd3277121c7""]",company_facility_specification,SEL2 Data Center Specification,https://www.digitaledgedc.com/wp-content/uploads/2023/06/SEL2_Specsheet_EN.pdf,Digital Edge,digital_edge_facility_specifications,all-rights-reserved,Digital Edge,,2026-08-20T21:05:59Z,509a845cdc5677392bf05941c54487f0a1f74482491bb890e69987b11e16522f
aeddc493-1f87-5c65-933b-2d4d464395f2,"[""context:source_location_identity""]","[""52d209cc-c8cd-5f8a-8337-cd887187f383""]",government_record,"Danmarks Adresseregister access-address point for Sahara 9, Esbjerg",https://api.dataforsyningen.dk/adgangsadresser/b0351879-20c7-47f9-8cde-54dad6a417a8?format=geojson&srid=4326,Klimadatastyrelsen,denmark_authoritative_address_register_points,CC-BY-4.0,Klimadatastyrelsen / Danmarks Adresseregister (DAR),,2026-09-07T02:43:39Z,91c713f41cf392a2ea54625308c13b9e5d9311ebe8bc2415a27db8b14187e099
afb9a2fa-7d6d-57ef-8cbb-ef73595ed596,"[""role:operator""]","[""4a934222-f3af-5945-bb46-b98bfaef89b7""]",company_disclosure,Alto Infrastructure production web application bundle containing the SP01 route,https://altoinfrastructure.com/assets/index-qcBJRWrY.js,Alto Infrastructure,alto_infrastructure_web_application,all-rights-reserved,Alto Infrastructure,,2026-07-20T08:33:14Z,7e5ec53ff90be0a65d73059192807716629e1608d3b8336f12dae6d56b932461
aff4b014-b3dd-5ba0-b90b-ad3cde08f30a,"[""physical_status""]","[""e997ad94-2a62-5c44-90f9-fa27edf77dc2""]",company_disclosure,Projekta aktualitātes,https://www.lvrtc.lv/projekti/datu-centrs-pozitrons/projekta-aktualitate/,Valsts akciju sabiedrība “Latvijas Valsts radio un televīzijas centrs”,lvrtc_pozitrons_project_pages,all-rights-reserved,Valsts akciju sabiedrība “Latvijas Valsts radio un televīzijas centrs”,2026-02-12,2026-07-21T12:22:03Z,4d00948cfc2a582004e38bcee3425c4ea5da5ce8dc31d3da326e6ba0a8b9d9e1
b0d7fbf5-7de2-58e0-a54f-d6fec6d08a6a,"[""context:geometry_identity""]","[""6f0acd88-cd04-5f3f-915c-48a71fd51f39""]",government_record,State Ethics Commission files lawsuit against Elevate New Mexico,https://www.sec.nm.gov/wp-content/uploads/2026/04/2026-04-23-SEC-v.-Elevate-NM-Press-Release.pdf,New Mexico State Ethics Commission,new_mexico_state_ethics_commission_press_releases,rights-status-not-established,New Mexico State Ethics Commission,2026-04-23,2026-08-20,63e9b25e1e1f40121a66a58eeef3ee938c15e7b09ab65e47b8c44419d8cc7ba9
b133a4dc-126f-5e44-8841-f770b6fa9ad0,"[""geometry""]","[""7206a400-093d-5c92-b1c5-c4243807de29""]",government_record,Interim Baseline Report: KAO Data Centre,https://consult.environment-agency.gov.uk/psc/cmr-we4588ab-v017-9na-harlow-operations-limited/supporting_documents/Application%20%20Variation%20V002%20%20APPENDIX%20H%20%20Interim%20Baseline%20Report%20%20Kao%20Data%20Centre%202025%2031032025.pdf,Impact Geotechnical Limited,environment_agency_permit_application_supporting_document,all-rights-reserved,Impact Geotechnical Limited via Environment Agency public consultation,2025-03-13,2026-07-19T14:23:16Z,beed9e6e1cc4413078fd0a46c72e273f5d9adf36bbd4fcf2ef736142d635e5d9
b1f159c6-216e-5c92-9a98-9c2e0d27ad3a,"[""context:geometry_identity"",""geometry""]","[""df2b8f33-9c46-5f6a-9853-b47474606979""]",commercial_directory_record,NXDATA Bucharest 3,https://inflect.com/building/38-ring-road-tunari/nxdata/datacenter/nxdata-3,"Inflect, Inc.",inflect_datacenter_directory_pages,all-rights-reserved-fact-extraction-only,"Inflect, Inc.; compact factual extraction only",,2026-09-07T02:53:15Z,b548279e42881c26ff54e44fd92d6ade111c7ec98dbcdabeae7d3f70ab30f83b
b24c0246-2488-55e4-9022-3609124fd8c8,"[""geometry""]","[""adc32529-cea1-5d06-86de-334e63433be6""]",openstreetmap,OpenStreetMap way 1227173411: Blönduós,https://www.openstreetmap.org/way/1227173411,OpenStreetMap contributors,openstreetmap,ODbL-1.0,© OpenStreetMap contributors,2023-12-11T21:22:25Z,2026-07-18T18:15:02.152575Z,7d0bca3bdb8cefaf67a9bfc940f08817e402e4213f9b3728ec723878d70c6eb7
b2a12b58-767d-5517-9d63-a5d6fc6e9426,"[""geometry""]","[""01baa3bb-ea56-5f41-8c67-82dd84f87d51""]",openstreetmap,OpenStreetMap way 210537873: American Book Company Building,https://www.openstreetmap.org/way/210537873,OpenStreetMap contributors,openstreetmap,ODbL-1.0,© OpenStreetMap contributors,2025-11-24T16:39:43Z,2026-08-20T23:25:39Z,8f39e5ebd458a531152e933ac3b71cc105ad71692dd1da8920002d004570d5e9
b3d96fed-4eb9-53a1-a67b-848bbe9c4c4d,"[""context:source_location_identity"",""physical_status""]","[""5b11c034-5a3b-5e5d-bc6a-b7122e21fbec""]",company_disclosure,Cambois,https://q.com/data-centers/cambois/,QTS Data Centers,qts_data_center_location_pages,all-rights-reserved,QTS Data Centers,2024-11-04T16:41:55+00:00,2026-07-19T16:29:03Z,6eab7c0ac2af11363f89c7d3257d1e17e072a60b1bb1a15055d638acd770a06c
b4bdfbf2-b320-5186-8978-0076403b94c3,"[""geometry""]","[""ae484949-f575-5553-ad33-bc1f96eab345""]",government_record,Census Public_AR_Current match for 1300 Louis Henna Boulevard,https://geocoding.geo.census.gov/geocoder/,United States Census Bureau,us_census_geocoder,public-domain-us-government,United States Census Bureau,,2026-08-23,6815c7a64fb9ed59ceee8a132aef1ad4fee57ddb3c260fdeba09e5673592d666
b5ab4fb4-fff8-580c-8974-9c89f54ed8ec,"[""geometry""]","[""eaea9fff-9fd3-506f-a490-320f64d86dc3""]",government_record,Kendall County parcel centroid for C1 YORKVILLE LLC PIN 02-18-300-004,https://maps.co.kendall.il.us/server/rest/services/Hosted/Current_Cadastral_Features/FeatureServer/1/query,Kendall County GIS,kendall_county_current_cadastral_features,county-public-gis-fact-extraction-only,Kendall County GIS,,2026-09-07T02:58:42Z,6192994f7280ac81e887d52b54223d4b260d6a306d8d9326a9273ffb36547b27
b5e3c339-22cc-56ac-89f9-e8efbb471284,"[""context:source_location_identity""]","[""010c4071-5901-54ea-a312-f59d53358a0a""]",company_disclosure,Ezditek RUH01 PNU groundbreaking announcement,https://ezditek.com/2024/11/ezditek-breaks-ground-on-data-center-facility-in-riyadh-to-provide-a-foundation-for-ai-and-cloud-innovation-in-the-kingdom-of-saudi-arabia/,Ezditek,ezditek_company_news,all-rights-reserved,Ezditek,2024-11-18,2026-07-21T16:52:10Z,1d064701d614d8e14de399fc21be652d5e677c698fa2f63131fab05c97fce208
b6a4a704-8176-570e-8d48-4f118e5990b8,"[""context:source_location_identity"",""physical_status""]","[""4eeb97fa-8e1d-53de-ae86-eebc40e97d6f""]",company_disclosure,FRA-Mainz,https://greenmountain.no/data-center/fra-mainz/,Green Mountain,green_mountain_data_center_pages,all-rights-reserved,Green Mountain,,2026-07-21T07:52:28Z,f8720070b7d4048db848a9addbc489b34da0e75267e40813497dab14eccb1505
b91493e8-2d06-5029-8df8-bfc06d77f418,"[""context:geometry_identity"",""geometry""]","[""010c4071-5901-54ea-a312-f59d53358a0a""]",open_map,"OpenStreetMap way 1544103564, Ezditek RUH01",https://api.openstreetmap.org/api/0.6/way/1544103564/full.json,OpenStreetMap contributors,openstreetmap_api,ODbL-1.0,© OpenStreetMap contributors,2026-07-24T16:58:06Z,2026-08-23,b5ba6cc30c8c10bba2887c067dd1f1d48644123fcf83b7fedb6902f9fad540b8
bbc73b1a-ea07-52d6-a1a9-07e972f45a67,"[""physical_status""]","[""55f4eb88-750d-5aa5-b4cb-bd5b8e746fe6""]",government_record,El parque tecnológico Walqa refuerza su crecimiento con la nueva conexión directa con Huesca,https://www.aragonhoy.es/economia-competitividad-y-empleo/walqa-refuerza-crecimiento-nueva-conexion-directa-huesca-105562,Government of Aragón,aragon_government_news,all-rights-reserved,Government of Aragón,2026-06-25,2026-07-19T13:39:24Z,87a5b4b3b4809f9b4d2bf851095bd2f07aff3cb5551b3abf004653388c6876be
bd494c0b-3936-5cc0-844a-67cd0db22812,"[""physical_status""]","[""adc32529-cea1-5d06-86de-334e63433be6""]",utility_record,Borealis and Landsvirkjun sign a 12 MW power purchasing agreement,https://www.landsvirkjun.com/news/borealis-and-landsvirkjun-sign-a-12-mw-power-purchasing-agreement,Landsvirkjun,landsvirkjun_customer_updates,all-rights-reserved,Landsvirkjun,2026-06-23,2026-07-21T15:52:31Z,698796d45b3d72a23c93127e5203bd956702f9a76d714b26e7548db583cc26af
bf2135c6-1aa5-58e8-a318-7e67915aa1bb,"[""physical_status"",""typed_metric:critical_it_mw""]","[""7352e9b5-ecec-5497-8c62-3e6a8c7bd012""]",company_disclosure,Colt Frankfurt Three Hyperscale Data Centre | Frankfurt Data Centre | Colt DCS,https://www.coltdatacentres.net/en-GB/our-locations/data-centre-locations-europe/frankfurt-three,Colt Data Centre Services,colt_data_centre_location_pages,all-rights-reserved,Colt Data Centre Services,2024-08-06T22:49:08Z,2026-07-19T17:42:54Z,5408bd489729ba167e40678b5952ba827720f29edb239e7dbbc2fde4d40f5348
bfd574ee-1aca-5897-81a1-5d7d6a9cfbfb,"[""context:source_location_identity"",""physical_status""]","[""4f39070f-83dd-557a-a1b0-88408f56c1fb""]",government_record,Communication et numérique : le Niger ambitionne de devenir un hub régional des télécommunications,https://www.gouv.ne/index.php/actualite-des-ministeres/1200-communication-et-numerique-le-niger-ambitionne-de-devenir-un-hub-regional-des-telecommunications,Gouvernement de la République du Niger,niger_official_data_center_updates,all-rights-reserved,Gouvernement de la République du Niger,2026-06-18,2026-07-21T15:53:35Z,96810113fba7a58ddffe4d8f1ce6fec016c7a58478ebd9db59594eb992e743bd
c0b3ca09-1341-5395-9301-9f6a2d67cf0c,"[""context:geometry_identity"",""geometry""]","[""0bac3fe4-c3dd-54ba-a500-e37599191432""]",openstreetmap,OpenStreetMap way 1495920404: Colt London 4,https://www.openstreetmap.org/way/1495920404,OpenStreetMap contributors,openstreetmap,ODbL-1.0,© OpenStreetMap contributors,2026-07-31T13:20:32Z,2026-08-21T01:21:08Z,ed7d8e290bb1600dcb013e40b6fcc95ada3aad357b3a0e3083008301b0ed1b09
c0c12077-d7b0-52e3-b28e-36e17780232d,"[""context:geometry_identity""]","[""86bcbcd1-702d-5afa-aeb8-1cb145224b97""]",government_record,"Village of Hebron Planning and Zoning Board minutes - March 7, 2024",https://villageofhebron.squarespace.com/s/P-Z-030724-Minutes.pdf,"Village of Hebron, Ohio",village_of_hebron_public_meeting_records,rights-status-uncertain-fact-extraction-only,"Village of Hebron, Ohio",2024-03-07,2026-08-23,1fa58cfb5e19b8d95b18284001325a0d1cc5baa07204017265abdd61a89dc21e
c60bd787-0b0f-5365-99e6-bf581316152b,"[""context:source_location_identity""]","[""3b636397-fbb2-5564-a352-fa1382a218b5""]",company_disclosure,Port Washington (Lighthouse) Data Center Campus,https://vantage-dc.com/data-center-locations/north-america/port-washington-wisconsin,Vantage Data Centers,vantage_data_center_location_pages,all-rights-reserved,Vantage Data Centers,,2026-07-19T18:33:46Z,7eed1e19447c03d97e3da15684de3eb7a1ceb12e61dbec110e3ecb638ecebec3
c6cc7f23-5fd6-5f6a-9efb-af631204f5c3,"[""context:source_location_identity"",""physical_status""]","[""9c34c305-5149-5961-b88f-648da82351f7""]",company_disclosure,Canberra | CDC Data Centres,https://www.cdc.com.au/locations/canberra/,CDC Data Centres,cdc_data_centres_location_pages,all-rights-reserved,CDC Data Centres,,2026-07-21T05:32:34Z,2ed5c67bfe164a1941dcbc6425cb3610afc60ddba5525bd487fd720821468eed
c721a602-e557-5a4d-8518-d5fce69a64d2,"[""physical_status""]","[""938feeec-a323-56e0-b6ce-2590fe58e623""]",company_disclosure,"AI Data Centers: Investing in Communities, Powering the Future",https://www.oracle.com/data-centers/,Oracle,oracle_data_center_pages,all-rights-reserved,Oracle,,2026-07-21T06:07:08Z,3222773fcc16f4415692dd48c2254c15b00ea3bd5c5e4a1d4988a7a977b05e91
c8ca490d-34ed-5e9c-93d5-3d12f2217d8f,"[""physical_status""]","[""5c366d64-4bb5-5c28-ab62-ec20d60fb31a""]",company_disclosure,CDC Eastern Creek EC6 current status,https://cdc.com.au/locations/sydney/,CDC Data Centres,cdc_current_location_pages,all-rights-reserved,CDC Data Centres,,2026-07-21T17:12:46Z,66d6de9440d4496482af80159cbe361afdb8e36bdebd5edf81ac1c65f1337620
cab7dc15-ee5d-56ec-8e4c-3157a35255e7,"[""physical_status""]","[""85cb6e56-ec73-5685-82e7-15e4ef96106b""]",company_disclosure,Edged Council Bluffs first data center topping-out post,https://www.linkedin.com/posts/edgedenergy_edgedus-councilbluffs-omaha-activity-7483966398021390336-wI13,Edged,edged_linkedin_company_posts,all-rights-reserved,Edged,2026-07-17T19:30:34.634Z,2026-07-20T06:09:20Z,007da7d0a085b98374f64c7c6bc7d5a916613e8585fa7a3d5ede12a390602aed
ce28239d-1c35-5043-9373-97416961a743,"[""geometry""]","[""164033cb-411d-5ffb-ab5d-b04bdecfa1ac""]",open_map_geometry,OpenStreetMap way 1336972876 — CDC Marsden Park Campus,https://api.openstreetmap.org/api/0.6/way/1336972876/full.json,OpenStreetMap contributors,openstreetmap_api,ODbL-1.0,© OpenStreetMap contributors,2026-05-24T13:51:52Z,2026-08-20T23:53:37Z,f176dfe0fd79fca768f9290dc5aa2204df379204403753640b3d48015b0fe8d8
d05112cf-0117-5f1a-9b7a-4087ec4f5c8f,"[""physical_status"",""role:operator""]","[""9cceddca-71bc-52f2-a417-e9fdf0d7faa3""]",company_disclosure,CDC Laverton Melbourne Campus current status,https://www.cdc.com.au/locations/melbourne/,CDC Data Centres,cdc_current_location_pages,all-rights-reserved,CDC Data Centres,,2026-07-21T17:12:46Z,a0d4bd0f390ef6c046c90e5fe4e1b0fc448b09a936ab30a9a3aabf3045304769
d0865f65-7e1e-59ab-989c-2d49ec5ce196,"[""geometry""]","[""7352e9b5-ecec-5497-8c62-3e6a8c7bd012""]",openstreetmap,OpenStreetMap way 1417621831: Colt FRA3,https://www.openstreetmap.org/way/1417621831,OpenStreetMap contributors,openstreetmap,ODbL-1.0,© OpenStreetMap contributors,2025-11-17T19:25:02Z,2026-07-18T18:15:02.152575Z,de6b9748f0a805648ed3fd2322a8c225af5de43c88d29e463f719e67b13f36f0
d1fe732e-4201-53e9-a9b8-cf57e9150699,"[""physical_status""]","[""a072994f-1b7d-5cc8-98b7-bc79c666c6c3""]",company_disclosure,Pure DC Secures $2.7 Billion to Accelerate AI Infrastructure Growth Across Europe and the Middle East,https://puredc.com/2026/05/27/pure-dc-secures-2-7-billion-to-accelerate-ai-infrastructure-growth-across-europe-and-the-middle-east,Pure DC,pure_dc_news,all-rights-reserved,Pure Data Centres Group,2026-05-27,2026-07-21T02:33:53Z,3b66e738b66ecff72c4886f30427463f4a6f4105bb7e448a609847b514f7434b
d4d4c451-8160-5936-8b49-30b9cebad256,"[""geometry""]","[""f6d1bce2-6fc7-5fd8-a1fb-55d5fe4cd8e9""]",open_map_record,OpenStreetMap way 639973556 Iskandar Halal Park Phase 1,https://api.openstreetmap.org/api/0.6/way/639973556/full.json,OpenStreetMap contributors,openstreetmap_way_full_api,ODbL-1.0,"Contains information from OpenStreetMap, which is made available under the Open Database License (ODbL).",2025-02-10T09:07:36Z,2026-08-23,523924a2f7af099493df9076ea379253c7d043f9d1af135f468de0f8c04ed03a
d4f91e87-3ea2-5833-b19d-fd5a3ca7b591,"[""physical_status"",""typed_metric:critical_it_mw""]","[""3170da28-25e1-5859-b606-f86c78ba5c0f""]",company_disclosure,Scala Data Centers Portfolio,https://scaladatacenters.com/en/data-centers-en/,Scala Data Centers,scala_data_center_portfolio_pages,all-rights-reserved,Scala Data Centers,,2026-07-21T07:52:27Z,8a78e94b27e3cc375549845cf680b76eb678b19605de0c1411dbc6aafc84972b
d54597bf-8089-5001-969c-0357d6218721,"[""physical_status"",""typed_metric:critical_it_mw""]","[""59a74e45-2dd2-5204-9c65-5430e8fc3148""]",company_disclosure,"Teraco announces CT1 data centre expansion in Rondebosch, Cape Town",https://www.teraco.co.za/news/teraco-announces-ct1-data-centre-expansion-in-rondebosch-cape-town/,Teraco,teraco_newsroom,all-rights-reserved,Teraco,2026-07-17,2026-07-21T05:27:43Z,7a0daa8edc0c82b8c876250b187cbb0acbbe8e9c766080d868227d6660c8161e
d7e6bc2e-63fd-5cb3-a118-03bec050c1e6,"[""physical_status""]","[""ccb7fe0e-f94d-58ca-8d36-695a9cd48d56""]",company_disclosure,"Microsoft completes construction on first datacenter facility in Mount Pleasant, Wisconsin",https://news.microsoft.com/source/2026/06/23/microsoft-completes-construction-on-first-datacenter-facility-in-mount-pleasant-wisconsin/,Microsoft,microsoft_official_news,all-rights-reserved,Microsoft,2026-06-23,2026-07-19T13:13:42Z,7234fda5abd4dd9da1776fd89bdc85e090636fe908311b480d793aa8a3c05fa0
d9a29ab2-cb25-5e79-a336-da8c0f65241c,"[""geometry""]","[""52d209cc-c8cd-5f8a-8337-cd887187f383""]",government_record,"Danmarks Adresseregister access-address point for Sahara 9, Esbjerg",https://api.dataforsyningen.dk/adgangsadresser/b0351879-20c7-47f9-8cde-54dad6a417a8?format=geojson&srid=4326,Klimadatastyrelsen,denmark_authoritative_address_register_points,CC-BY-4.0,Klimadatastyrelsen / Danmarks Adresseregister (DAR); CC BY 4.0,,2026-09-07T02:43:39Z,91c713f41cf392a2ea54625308c13b9e5d9311ebe8bc2415a27db8b14187e099
dade6560-49d7-533a-b104-c9d3991df3eb,"[""context:source_location_identity""]","[""85cb6e56-ec73-5685-82e7-15e4ef96106b""]",company_disclosure,Edged Breaks Ground on 200 MW Council Bluffs Data Center to Power AI,https://edged.us/news/edged-breaks-ground-on-200-mw-council-bluffs-data-center-to-power-ai,Edged US,edged_newsroom,all-rights-reserved,Edged US,2025-10-29,2026-07-20T06:09:20Z,d5644b680decb7be50aa40a7272070a580c6630256cc236e8cd05c9efbf4a7d8
dbcd6b98-bd03-5c22-b783-83ec2859ea0b,"[""context:source_location_identity"",""physical_status""]","[""83efe2e8-3b4b-5260-b4ca-d1dbc653b792""]",company_disclosure,CDC Brooklyn Melbourne Campus current status,https://www.cdc.com.au/locations/melbourne/,CDC Data Centres,cdc_current_location_pages,all-rights-reserved,CDC Data Centres,,2026-07-21T17:12:46Z,a0d4bd0f390ef6c046c90e5fe4e1b0fc448b09a936ab30a9a3aabf3045304769
dc629454-e376-50b1-aecf-b16ac4408021,"[""geometry""]","[""6b62c459-dc75-5f31-87d4-d6dbf47de8b0""]",government_record,Loudoun County parcel 045465016000,https://logis.loudoun.gov/gis/rest/services/COL_WebMercator/Parcels4DIT/MapServer/0/query,"Loudoun County, Virginia",loudoun_county_parcels4dit,Loudoun-County-GIS-disclaimer,"Loudoun County, Virginia",,2026-09-07T02:41:10Z,de595d9f59a4e5c6be959aafe2694df6c3f75a715352dab3579982d80aa33f3c
dfffb2f5-ca78-5c98-bef7-2b58e7c98238,"[""geometry""]","[""4a934222-f3af-5945-bb46-b98bfaef89b7""]",government_event_project_locator,Junta de Andalucía agenda 217027 — colocación de la primera piedra de SP01,https://www.juntadeandalucia.es/organismos/sobre-junta/altos-cargos/agenda/detalle/217027.html,Junta de Andalucía,junta_andalucia_official_agenda,rights-status-not-established,Junta de Andalucía,2026-06-25,2026-08-20T21:45:58Z,80ec02820f9c070b8416ba1a168fc1eee71b0ced77f1680f31d1408a73ea8bc3
e049970c-d467-5fc5-9e5c-6660606eb9be,"[""geometry""]","[""d1538d73-e301-5203-9e49-924b20051374""]",government_record,Alberta Township System quarter sections named by Sturgeon County DP-26-0028,https://geospatial.alberta.ca/titan/rest/services/ags_apps/ags_apps_alberta_township_system/MapServer/2/query,Government of Alberta,alberta_township_system_arcgis,Open-Government-Licence-Alberta,Government of Alberta,,2026-09-07T02:25:17Z,f55a2324cb403d33cd89deaa6ce47b2e27bb24b77845403c3d1d6d1005194a3a
e07bd94a-9734-5f78-a7b6-d69e757357c2,"[""geometry""]","[""9cceddca-71bc-52f2-a417-e9fdf0d7faa3""]",openstreetmap,OpenStreetMap way 263915226: CDC Laverton,https://www.openstreetmap.org/way/263915226,OpenStreetMap contributors,openstreetmap,ODbL-1.0,© OpenStreetMap contributors,2026-03-28T13:12:28Z,2026-07-18T18:15:02.152575Z,ec90941f2eaf98064fec75723344e8c50654ccddacd73369e500b7f3707d7ca4
e0c26d7e-7fcb-5f72-8b46-02986a635772,"[""physical_status""]","[""98e47ac5-8576-53f7-ab71-9f3d683b5ec5""]",company_disclosure,AST Jāņciems building completion and fitting-out start,https://www.ast.lv/en/events/commissioning-new-building-latvias-power-system-main-dispatcher-control-and-data-centre,"AS ""Augstsprieguma tīkls""",ast_official_events,all-rights-reserved,"AS ""Augstsprieguma tīkls""",2026-06-27,2026-07-21T17:05:00Z,a3c1bfc5be6ef5c7cabab917e35122be42fb51c4770608a625090c2448953185
e0cbb7f3-f4ab-52c7-a4ed-10424c78e411,"[""physical_status""]","[""6f0acd88-cd04-5f3f-915c-48a71fd51f39""]",company_disclosure,"AI Data Centers: Investing in Communities, Powering the Future",https://www.oracle.com/data-centers/,Oracle,oracle_data_center_pages,all-rights-reserved,Oracle,,2026-07-19T18:33:46Z,b61b6a48d4399cd02f84781e27ea94b1ce1d66c2e82d95df1648842aae831371
e14a808e-a9b6-5304-9e5e-6e9a2cd1db0b,"[""physical_status""]","[""52d209cc-c8cd-5f8a-8337-cd887187f383""]",company_disclosure,CIP and Thylander start construction of energy-integrated data centre in Denmark backed by PensionDanmark,"https://www.cip.com/copenhagen-infrastructure-partners-p-s/r/cip-and-thylander-start-construction-of-energy-integrated-data-centre-in-denmark-backed-by-pensionda,c4383657?nfiid=3202",Copenhagen Infrastructure Partners,copenhagen_infrastructure_partners_project_updates,all-rights-reserved,Copenhagen Infrastructure Partners,2026-08-13,2026-09-07T02:42:15Z,ea1f95ceea5198f74bb5bc6eb74a776045c47164f69351151774e72eaa13dced
e1894c7c-8c01-5b4d-9b09-4d28bcd050c2,"[""physical_status""]","[""7206a400-093d-5c92-b1c5-c4243807de29""]",company_disclosure,Infratil FY2026 Annual Results Presentation,https://api.nzx.com/public/announcement/473284/attachment/469320/473284-469320.pdf,Infratil Limited,nzx_company_announcement,all-rights-reserved,Infratil Limited via NZX,2026-05-26T08:30:10+12:00,2026-07-19T14:23:16Z,253b86ebd57dcd24f6807269653a1cb15c923c5259014b697d0c0ea255b6c789
e2169f4d-f349-5a9c-8e37-03a4ee09aa49,"[""context:source_location_identity"",""physical_status""]","[""ae6f1b86-660b-54e9-bdb0-d29bfeedc551""]",company_disclosure,Cedar Rapids,https://q.com/data-centers/cedar-rapids/,QTS Data Centers,qts_data_center_location_pages,all-rights-reserved,QTS Data Centers,2025-02-12T19:34:55+00:00,2026-07-19T16:29:03Z,b42fe80b92a4af49d68864c87f42483a68414bff15280be439d810a703fa924b
e5706273-3ece-59fe-9473-861294daece9,"[""context:source_location_identity"",""physical_status""]","[""31635fdf-a7a6-52c8-91dc-f64e5c7d10d3""]",company_disclosure,Related Digital Cheyenne Project Overview,https://www.related-digital.com/wyoming,Related Digital,related_digital_project_pages,all-rights-reserved,Related Digital,,2026-07-20T17:32:09Z,96662e2e42875d37ee182665b40e0b54ac086365fb2eb2633b5a8e1cf5105783
e702223c-2730-5dda-90f9-ab59caa40a76,"[""context:geometry_identity"",""geometry""]","[""e2c7ea58-17cc-594d-8b98-56ca08988c99""]",government_record,Environmental impact report - China Mobile (Qinghai Haidong) Data Center Phase 2 Stage 1,https://www.haidong.gov.cn/haidongos/ewebeditor/uploadfile/2025051314534893333.pdf,Haidong Municipal People's Government,haidong_government_environmental_assessment_records,all-rights-reserved,Haidong Municipal People's Government,2025-05-13,2026-09-07T02:24:44Z,17b3d141857a4b0dcc92c59bf35a6349bf844525f7cd9c6d470b22ee655d9c2e
e7f25be7-7451-526c-b584-30468a12afe5,"[""geometry""]","[""c71872a1-fc95-5d5b-8ee8-6b5082e974df""]",government_record,LINZ NZ Primary Parcels - four Datagrid Makarewa core-campus parcels,https://services.arcgis.com/xdsHIIxuCWByZiCB/ArcGIS/rest/services/LINZ_NZ_Primary_Parcels/FeatureServer/0/query?where=appellation+IN+%28%27Lot+1+DP+595572%27%2c%27Lot+2+DP+595572%27%2c%27Lot+3+DP+595572%27%2c%27Lot+2+DP+526953%27%29&outFields=OBJECTID%2cid%2cappellation%2cparcel_intent%2ctopology_type%2cland_district%2ctitles%2csurvey_area%2ccalc_area%2cShape__Area%2cShape__Length&returnGeometry=true&outSR=4326&orderByFields=appellation+ASC&f=geojson,Land Information New Zealand,linz_nz_primary_parcels,CC-BY-4.0,Crown copyright - Land Information New Zealand; CC BY 4.0,,2026-09-07T02:26:38Z,e8823967334879161cf139277879260228bea45bd079647ec71467f5718a6059
e8b0b9c1-e565-5bea-be8f-a8f5c4eeb6df,"[""context:geometry_identity"",""geometry""]","[""4f39070f-83dd-557a-a1b0-88408f56c1fb""]",government_record,"Final environmental and social impact assessment - national data center at PK5, Niamey II",https://www.bnee.ne/wp-content/uploads/2022/08/Rapport-de%CC%81finitif-EIES-DATACENTER-PK5-Niamey_VP.pdf,"Bureau National d'Evaluation Environnementale, Republic of Niger",niger_bnee_environmental_assessment_records,all-rights-reserved,"Republic of Niger, Ministry of Posts and New Information Technologies / BNEE",2022-08,2026-09-07T03:05:27Z,f9fc8e51e9cabc4e6bfd30f9b09f678a2a68fb92a61b1f62973c41210f108fb1
eb188ade-b0ff-5b98-bbd4-83cee821ca4b,"[""geometry""]","[""b3b98301-a692-5790-88e7-656d77e8fb69""]",openstreetmap,OpenStreetMap way 697501723: NTT Global Data Centers Campus,https://www.openstreetmap.org/way/697501723,OpenStreetMap contributors,openstreetmap,ODbL-1.0,© OpenStreetMap contributors,2025-03-19T07:24:48Z,2026-07-18T18:15:02.152575Z,3ef1c1d409ae82081ccab69c5133c7b5419dea546ca0b8d58d831d31891c1a4a
ec302d8d-d1c0-594f-88f7-708f6642e827,"[""physical_status"",""role:customer"",""workload"",""workload_scope:intended""]","[""7d936c4e-29f2-592f-984b-61f5d6367fc8""]",company_disclosure,"Related Digital, Blackstone, Oracle, OpenAI, Walbridge and Governor Whitmer celebrate construction of Stargate campus in Saline Township",https://www.related.com/press-releases/2026-06-01/related-digital-blackstone-oracle-openai-walbridge-and-governor-whitmer,Related Digital,related_digital_official_news,all-rights-reserved,Related Digital,2026-06-01,2026-07-19T13:34:32Z,a887982bd207937237fb61986c2343680ff963c9826660a5ca37e649347b2bda
ec98aabb-2dd1-5a20-813a-cb4682042aa2,"[""geometry""]","[""c160d8d5-7572-53c2-8051-cd7990b1f771""]",company_disclosure,ODATA DC SP04 facility page,https://odatacolocation.com/blog/data-center/dc-sp04/,ODATA,odata_facility_pages,all-rights-reserved-fact-extraction-only,ODATA,,2026-09-07T02:50:22Z,981fe60e0686e205e2ad56f613962f0bc24ba0d49b378348cf81bfb45c1bcae2
ed8d1d3a-d3bf-5121-99f1-8da8caaebd1e,"[""context:source_location_identity"",""physical_status""]","[""ae484949-f575-5553-ad33-bc1f96eab345""]",company_disclosure,SDC Austin Building B Progress Q2 2026,https://sabeydatacenters.com/news/sdc-austin-progress-q2-2026,Sabey Data Centers,sabey_data_centers_news,all-rights-reserved,Sabey Data Centers,2026-06-16,2026-07-22T01:35:53Z,95ab882f066671c2c3ba51fda484fa92007b6d6074cba25a001e6d2db8efb92e
ee256a2f-4e9b-5224-a6ce-e4f95c4a11ed,"[""geometry""]","[""0cdff49d-f05c-5993-acd1-d1259fd80165""]",openstreetmap,OpenStreetMap way 38246899: Pure DC London Brent Cross,https://www.openstreetmap.org/way/38246899,OpenStreetMap contributors,openstreetmap,ODbL-1.0,© OpenStreetMap contributors,2026-04-11T22:23:42Z,2026-07-18T18:15:02.152575Z,a0b663dfa5f66aa8e081ea7e1e57751ae329c2069a32375cfe20e87487a131dd
ef77b545-7802-50fa-b150-20b050eddec0,"[""geometry""]","[""3170da28-25e1-5859-b606-f86c78ba5c0f""]",government_record,Chile MMA SIMBIO SEIA representative point for expediente 2162968448,https://simbio.mma.gob.cl/DPA/GetSEIA?Codigo=13,Ministerio del Medio Ambiente de Chile - SIMBIO,chile_mma_simbio_seia_project_points,no-use-restriction-stated-for-reference-cartography,Ministerio del Medio Ambiente de Chile - SIMBIO,,2026-07-21T09:26:39Z,f1725341e873eb005b8d3a9566980d9d0b10173b97b9c5527e0173bb2062ebd6
efe5b5c9-7394-5f0c-951b-051197168c49,"[""geometry""]","[""b284fbeb-8cd9-5448-860d-b4f69bb8bd7a""]",openstreetmap,OpenStreetMap way 899514480: MU4,https://www.openstreetmap.org/way/899514480,OpenStreetMap contributors,openstreetmap,ODbL-1.0,© OpenStreetMap contributors,2023-06-28T10:23:29Z,2026-07-18T18:15:02.152575Z,3e8adcb0dec3356044170522789b928fdc98bcbb94070fe9bcc1a48831582e5b
f16b034b-60d8-5826-841a-1acaa849a930,"[""geometry""]","[""42e50e84-873d-562d-b6d2-945ccf04b0e8"",""aa93c84a-17d6-5092-bf57-686f7e1ab4a4"",""e4e51c8d-a98e-50a4-ba16-0795f1f3f63a""]",openstreetmap,OpenStreetMap way 1533569836: STT Jakarta 1,https://www.openstreetmap.org/way/1533569836,OpenStreetMap contributors,openstreetmap,ODbL-1.0,© OpenStreetMap contributors,2026-06-29T16:03:03Z,2026-07-18T18:15:02.152575Z,dcf9e3616e24371f0d9b0b49ff61da6ee1a31e4be3484826b967ae8b64357016
f1f4c429-166d-5a2f-9757-669775b964a8,"[""context:source_location_identity"",""physical_status""]","[""b2e4945f-3d75-5d9b-b2bb-d65deb74c405""]",company_disclosure,Digital Edge Tops Out CGK1 and Secures Indonesia's Largest Single-Campus Power Deal with PLN,https://id.digitaledgedc.com/news/digital-edge-tops-out-cgk1-secures-largest-indonesia-power-deal,Digital Edge Indonesia,digital_edge_indonesia_newsroom,all-rights-reserved,Digital Edge Indonesia,2026-06-08T01:58:41+00:00,2026-07-20T00:52:02Z,0a7bbd094f67937d1453e784c12c56e15e99c3ffab8a76c51b2fad9c7ffc2d25
f2719198-4703-59c9-96b5-e3d57823149f,"[""context:geometry_identity""]","[""9c34c305-5149-5961-b88f-648da82351f7""]",government_record,DA 202341644 BE1 Data Centre landscape plan,https://dafinder.blob.core.windows.net/dadocuments/DOCs/LSCAPE-202341644-06.pdf,ACT Government Development Applications,act_development_application_documents,rights-status-uncertain-fact-extraction-only,CDC Data Centres; ACT Government,,2026-08-23,8da77a17f55bef0a288e5e17fd8ebd572d649b03d417a15842ab9fa6c718fc04
f3905471-9d3d-5be1-9e61-e78c956f4384,"[""physical_status""]","[""48eb54d5-dd3f-51a3-aeed-1ddce1949763""]",company_disclosure,"Scaling India's data centres responsibly for the AI Era: Bridging People, Planet and Growth",https://resources.adaniconnex.com/blog/scaling-indias-data-centres-responsibly-for-the-ai-era-bridging-people-planet-and-growth,AdaniConneX,adaniconnex_current_development_updates,all-rights-reserved,AdaniConneX,2026-06-01,2026-07-21T16:11:00Z,ec057dbf5efe7c0b5f8344cbdd7e74b1cf1d208c8ff2545c1f4f4dc45b6721ff
f4df0775-4afa-5f48-b9f9-d9098c0be99f,"[""physical_status""]","[""df2b8f33-9c46-5f6a-9853-b47474606979""]",company_disclosure,"From vision to reality, NXDATA-3 is taking shape",https://www.linkedin.com/posts/nxdata_nxdata-nxdata3-datacenter-activity-7467582788171616256-fwVo,NXDATA,nxdata_official_linkedin_company_posts,all-rights-reserved,NXDATA,2026-06-02T14:27:57.661Z,2026-07-22T04:32:14Z,223500aa0494aed1c10a6518b1946feb042244390eaf720e0069a12c9c4422f2
f6d41f05-04ff-5e9b-8be6-164d895d24d6,"[""geometry""]","[""1f33fed8-b0f9-50e2-8fac-56d135325c27""]",government_statistical_boundary,e-Stat 2020 census small area 12232032005 (桜台五丁目),https://www.e-stat.go.jp/gis/statmap-search/data?dlserveyId=A002005212020&code=12232&coordSys=1&format=shape&downloadType=5&datum=2011,Portal Site of Official Statistics of Japan (e-Stat),estat_2020_census_small_area_boundaries,e-stat-terms-compatible-with-CC-BY-4.0,Portal Site of Official Statistics of Japan (e-Stat); Statistics Bureau of Japan; selected Shapefile feature converted to GeoJSON by Data Center Atlas,,2026-08-23,5ba903e6c0df158856c8478867c665f9c40736fcc7be989acb035aba97c41ca8
f7185801-68f1-568d-ac6f-602eb4be0e8b,"[""physical_status""]","[""010c4071-5901-54ea-a312-f59d53358a0a""]",company_disclosure,Ezditek RUH01 physical-fitout update,https://www.linkedin.com/embed/feed/update/urn:li:activity:7473316883811930112,Ezditek,ezditek_official_updates,all-rights-reserved,Ezditek,2026-06-18,2026-07-21T16:52:10Z,48e9d6bd33bc864e2fded0653222b7d0594bd19d86da0404b7d76e70b37a32b4
f9be097a-99d8-5f60-9672-146a49d37f53,"[""physical_status"",""typed_metric:critical_it_mw"",""workload"",""workload_scope:intended""]","[""4a934222-f3af-5945-bb46-b98bfaef89b7""]",government_record,Alto construye un centro de datos de última generación en Granada,https://www.investinspain.org/es/noticias-main/2026/alto,"Invest in Spain, ICEX España Exportación e Inversiones",icex_invest_in_spain_news,all-rights-reserved,"Invest in Spain, ICEX España Exportación e Inversiones",2026-07-09,2026-07-20T08:33:14Z,9f55a303819fa94306ea8f99918bf6c807d6eeafee4862f11a7d085681d0587a
fa1a4303-efd0-5426-adb3-2878bca8bb28,"[""geometry""]","[""fb943def-5b5b-5192-8bb9-599e4cf616cc""]",government_record,Census Public_AR_Current match for 577 Oberlin Avenue,https://geocoding.geo.census.gov/geocoder/,United States Census Bureau,us_census_geocoder,public-domain-us-government,United States Census Bureau,,2026-08-23,41868595018e02af291eaf247ad5b495b729685b0a5be0bf944ed427096c8fb7
fe31df1e-f46a-568b-a22e-fdfa171a9d8d,"[""context:source_location_identity""]","[""a072994f-1b7d-5cc8-98b7-bc79c666c6c3""]",company_disclosure,Amsterdam (Westpoort) - Pure DC,https://puredc.com/amsterdam,Pure DC,pure_dc_site_pages,all-rights-reserved,Pure Data Centres Group,,2026-07-21T02:33:53Z,40c58a7d526be42e169440defc831270b1d548b3b5910a8b99719cdba9b7dcd4
ff1fe928-217c-5369-8ab1-5dce1a637677,"[""geometry""]","[""44130f9f-95af-5f19-9fcf-47aabd3a5c8b""]",government_record,Akashi 110/10 kV substation center within Astana cadastral parcel 21-324-059-695,https://ecoportal.kz/Rubric/RubService/LoadFile/59205,Unified Environmental Portal of Kazakhstan,kazakhstan_environmental_project_records,no-license-stated-for-compact-factual-extraction,Unified Environmental Portal of Kazakhstan,,2026-07-21T14:56:01Z,de22fb8e3444bb0190c8eb91990a4537321729b294258f2729f79aaba4c2ffa7
ff80fe7d-ec91-5ce0-877e-6efc6f9289a5,"[""physical_status""]","[""65e8849e-2ebe-5d58-be63-299cbbcf8d23""]",company_disclosure,Information for Denver Neighbors and Community Members — DE3 Construction,https://www.coresite.com/en-us/data-centers/denver/de3-construction,CoreSite,coresite_official_website,all-rights-reserved,CoreSite,,2026-07-20T10:42:21Z,fb4f5a3e686d22a50c921c9264e7045ca318a687fc17daa0bfe91885f304f7fb
