evidence_id,roles_json,project_ids_json,kind,title,source_url,publisher,source_family,license,attribution,published_at,retrieved_at,content_hash
0176052f-124b-5bf9-b361-a5c97cb98b62,"[""physical_status""]","[""8f8c241d-ee6b-5182-8a76-ebb101a3f4c2""]",company_disclosure,Verne begins construction of the first 70 MW on its data center campus in Mäntsälä,https://www.verne.co/news/news-verne-begins-construction-of-the-first-70-mw-on-its-data-center-campus-in-m%C3%A4nts%C3%A4l%C3%A4,Verne,verne_news,all-rights-reserved,Verne,2026-06-17,2026-07-21T00:05:01Z,2ec376832ffe1fb1c1313375cebc197834b657cec18beec6df37dc2152795ebc
0319c9a2-0161-5f88-ad38-3fd3aa0e3ea3,"[""physical_status""]","[""38033ec9-dbd8-56bb-8a35-0fa91dd284e2""]",company_disclosure,Ten Brinke Data Center Spata current-project page,https://www.tenbrinke.com/en/projects/current-projects/current-projects-details/data-center-spata-26-1052-gr.html,Ten Brinke Group,ten_brinke_current_project_pages,all-rights-reserved,Ten Brinke Group,,2026-07-21T17:05:00Z,9ef57bbcb1517843d3e2e0f399d645147433f9896b1ece41f062cff8c5273c1a
04eb4e29-b035-5d4f-b6dc-ababe98ba94e,"[""geometry""]","[""bb8ba3ad-d563-5f84-a543-079a10264640""]",government_record,"City of Gosnells IntraMaps property result, Lot 500 / 582 Bickley Road",https://maps.gosnells.wa.gov.au/intramaps22A/?project=Gosnells,City of Gosnells,city_of_gosnells_intramaps_property,rights-status-uncertain-fact-extraction-only,City of Gosnells,,2026-08-23,40dbab2d5aa393d92f1f60e27c366d72336764d0a15ba650a6518074f09863d6
077a6629-8396-549b-92c0-cdec324067f3,"[""physical_status""]","[""9ddf0df3-e40c-515f-9468-ed78f063513b""]",company_disclosure,"Time-Lapse Video - TX4 Garland, TX",https://www.linkedin.com/posts/ntt-global-data-centers_time-lapse-video-tx4-garland-tx-activity-7473147125938147328-uZsM,NTT Global Data Centers,ntt_global_data_centers_linkedin,all-rights-reserved,NTT Global Data Centers via LinkedIn,2026-06-17T22:58:39.165Z,2026-07-20T05:41:07Z,aad2ec60df3f58a87d98d5656f58da9305c701276083920aa939b0510c554dad
09530596-5c39-5d1c-881f-6993227a10d1,"[""typed_metric:critical_it_mw""]","[""aa93c84a-17d6-5092-bf57-686f7e1ab4a4""]",company_disclosure,STT Jakarta 3 Factsheet,https://assets.sttelemediagdc.com/sttgdc/global_en/public/2026-07/STT_Jakarta_3_Factsheet-vJul2026.pdf,ST Telemedia Global Data Centres,stt_gdc_facility_factsheets,all-rights-reserved,ST Telemedia Global Data Centres,2026-07-16,2026-07-19T19:09:17Z,79219de45833e9cdb149c37a1cfbc644ac805b2e7be7fbdbfcad6de90347a240
0a66a7cc-d742-528e-91a8-06a6fd1f84e6,"[""context:source_location_identity""]","[""c71872a1-fc95-5d5b-8ee8-6b5082e974df""]",government_record,LINZ NZ Primary Parcels - four Datagrid Makarewa core-campus parcels,https://services.arcgis.com/xdsHIIxuCWByZiCB/ArcGIS/rest/services/LINZ_NZ_Primary_Parcels/FeatureServer/0/query?where=appellation+IN+%28%27Lot+1+DP+595572%27%2c%27Lot+2+DP+595572%27%2c%27Lot+3+DP+595572%27%2c%27Lot+2+DP+526953%27%29&outFields=OBJECTID%2cid%2cappellation%2cparcel_intent%2ctopology_type%2cland_district%2ctitles%2csurvey_area%2ccalc_area%2cShape__Area%2cShape__Length&returnGeometry=true&outSR=4326&orderByFields=appellation+ASC&f=geojson,Land Information New Zealand,linz_nz_primary_parcels,CC-BY-4.0,Crown copyright - Land Information New Zealand,,2026-09-07T02:26:38Z,e8823967334879161cf139277879260228bea45bd079647ec71467f5718a6059
0ba37f72-6f9b-5d8f-8b8e-8b66e03dbb11,"[""context:project_context""]","[""ea4a0cc5-bb09-5a81-b385-38ae79baf22a""]",company_disclosure,IC3 Super West Facility - Macquarie Park Data Centre Campus,https://www.macquariedatacentres.com/wp-content/uploads/sites/5/2023/09/Data-Centres-Data-Sheet-IC3-Super-West-Specs-230923.pdf,Macquarie Data Centres,macquarie_data_centres_specifications,all-rights-reserved,Macquarie Data Centres,,2026-07-20T00:53:38Z,bc455a2fa3310e76108b15e8459292aea83dea36beb0fafbc91d2e17ec04e6ce
0bb1b8a1-24a2-5e40-818e-29621e6017d1,"[""physical_status""]","[""08d881e7-8a1c-50da-81a5-d2ef49f22a7a""]",company_disclosure,Paris 2 Data Centre | Data Centres in Paris | Colt DCS,https://www.coltdatacentres.net/en-GB/our-locations/data-centre-locations-europe/paris-2,Colt Data Centre Services,colt_data_centre_location_pages,all-rights-reserved,Colt Data Centre Services,2025-05-14T12:57:10Z,2026-07-19T17:42:54Z,14f8f9373d8662b145bf72c62f4f8d2410ba9f8a9e451b0c22951252d81efd20
0cad69d1-3151-5073-af8e-73f8401bf2cb,"[""geometry""]","[""6f0acd88-cd04-5f3f-915c-48a71fd51f39""]",openstreetmap,OpenStreetMap way 1476734418: Project Jupiter,https://www.openstreetmap.org/way/1476734418,OpenStreetMap contributors,openstreetmap,ODbL-1.0,© OpenStreetMap contributors,2026-06-20T12:23:52Z,2026-07-18T18:15:02.152575Z,5b2cf1fffa8582fc7302db34ab8d69dab067ab61a98be479f70e6404b469dcb7
0dd3dc39-1457-5bc3-b7d2-7ff44183aed3,"[""context:geometry_identity""]","[""15e0ef92-6408-5517-b0d4-a6b8707745f4""]",company_disclosure,ENKA EDS IST 01 TUZLA identity listing,https://www.enka.com/what-we-do/,ENKA İnşaat ve Sanayi A.Ş.,enka_corporate_asset_listings,all-rights-reserved,ENKA İnşaat ve Sanayi A.Ş.,,2026-07-21T16:52:10Z,7bc183370fd9f9139ded516fc8895c6f65c3692e03163df6dea38b8695a5b7bf
0eb488ab-3c0c-5223-86d8-2b47a96e7476,"[""context:campus_address_identity"",""physical_status""]","[""b75695b9-38e3-58ec-baf2-039179ab353a""]",company_disclosure,Chirisa Technology Parks data center locations,https://chirisatechnologyparks.com/,Chirisa Technology Parks,chirisa_technology_parks_locations,all-rights-reserved,Chirisa Technology Parks,,2026-07-22T01:27:58Z,6217db82caf16b110532ddd7ef4a4888f1803a8d590d4920289394b29392cdf3
0f041ac1-c722-588c-bb02-442fcb4c53b3,"[""geometry""]","[""f6d1bce2-6fc7-5fd8-a1fb-55d5fe4cd8e9""]",open_map_record,OpenStreetMap way 639973557 Iskandar Halal Park Phase 2,https://api.openstreetmap.org/api/0.6/way/639973557/full.json,OpenStreetMap contributors,openstreetmap_way_full_api,ODbL-1.0,"Contains information from OpenStreetMap, which is made available under the Open Database License (ODbL).",2020-01-29T10:35:08Z,2026-08-23,fcce549196511b88ae93f3fc2180f9b90fb31aafbc89e2fd9599224530a47aed
0fff6073-2536-58db-b16e-b82141605ef5,"[""geometry""]","[""85cb6e56-ec73-5685-82e7-15e4ef96106b""]",government_record,Pottawattamie County address point 2313 College Road,https://gis.pottcounty-ia.gov/arcgis/rest/services/OpenData/MapServer/9/query,Pottawattamie County GIS,pottawattamie_county_open_data_address_points,county-open-data-no-explicit-license,Pottawattamie County GIS,,2026-09-07T02:58:43Z,af7fc312e0055acebbbf5bd866219a3d7fd48fc1536c65e1ca5378c979ea8cd1
10cad266-3d5e-591d-a1c4-8ded1e082c7b,"[""typed_metric:critical_it_mw""]","[""ea4a0cc5-bb09-5a81-b385-38ae79baf22a""]",company_disclosure,Treasurer Tops Out Macquarie Data Centres' Newest 47MW AI and Cloud Data Centre,https://www.macquariedatacentres.com/blog/treasurer-tops-out-macquarie-data-centres-newest-47mw-ai-and-cloud-data-centre/,Macquarie Data Centres,macquarie_data_centres_newsroom,all-rights-reserved,Macquarie Data Centres,2025-12-03T03:23:55+00:00,2026-07-20T00:53:38Z,f8f86d1d3f36d46c81f9fe23edce1416f11193e7a16fc32014f98acd96f053e3
12f5d89c-ebd5-501c-8f98-62e845710d8c,"[""geometry""]","[""0a075c8d-2733-5aba-b19a-4b53e51fd8f8""]",government_cadastral_api,"Kartverket matrikkelteig union 1121-46/316, 1121-46/317 and 1121-46/319",https://api.kartverket.no/eiendom/v1,Kartverket,kartverket_open_property_api,CC-BY-4.0,© Kartverket,,2026-08-20T19:49:51Z,6bcd905d036ecde8e55ef4933bf1502f58a58701e5784583fdc3bccc5c6edd1f
1337f6ef-1e09-5b6e-a1e0-55fbdcf95bf3,"[""operating_model"",""role:operator""]","[""44130f9f-95af-5f19-9fcf-47aabd3a5c8b""]",company_disclosure,About Akashi,https://akashi.cloud/about/,Akashi Data Center,akashi_data_center_project_pages,all-rights-reserved,Akashi Data Center,,2026-07-21T12:22:07Z,01e105af2a09a3e96987bccde8d7c7cc68cf6add95ab48c6d9286e4dca5ce774
13a65a07-1b3a-58a3-9ca7-b98723686f7c,"[""geometry""]","[""c73ac912-e44d-5477-84f5-c5beb4813518""]",openstreetmap,OpenStreetMap way 1334234458: Amazon AWS PHL,https://www.openstreetmap.org/way/1334234458,OpenStreetMap contributors,openstreetmap,ODbL-1.0,© OpenStreetMap contributors,2026-04-20T12:38:41Z,2026-07-18T18:15:02.152575Z,c54668987cf45c4196dbc111ea2b12451f5b68d5513661a1f0333f2fadc12945
13dc86ac-4e90-5c6e-8540-de0c7893690f,"[""geometry""]","[""257f3255-46fe-585e-bdf5-9689b34edbdc""]",open_map_geometry,OpenStreetMap way 554352050 — Ex Postal Market,https://api.openstreetmap.org/api/0.6/way/554352050/full.json,OpenStreetMap contributors,openstreetmap_api,ODbL-1.0,© OpenStreetMap contributors,2022-07-19T17:15:33Z,2026-08-20T21:06:03Z,56e6716b49448de12f7737546875328459688b563c3f0d98e3b4e9212e05552f
198c88a9-e654-5181-8c63-320728601fe3,"[""geometry""]","[""1cae5b48-c630-5f16-9fe2-5d77571cafe9""]",open_map_record,OpenStreetMap way 1485385261 Telia duomenų centras,https://api.openstreetmap.org/api/0.6/way/1485385261/full.json,OpenStreetMap contributors,openstreetmap_way_full_api,ODbL-1.0,"Contains information from OpenStreetMap, which is made available under the Open Database License (ODbL).",2026-03-04T14:01:01Z,2026-08-23,cd1a7bc1a2c7d9837f81b4c635e70d7e3103630a99d479586e6fee049f605b00
1a606443-bf19-54d8-8025-8c1e1102c25e,"[""context:geometry_identity""]","[""c30aeadf-c2f6-58a5-a8b1-227868f477c1""]",regulatory_filing,Bitzero exhibit 99.80 - Annual information form,https://www.sec.gov/Archives/edgar/data/2100457/000175392626000899/g085467_ex99-80.htm,Bitzero Holdings Inc. via SEC EDGAR,bitzero_sec_filings,all-rights-reserved-fact-extraction-only,Bitzero Holdings Inc.; U.S. Securities and Exchange Commission EDGAR,2026-05-11,2026-08-23,459f619d5ad1586a6e12214d7f9892d4ee3423eb3b2beca378e7d19395e5683c
1ad44bfe-736f-511c-91ea-89c64e5f5970,"[""context:source_location_identity"",""physical_status""]","[""99fa93f5-9f63-5576-b036-2ee8086032a3""]",company_disclosure,"Goodman SYD01, 2-8 Lanceley Place, Artarmon",https://au.goodman.com/en/our-properties/properties-for-lease/goodman-syd01,Goodman Group,goodman_australia_property_pages,all-rights-reserved,Goodman Group,,2026-07-20T09:18:30Z,c02900e0abb8cd5a3aabdca24a8dec28b9e4fb111b59b1731be83c6aae95a45b
1c2e246b-2818-533c-93e6-ca5c3dee5644,"[""context:source_location_identity""]","[""bb8ba3ad-d563-5f84-a543-079a10264640""]",company_disclosure,CDC Maddington current campus page,https://cdc.com.au/locations/perth/,CDC Data Centres,cdc_current_location_pages,all-rights-reserved,CDC Data Centres,,2026-07-21T17:12:46Z,9628085823f3434144b66048b965c5b4babac113a5041c8191ca954706356c5c
1d6cc958-8ca3-5a8c-ab4b-a07cf5a45b32,"[""physical_status""]","[""2e2b9d40-5024-5e6d-bbb2-56a8b16b9c16""]",company_disclosure,CDC Eastern Creek EC5 current status,https://cdc.com.au/locations/sydney/,CDC Data Centres,cdc_current_location_pages,all-rights-reserved,CDC Data Centres,,2026-07-21T17:12:46Z,66d6de9440d4496482af80159cbe361afdb8e36bdebd5edf81ac1c65f1337620
1de91fed-9b38-5c47-886d-5fa766be2aa0,"[""geometry""]","[""86bcbcd1-702d-5afa-aeb8-1cb145224b97""]",government_record,Census Public_AR_Current match for 323 North High Street,https://geocoding.geo.census.gov/geocoder/,United States Census Bureau,us_census_geocoder,public-domain-us-government,United States Census Bureau,,2026-08-23,70c9ee69586590257deb71dc27cb0878d8d205b8c16be886dc909e8e00b37833
1df077b4-ffa3-5938-a5fe-88d5b4028ad4,"[""context:geometry_identity""]","[""b3b98301-a692-5790-88e7-656d77e8fb69""]",openstreetmap,OpenStreetMap address-object containment proof for NTT Frankfurt 1,https://www.openstreetmap.org/way/697501723,OpenStreetMap contributors,openstreetmap,ODbL-1.0,© OpenStreetMap contributors,,2026-08-20T23:57:12Z,c63c5411afcf91dc35a0e16a7c27e4d8234e4810810a9feb97a568ac7920d582
1e5b63b2-b334-52e0-94a1-f78d02457964,"[""geometry""]","[""3941c42e-216d-52fa-b0d8-d7555b441a1a""]",company_disclosure,maincubes Factsheet BER02,https://www.maincubes.com/wp-content/uploads/2026/02/maincubes_factsheet_ber02_en.pdf,maincubes,maincubes_data_center_factsheets,all-rights-reserved,maincubes,,2026-07-19T20:43:30Z,32e7ca51d69ebf49621a17a97f7fb7db4a5d948ec4a88886b6a020e3da4cf43a
1f776e1f-3f79-53d1-880c-e90b0fd8b958,"[""workload"",""workload_scope:intended""]","[""37e33657-b788-57e6-98f2-b78834cdecda""]",company_disclosure,AVAIO Digital Breaks Ground on $6 Billion Brandon Data Center Campus; Leading Mississippi Contractor Begins Site Work,https://www.avaiodigital.com/updates/avaio-digital-breaks-ground-on-6-billion-brandon-data-center-campus-leading-mississippi-contractor-begins-site-work,AVAIO Digital Partners,avaio_digital_updates,all-rights-reserved,AVAIO Digital Partners,2025-09-10,2026-07-20T05:42:11Z,6a079899544c4c251df2c9c2fe959df702f4695ced5acc1a3bf570f3704acf81
1fc139c6-ea1d-5f7c-ac84-745cf2602806,"[""geometry""]","[""56c5832c-3562-5e11-80eb-f2137319a41a""]",government_record,IDECA Placa Domiciliaria address point AAA0137OYMRPD01,https://serviciosgis.catastrobogota.gov.co/arcgis/rest/services/catastro/placadomiciliaria/MapServer/0/query?where=PDOCODIGO%3D%27AAA0137OYMRPD01%27&outFields=OBJECTID%2CPDOCODIGO%2CPDOTEXTO%2CPDOCINTERI%2CPDONVIAL%2CPDOCLOTE%2CPDOTIPO&returnGeometry=true&outSR=4326&f=geojson,Unidad Administrativa Especial de Catastro Distrital (UAECD),ideca_placa_domiciliaria_arcgis,CC-BY-4.0,"Unidad Administrativa Especial de Catastro Distrital (UAECD), IDECA; CC BY 4.0",,2026-08-23,e3c6fd2c9d43b1805aab2f4329deaf45b6888d5303ba9e4e3d63c22cbd528f26
209c7f3e-18eb-533c-bb99-0b302fc22d7b,"[""context:campus_address_identity"",""physical_status""]","[""ba5ddf33-10ec-5fb8-b880-98a04df096b8""]",company_disclosure,TRG Data Center Campus — HOU2 Brochure,https://www.trgdatacenters.com/wp-content/uploads/2026/01/TRG-Campus-HOU2-Brochure.pdf,TRG Datacenters,trg_datacenters_official_brochures,all-rights-reserved,TRG Datacenters,,2026-07-20T17:32:09Z,5864de217fc954c10498ada7c05978ea634077106de20aae26c5bebb02ded605
2143d0c4-d059-55ca-8019-5785af3e2ed2,"[""physical_status""]","[""6b62c459-dc75-5f31-87d4-d6dbf47de8b0""]",company_disclosure,"Yesterday, EdgeCore celebrated the topping out of our AS02 data center in Ashburn, VA!",https://www.linkedin.com/posts/edgecore-digital-infrastructure_yesterday-edgecore-celebrated-the-topping-activity-7478135212778938368-t979,EdgeCore Digital Infrastructure,edgecore_digital_infrastructure_linkedin,all-rights-reserved,EdgeCore Digital Infrastructure via LinkedIn,2026-07-01T17:19:31.744Z,2026-07-20T06:04:09Z,e2e7be3885f8fb982770cc0655622db43906982977de0f4af519f1495f9407cf
2157a790-74df-5026-b2b6-58b1bb82519d,"[""geometry""]","[""08d881e7-8a1c-50da-81a5-d2ef49f22a7a""]",government_cadastral_open_data,Cadastre Etalab parcel 91661000AP0008,https://cadastre.data.gouv.fr/data/etalab-cadastre/latest/geojson/communes/91/91661/cadastre-91661-parcelles.json.gz,Direction générale des Finances publiques (DGFiP) / data.gouv.fr,etalab_dgfip_cadastre_geojson,etalab-2.0,"Direction générale des Finances publiques (DGFiP), Cadastre Etalab, millésime 1 June 2026",,2026-08-20T21:44:03Z,f779721f25089d9e94057a3cb6094542ac97eb88a49cb9566bb3e28a2c94462a
2184bacc-e338-5f73-bb78-327e08fc392a,"[""geometry""]","[""2cac8eb7-dff6-50bc-be49-b45f6e353982""]",company_disclosure,Ascenty Campus Vinhedo factsheet,https://ascenty.com/wp-content/uploads/2025/02/EN-Campus-Vinhedo_compressed.pdf,Ascenty,ascenty_campus_factsheets,all-rights-reserved-fact-extraction-only,Ascenty,,2026-09-07T02:50:21Z,c30210635d897e4545605e8f035a1678a7e0449d950f206fd4f27cb782c66e3a
21f09e98-2096-55c8-a0a7-41be03842204,"[""physical_status""]","[""c71872a1-fc95-5d5b-8ee8-6b5082e974df""]",company_disclosure,Horizontal works begin on Datagrid's AI data centre campus in Makarewa,https://www.datagrid.nz/pr1-rc/horizontal-works-begin-on-datagrids-ai-data-centre-campus-in-makarewa,Datagrid New Zealand,datagrid_new_zealand_project_updates,all-rights-reserved,Datagrid New Zealand,2026-08-19T16:07:34+12:00,2026-09-06T13:58:47Z,38a918e1f7afb8c263364efa16e4b1845a59fdb2668e90e462666abb42723500
23365ee9-f538-56fe-acec-e41f43182ded,"[""geometry""]","[""fe6f26cf-4be9-51a3-857e-fca7ee21726b""]",government_record,NLS INSPIRE Cadastral Parcels feature 205-7-4-1,https://inspire-wfs.maanmittauslaitos.fi/inspire-wfs/cp/ows?service=WFS&version=2.0.0&request=GetFeature&typeNames=cp%3ACadastralParcel&outputFormat=application%2Fjson&CQL_FILTER=nationalCadastralReference%3D%2720500700040001%27,National Land Survey of Finland (NLS),nls_inspire_cadastral_parcels_wfs,CC-BY-4.0,"Contains data from the National Land Survey of Finland INSPIRE Cadastral Parcels (CP) WFS, licensed under the National Land Survey open data Attribution CC 4.0 licence; retrieved 2026-08-23.",,2026-08-23T22:43:14.877Z,2f83cf299f5258c92fd4c61306c5a5aed91bd20a56c48dae51b94c99714164af
25d30d41-6ee8-521c-a8d5-5fc372370ebb,"[""context:source_location_identity"",""physical_status""]","[""c794c146-24e6-5cb8-8cd9-a12a266bba83""]",company_disclosure,Digi Power X Provides Operations and Financial Update,https://thankful-miracle-1ed8bdfdaf.media.strapiapp.com/Digi_Power_X_Provides_Operations_and_Financial_Update_4a179c433b.pdf,Digi Power X Inc.,digipowerx_press_releases,all-rights-reserved,Digi Power X Inc.,2026-07-07,2026-07-20T08:30:56Z,ebcddc3bc3e8d35325e56fe7b81803a90a3a69938d1451401051f8eea135f734
26d88bed-8fc2-5e71-8683-68d3b9bb1ee3,"[""geometry""]","[""94c0f50d-843b-57cd-bfcd-4bd3b7b9d9f0""]",government_record,APA AIA 3633 drawing 22045-EP-AMB-DES-001-01-A,https://siaia.apambiente.pt/AIADOC/AIA3633/22045-ep-amb-des-001-01-a202382212930.pdf,Agência Portuguesa do Ambiente (APA),apa_siaia_aia_3633_project_drawings,rights-status-uncertain-fact-extraction-only,Agência Portuguesa do Ambiente; Start Campus / TPF project drawing,2023-06,2026-08-23,db4ba67fd29a7ef8037d3a53e13940e772b58867e1ebf212dd27b4773f09adb6
275a19af-0f87-5309-a7b4-a466dea142d5,"[""context:geometry_identity""]","[""d024514a-30a3-514d-b65e-2743133f6800""]",government_record,Loviisa building permit 2025-157,https://loviisa.oncloudos.com/fi/kokous/20251258-4-67458.PDF,City of Loviisa,loviisa_building_control_decisions,rights-status-uncertain-fact-extraction-only,City of Loviisa,,2026-08-23,1694e8038e5f30d2996103a7f27478530c088f19b2d4e64f0870d78a2ba6c42f
276847d4-183f-5995-ab80-90d4636b467b,"[""role:operator""]","[""65e8849e-2ebe-5d58-be63-299cbbcf8d23""]",company_disclosure,CoreSite DE3 - Denver Data Center,https://www.coresite.com/data-center/de3-denver-co,CoreSite,coresite_official_website,all-rights-reserved,CoreSite,,2026-07-20T10:42:21Z,99720e18665fabb5cb2d09308b60326c9bcb226dd1ff2648fa95ba3b21fdb894
2803efb1-75a9-5146-8bbd-483714ab9841,"[""geometry""]","[""edf978b4-fbe8-5f8a-9fe0-bd1e9f33e1d2""]",government_record,Census Public_AR_Current match for 975 Thornwood Drive,https://geocoding.geo.census.gov/geocoder/,United States Census Bureau,us_census_geocoder,public-domain-us-government,United States Census Bureau,,2026-08-23,75521d137c83d066a96548ad00594813dc9a22e7c1c57170d6ecf66191bd14da
28e90c7d-c059-5cbb-a53d-9d6a9913e7f3,"[""physical_status""]","[""3941c42e-216d-52fa-b0d8-d7555b441a1a""]",company_disclosure,Next-level data center Berlin BER02,https://www.maincubes.com/en/data-centers/berlin-cloud-ai-provider-campus-ber02/,maincubes,maincubes_data_center_pages,all-rights-reserved,maincubes,,2026-07-19T20:43:30Z,cbf094f1a609a272739054b5c5f2f33f5663c9b2d9eee7a0dfa1a5d295f80efb
29445792-c8cc-5589-894d-d8094d059dbf,"[""context:campus_address_identity""]","[""9ddf0df3-e40c-515f-9468-ed78f063513b""]",company_disclosure,Dallas TX4 Data Center,https://services.global.ntt/en-us/services-and-products/global-data-centers/global-locations/americas/dallas-tx-4-data-center,"NTT DATA, Inc.",ntt_global_data_center_location_pages,all-rights-reserved,"NTT DATA, Inc.",,2026-07-20T05:41:07Z,8477b8e75e9f30ee2c38136b7001042a18d16aafabf66725cd56e5b15115787f
295b555a-ca97-5752-b525-24ab75f62a71,"[""geometry""]","[""b5625b8f-5e00-5fbe-b313-ba7adb980583""]",government_record,Fortaleza municipal SFORPF01 surveyed site plan,https://urbanismoemeioambiente.fortaleza.ce.gov.br/images/urbanismo-e-meio-ambiente/infocidade/cppd/PROJETO_ARQUITETONICO_FL01-02.pdf,Prefeitura de Fortaleza - SEUMA,fortaleza_cppd_project_plans,all-rights-reserved,Prefeitura de Fortaleza - SEUMA; Scala Data Centers,,2026-07-21T09:27:36Z,039df7d2426a28c602fcdb2bafee8cb9bb2ce72ca3d3d2d55d1d44442c2d8b24
299ff180-d01b-5474-b229-12fed55b6f7c,"[""context:source_location_identity"",""physical_status""]","[""9283d3fe-3789-54c7-abf4-8bb757e29835""]",government_record,Jefferson Lab breaks ground on new building to power next-generation scientific discovery,https://www.jlab.org/news/releases/jefferson-lab-breaks-ground-new-building-power-next-generation-scientific-discovery,Thomas Jefferson National Accelerator Facility,jefferson_lab_news_releases,all-rights-reserved,Thomas Jefferson National Accelerator Facility,2026-06-12,2026-07-21T00:05:02Z,1c9034ba0e4bd2c0d210dc7a3dfe74f9a98c25913b57284661165f9c6bb01f48
29bdb34b-54f1-5e00-b28e-877efbf2e828,"[""geometry""]","[""4eeb97fa-8e1d-53de-ae86-eebc40e97d6f""]",government_record,Energieatlas Rheinland-Pfalz project 149,https://www.energieatlas.rlp.de/geoserver/earp/ows?service=WFS&version=1.0.0&request=GetFeature&typeName=earp%3Apraxisbeispiele&srsName=EPSG%3A4326&outputFormat=application%2Fjson&cql_filter=id%3D149%20AND%20typ%3D%27unternehmen%27,Energieagentur Rheinland-Pfalz,energieatlas_rlp_praxisbeispiele_wfs,all-rights-reserved-fact-extraction-only,Energieagentur Rheinland-Pfalz,,2026-08-23,0ce08cddbf9abfd8377c390c2f7def9ba1df95ee6447a0400ae8d2a00ebacbde
2b138f72-e7f8-560c-8f63-0cbe196b245e,"[""context:source_location_identity"",""physical_status""]","[""2cac8eb7-dff6-50bc-be49-b45f6e353982""]",company_disclosure,Ascenty Secures 150 Megawatts of New AI Contracts with Leading Global Hyperscalers,https://ascenty.com/en/blog/news-ascenty-en/ascenty-ai-contracts/,Ascenty,ascenty_newsroom,all-rights-reserved,Ascenty,2026-05-28T12:05:17+00:00,2026-07-20T18:06:07Z,966870f4e9dc712246aaa91720f200ebb422da97c408f2ddedb8b9b1daa0e132
2c1a0857-1368-581b-adfa-96bf72cc9c16,"[""geometry""]","[""7d936c4e-29f2-592f-984b-61f5d6367fc8""]",openstreetmap,OpenStreetMap way 1528327802: The Barn Data Center,https://www.openstreetmap.org/way/1528327802,OpenStreetMap contributors,openstreetmap,ODbL-1.0,© OpenStreetMap contributors,2026-06-11T00:48:00Z,2026-07-18T18:15:02.152575Z,04f03a496617fcc7159f1762127d29f861002822d76203c2cceda97689a309e7
2d022ff4-45fb-5337-adb2-b49bfa3546d9,"[""context:source_location_identity"",""physical_status""]","[""e2c7ea58-17cc-594d-8b98-56ca08988c99""]",government_record,Haidong mayor visits computing-industry construction sites,https://www.huzhu.gov.cn/info/1007/85926.htm,Huzhu County People's Government,haidong_government_project_updates,all-rights-reserved,Huzhu County People's Government,2026-06-24,2026-07-21T15:55:09Z,0c6f983f91c9f2804287c2cbd8420c6006af2f500cb2b265aebb1d1a4bb2c9ba
2e36f168-e466-556c-a835-1214c23e679a,"[""context:source_location_identity""]","[""df2b8f33-9c46-5f6a-9853-b47474606979""]",company_disclosure,NXDATA-3 Bucharest Data Center,https://nxdata3.com/,NXDATA SRL,nxdata3_project_pages,all-rights-reserved,NXDATA SRL,2025-06-26T11:02:06Z,2026-07-22T04:32:17Z,26c2e1cc1fb21ad42575e0cf022cff148da4a13ef396abc216223385ed6827fd
2f4528c3-705c-5b59-95c2-1b4a37661ccf,"[""geometry""]","[""a072994f-1b7d-5cc8-98b7-bc79c666c6c3""]",government_record,"PDOK BAG address Plimsollweg 3, Amsterdam",https://api.pdok.nl/bzk/locatieserver/search/v3_1/lookup?id=adr-26c03da8f403dfbe0de863d7b9cff485&fl=%2A,"PDOK / Netherlands Cadastre, Land Registry and Mapping Agency",pdok_bag_location_server,Public-Domain-Mark-1.0,BAG address data via PDOK; Public Domain Mark 1.0,,2026-08-23,e1bdb1cd3c3b8fbf48d8a38c7343f6794514f844e261600809edf94d66aff9e5
31feb8fa-3920-5576-aa53-b7ac0b67e434,"[""physical_status""]","[""c160d8d5-7572-53c2-8051-cd7990b1f771""]",company_disclosure,ODATA DC SP04 Phase 2 site mobilization,https://www.linkedin.com/embed/feed/update/urn:li:activity:7473377620018077696,ODATA - An Aligned Data Centers Company,odata_linkedin_company_posts,all-rights-reserved,ODATA - An Aligned Data Centers Company,2026-06-18,2026-07-21T19:42:31Z,fb73fcb98ed6b67d10bc52d27795e4d444ab10def6d00eeccf74349aaf723458
34a0d6a4-02e3-57e3-8b39-6c7e64363b3a,"[""geometry""]","[""9283d3fe-3789-54c7-abf4-8bb757e29835""]",government_record,Census Public_AR_Current match for 12000 Jefferson Avenue,https://geocoding.geo.census.gov/geocoder/,United States Census Bureau,us_census_geocoder,public-domain-us-government,United States Census Bureau,,2026-08-23,b1b7f05939322797233febc86f63dd51296c13424a3d2f32d13fdbee4087b2a6
35039ae0-f0db-5291-9008-a188022fead7,"[""context:source_location_identity""]","[""6b62c459-dc75-5f31-87d4-d6dbf47de8b0""]",company_disclosure,Ashburn Data Centers,https://edgecore.com/locations/ashburn-data-center,EdgeCore Digital Infrastructure,edgecore_location_pages,all-rights-reserved,EdgeCore Digital Infrastructure,,2026-07-20T06:04:09Z,e02d1a93ee961d6f0961fc924575b33781e1c026f87f18035f964b4bd02ca160
35c41e3e-909b-57dd-b9a0-879467ec17cb,"[""geometry""]","[""f8377a0f-dc89-5b7a-8257-25f25cdbac43""]",government_record,Census Public_AR_Current match for 3287 Beech Road,https://geocoding.geo.census.gov/geocoder/,United States Census Bureau,us_census_geocoder,public-domain-us-government,United States Census Bureau,,2026-08-23,639b956e41113b6ebc44c5c7e9da794248c1222203fd287c250cbdbbbc99c025
35d502eb-803a-5c40-8dc1-f0825babb831,"[""context:project_and_campus_identity"",""typed_metric:grid_connection_mw""]","[""1f33fed8-b0f9-50e2-8fac-56d135325c27""]",company_disclosure,"IIJ Announces Plans for Phase 3 Server Building Construction, Expanding the Shiroi Data Center Campus to Meet Growing Demand for IIJ Services",https://www.iij.ad.jp/en/news/pressrelease/2025/0508.html,Internet Initiative Japan Inc.,iij_press_releases,all-rights-reserved,Internet Initiative Japan Inc.,2025-05-08,2026-07-20T01:03:36Z,7c9f965f4d6c229f0aaab2ecd4584d9943c6d6fca13ed6c528316c72956d18b8
39ca2ddf-3a1e-5d9c-983e-4a30ae537dc7,"[""typed_metric:critical_it_mw""]","[""65e8849e-2ebe-5d58-be63-299cbbcf8d23""]",company_disclosure,Denver DE3 Facility Specification,https://www.coresite.com/hubfs/-website-documents/facility-specifications/sp-CoreSite-Denver-DE3-Spec-Sheet.pdf,CoreSite,coresite_official_website,all-rights-reserved,CoreSite,,2026-07-20T10:42:21Z,3883645e759b91f59887b225c46b5bdfb98f6168bacd0057bbf0780162cff2d1
39cdd4b0-60f0-5d50-9a38-59d72c0a9d53,"[""context:geometry_identity""]","[""01baa3bb-ea56-5f41-8c67-82dd84f87d51""]",government_record,City of Chicago Building Footprints row BLDG_ID 871169,https://data.cityofchicago.org/resource/syp8-uezg.json?bldg_id=871169,City of Chicago,city_of_chicago_building_footprints,SEE_TERMS_OF_USE,City of Chicago,,2026-08-20T23:30:13Z,9d9838b72d74b3be5db4c5c0cbad94a866ad31c2af0ed623bdef68e2e2b5feaa
3c85c95a-5036-5cf2-b9b8-c15070c6aaea,"[""context:source_location_identity"",""physical_status""]","[""c30aeadf-c2f6-58a5-a8b1-227868f477c1""]",company_disclosure,Bitzero Nordic infrastructure update,https://www.newsfilecorp.com/release/301582,Bitzero Holdings Inc.,bitzero_newsfile_releases,all-rights-reserved,Bitzero Holdings Inc.,2026-06-15,2026-07-22T03:29:10Z,402e9589e0cf82c663020a5d98352545e6b1ca582e5e835cd5f8f55ccd4be852
3cb5d028-a110-558f-b9c3-69f22e0c699a,"[""context:source_location_identity"",""physical_status""]","[""acf9eda7-3b44-5e9b-8c40-62783a7e0aa0""]",company_disclosure,CRA reports active execution at the Prague Gateway DC site,https://www.linkedin.com/embed/feed/update/urn:li:activity:7496145983718969344,CRA,cra_linkedin_company_posts,all-rights-reserved,CRA,2026-08-20,2026-09-07T02:18:47Z,2fd6c4a5b292384b2ee76ed9841171ccaaf791d51cf9631634c10a46243703a4
3cdab590-3e47-5972-8a2a-f164a6a59916,"[""physical_status""]","[""c04bedc0-51b3-5d4d-996c-1d1e56de96c0""]",company_disclosure,Goodman advances HKG09 data centre to meet growing demand for digital infrastructure in Hong Kong,https://hk.goodman.com/en/about-goodman/media-centre/news/2026/20260716-goodman-advances-hkg09-groundbreaking,Goodman Group,goodman_hong_kong_news,all-rights-reserved,Goodman Group,2026-07-15,2026-07-20T09:18:30Z,20e2094f5d2af2bec605bf094444e909a6598cbcb3b85f4e9ac6610f013ef51e
3d7442c7-1c78-5134-8b9c-12581486464e,"[""context:geometry_identity""]","[""1861d9fb-3980-5a16-baa1-c32762e244c1""]",government_record,City of San Jose Major Private Development record for CP23-016,https://geo.sanjoseca.gov/server/rest/services/OPN/OPN_OpenDataService/MapServer/455,City of San Jose,city_of_san_jose_major_private_developments,rights-status-disclaimer-fact-extraction-only,City of San Jose,,2026-08-23,7ce046444d2a1ee327d8994d17d2d13a2016367b8c43c2aef047eab52ec1da08
3e94a8d5-3bd1-5dd6-9344-821712f9d029,"[""context:geometry_identity""]","[""c71872a1-fc95-5d5b-8ee8-6b5082e974df""]",government_record,Application - Datagrid New Zealand Partnership Limited,https://www.southlanddc.govt.nz/assets/Planning-Resource-Consent/datagrid/01-Application/0-Application-Datagrid-New-Zealand-Partnership-Limited.pdf,Southland District Council,southland_district_council_resource_consent_records,all-rights-reserved,Southland District Council,,2026-09-07T02:58:29Z,0be599c4ee13fec35028279ab6a0db7bfed287f885651ec8f26ee6f5e0fac994
3e9e4354-55cc-5daf-84a6-66acd2f67fe4,"[""physical_status""]","[""257f3255-46fe-585e-bdf5-9689b34edbdc""]",company_disclosure,San Bovio datacenter construction update,https://local.microsoft.com/blog/san-bovio-datacenter-construction-update/,Microsoft,microsoft_local_project_updates,all-rights-reserved,Microsoft Local,2024-04-29T15:22:24+00:00,2026-07-19T16:00:01Z,6192e61642f75629465c903d6c210c8457400a7745936d91cf08fed1f7cd1221
3f9c9345-6060-57f1-af90-8f61f17e2cab,"[""geometry""]","[""59a74e45-2dd2-5204-9c65-5430e8fc3148""]",company_facility_page,"Cape Town Data Centre Locations — CT1, Rondebosch",https://www.teraco.co.za/data-centre-locations/cape-town/?tab=rondebosch-ct1,Teraco,teraco_facility_pages,all-rights-reserved,Teraco,,2026-08-20T21:05:57Z,f14b01ef0a11074e80272cde5d9b57474bc433d8691076ef56e7a53b34449262
40643f27-70ef-5a86-9901-863476f5ddf1,"[""physical_status""]","[""35c427dc-af95-5011-b3ab-3fa7c90fcb30""]",company_disclosure,TAB commissioning services for Regional Data Hub 2,https://www.linkedin.com/embed/feed/update/urn:li:activity:7470418236245942286,TAB Egypt,tab_egypt_official_linkedin_updates,all-rights-reserved,TAB Egypt,2026-06-10,2026-07-21T16:40:42Z,41f75217480fcf6e837838a715524a16db96ccdb6fbd7baa46bc460732b8f0fe
40f1c2ae-aacb-5aac-8edd-60e4a405c7fc,"[""geometry""]","[""3b636397-fbb2-5564-a352-fa1382a218b5""]",government_record,Wisconsin DNR Lighthouse Data Center environmental review page,https://dnr.wisconsin.gov/topic/EIA/Portwashington.html,Wisconsin Department of Natural Resources,wisconsin_dnr_environmental_impact_analysis_pages,public-government-record-fact-extraction-only,Wisconsin Department of Natural Resources,,2026-09-07T02:50:23Z,7452e95750d278a03a1e803d08280b325cc0013f9e842d52da8e637e5f9ca679
4197607a-032d-53c9-9fb8-681a6311e78a,"[""physical_status"",""workload"",""workload_scope:intended""]","[""c73ac912-e44d-5477-84f5-c5beb4813518""]",company_disclosure,Salem Township Innovation Campus,https://www.amazoninnovationinpa.com/salem-township-innovation-campus/,Amazon Innovation Campuses in Pennsylvania,amazon_pennsylvania_innovation_campus_site,all-rights-reserved,Amazon Innovation Campuses in Pennsylvania,,2026-07-19T13:39:24Z,e1bc1e1c67c61793166dc0cc7a0aed4092ab5e50c4aa68302ff39c0b629a1364
420301bd-49ca-5323-8bea-6109ff72a96f,"[""context:source_location_identity"",""physical_status""]","[""d1538d73-e301-5203-9e49-924b20051374""]",company_disclosure,Breaking Ground on Meta’s First Data Center in Canada,https://about.fb.com/news/2026/07/breaking-ground-on-metas-first-data-center-in-canada/,Meta,meta_newsroom_data_center_disclosures,all-rights-reserved,Meta,2026-07-08T19:30:30Z,2026-07-19T18:47:40Z,2ee9ab456d8d58d14a4813432de9160dd645651b266f7c1d19616fb6bab49a42
4302b7fb-1bf4-5dc7-abf5-9ba24f4556fa,"[""physical_status""]","[""b284fbeb-8cd9-5448-860d-b4f69bb8bd7a""]",company_disclosure,"Mercury marks significant milestone at Equinix's MU4.3 Data Centre Delivery in Munich, Germany",https://www.mercuryeng.com/2026/07/16/mercury-marks-significant-milestone-at-equinixs-mu4-3-data-centre-delivery-in-munich-germany/,Mercury Engineering,mercury_data_center_delivery_updates,all-rights-reserved,Mercury Engineering,2026-07-16T09:34:26Z,2026-07-20T06:08:14Z,f34a6e2809d6b8e62fff00f22adfa92a5de72bafbab9b78e3bae2c1da0185a7c
431690d2-aa37-5626-905e-69ddc5f30a41,"[""context:source_location_identity"",""physical_status""]","[""f8377a0f-dc89-5b7a-8257-25f25cdbac43""]",company_disclosure,New Albany datacenter construction update,https://local.microsoft.com/blog/newalbany-datacenter-construction-update/,Microsoft,microsoft_local_project_updates,all-rights-reserved,Microsoft Local,2023-04-05T17:56:46+00:00,2026-07-19T16:00:01Z,8dd20a8d7323ca08508cf4c2515f36fcb0d81577e8e75a73cb22485afbf286d6
4319b4ff-25cd-51ce-bf9b-e17197ff1fbf,"[""physical_status"",""typed_metric:critical_it_mw""]","[""d2915b77-394c-5202-8c38-cbd3277121c7""]",company_disclosure,SK ecoplant AI data-center competitiveness interview,https://news.skecoplant.com/board/19247,SK ecoplant,sk_ecoplant_newsroom,all-rights-reserved,SK ecoplant,2026-07-09,2026-07-21T07:02:22Z,a86acc48fadb7fe6143016fd05e4af6aaf18e624cc4ca6f4ecae4b03a7f69b9a
43eab287-205f-5205-ac24-2c93dca605bd,"[""physical_status"",""typed_metric:critical_it_mw""]","[""a848e771-2e45-55fb-8d43-db0885bb824f""]",company_disclosure,QScale Q01 Building B construction update,https://www.qscale.com/news/q01-building-b-60mw-ai-ready-infrastructure,QScale,qscale_company_news,all-rights-reserved,QScale,2026-06-04,2026-07-21T18:24:44Z,71cd3c449fce72037b102a9832ab0366ddfb3296002b3783f4d3be28831fe5db
44aa682e-8b37-582c-9e56-2a8757f401d8,"[""context:source_location_identity"",""physical_status""]","[""4afd2551-1442-5f67-a1d9-0d245835088d""]",company_disclosure,250 million euros for AI infrastructure: firstcolo breaks ground on FRA7 data center in Hesse,https://firstcolo.net/en/250-million-euros-for-ai-infrastructure-firstcolo-breaks-ground-on-fra7-data-center-in-hesse/,firstcolo,firstcolo_news,all-rights-reserved,firstcolo,2026-06-15,2026-07-19T20:35:17Z,c129305ab7980df1d4e46272c57a0f9c2dd05dbf0e25bd021d9ae420fc537c34
458f3a8b-8978-5fa6-a7f9-35d2f1801375,"[""geometry""]","[""98e47ac5-8576-53f7-ab71-9f3d683b5ec5""]",government_record,VZD address point AD101873308 for AST Jāņciems,https://geo-dpps.viss.gov.lv/api/DPPSPackage/client/Adresu_tel_418_k6gL2A/3d692785-0c95-44a8-816c-f2f91493c4ce?service=WFS&version=2.0.0&request=GetFeature&typeNames=ad%3AAddress&featureID=AD101873308,Valsts zemes dienests,latvia_vzd_address_register,CC-BY-4.0,"Valsts zemes dienests (State Land Service), CC BY 4.0",,2026-07-21T19:25:00Z,bc27b4271cbfec3e1452f53897e199e0e9d075fd05691fa35e81d431a8e20f98
465b57e0-58b6-56aa-8b00-728b9cc9c201,"[""physical_status""]","[""0bac3fe4-c3dd-54ba-a500-e37599191432""]",company_disclosure,London Hayes Data Centre Construction Timeline | Data Centre London | Colt DCS,https://www.coltdatacentres.net/en-GB/our-locations/data-centre-locations-europe/london-4/timeline,Colt Data Centre Services,colt_data_centre_construction_timelines,all-rights-reserved,Colt Data Centre Services,2023-05-05T10:24:50Z,2026-07-19T17:00:24Z,4f4e24a958e8544022e2b39e10d10bc4bd881c647f11ac2ab81765a9ff0e2b5c
46947788-7664-564d-8408-61a49b6fc3ab,"[""context:source_location_identity"",""physical_status""]","[""86bcbcd1-702d-5afa-aeb8-1cb145224b97""]",company_disclosure,Hebron datacenter construction update,https://local.microsoft.com/blog/hebron-datacenter-construction-update/,Microsoft,microsoft_local_project_updates,all-rights-reserved,Microsoft Local,2025-11-13T15:58:44+00:00,2026-07-19T15:59:59Z,4fcfb1a9b1f146ac4c280dce6a572a61a06c57a7a27dbbac36c31e25cea8bd0b
4723a143-571a-5f76-97c2-12aea18b3a8b,"[""context:source_location_identity"",""physical_status""]","[""56c5832c-3562-5e11-80eb-f2137319a41a""]",company_disclosure,Scala Data Centers Portfolio,https://scaladatacenters.com/en/data-centers-en/,Scala Data Centers,scala_data_center_portfolio_pages,all-rights-reserved,Scala Data Centers,,2026-07-21T07:52:27Z,8a78e94b27e3cc375549845cf680b76eb678b19605de0c1411dbc6aafc84972b
477ad52f-a618-5140-bd2f-645a05bc2dd4,"[""context:source_location_identity"",""physical_status""]","[""eb451867-d1d3-5e41-bce7-d375e861167a""]",company_disclosure,Microsoft Conover Lyle Creek Data Center official construction update,https://local.microsoft.com/blog/lyle-creek-datacenter-construction-update/,Microsoft,microsoft_local_project_updates,all-rights-reserved,Microsoft,2026-06-30,2026-07-22T00:44:38Z,159aea8b6ba5a8d7a8fef6c25dfdcc32624e5d726e08051f4f31ce045e5c5ad5
4bbf6d0c-4fcb-5dd0-9504-4322a80117b8,"[""geometry""]","[""f9e7c64e-3dc3-5d47-a4de-4c72a4284231""]",company_facility_page,VIE13 Data Center | Siemensstrasse 91 | Digital Realty,https://www.digitalrealty.com/data-centers/emea/vienna/vie13,Digital Realty,digital_realty_facility_pages,all-rights-reserved,Digital Realty,,2026-08-20T22:43:07Z,92f979ca204e971edfd529cedbf60129de3dd27d8f78a277154c87042bafc984
4bd37265-9c6e-556b-8899-8015ffc11cae,"[""physical_status""]","[""1f33fed8-b0f9-50e2-8fac-56d135325c27""]",company_disclosure,Risk Factors - Management Policy,https://www.iij.ad.jp/en/ir/policy/risk/,Internet Initiative Japan Inc.,iij_investor_relations,all-rights-reserved,Internet Initiative Japan Inc.,2026-06-25,2026-07-20T01:03:36Z,d665d479045420e991eba21ab02f6fe3bc01607cf2cb7382895427a8defb33e3
4dc1eca1-c6f3-57e0-8ba9-e62e3f9ad8b8,"[""context:source_location_identity""]","[""c160d8d5-7572-53c2-8051-cd7990b1f771""]",company_disclosure,ODATA DC SP04 current facility specification,https://odatacolocation.com/blog/data-center/dc-sp04/,ODATA,odata_current_facility_pages,all-rights-reserved,ODATA,2025-04-29,2026-07-21T19:42:30Z,c5e29b0a99da06e9ec93cb86bccc96a03b110c1179f44b1e9059213cf76ec2bc
4ea54f07-1a89-5363-94ed-ba23c10b334d,"[""context:geometry_identity""]","[""7c7b8437-ca56-55a0-aa36-54155f43760e""]",government_record,Kouvola building permit for Lossitie 26,https://ep10.kouvola.fi/kokous/20261369-9-158346.PDF,City of Kouvola,kouvola_building_control_decisions,rights-status-uncertain-fact-extraction-only,City of Kouvola,,2026-08-23,2305975f68b9880463abbe24359a83cfc760214da02228eb0009a3014245de79
4fa044ee-8801-5e39-96e9-3b41014d5a96,"[""context:source_location_identity"",""physical_status""]","[""94c0f50d-843b-57cd-bfcd-4bd3b7b9d9f0""]",company_disclosure,Start Campus SIN02 construction and development fully underway,https://www.linkedin.com/feed/update/urn:li:activity:7475104761256718337,Start Campus,start_campus_official_linkedin_updates,all-rights-reserved,Start Campus,2026-06-23,2026-08-23,1ea2692bbc2c76ffea74743dc44c64559b7dc95527a3500572158f97174c3d89
508e32e2-ef98-5db2-b6b1-50103f924aaf,"[""context:source_location_identity"",""physical_status""]","[""1861d9fb-3980-5a16-baa1-c32762e244c1""]",company_disclosure,HITT Contracting Breaks Ground on Microsoft Alviso Datacenter,https://www.hitt.com/news-hub/hitt-breaks-ground-microsoft-alviso-datacenter/,HITT Contracting,hitt_press_releases,all-rights-reserved,HITT Contracting,2026-06-10T14:00:00Z,2026-07-20T05:47:18Z,0b3e2fbd4eedc81f3a6ff29993c2e9c50b19215ed8e5d7543c7cebf1beaef14b
56fa3df3-1fe1-50af-80c1-0e2f0f14d610,"[""physical_status"",""role:operator""]","[""164033cb-411d-5ffb-ab5d-b04bdecfa1ac""]",company_disclosure,CDC Marsden Park Campus current status,https://cdc.com.au/locations/sydney/,CDC Data Centres,cdc_current_location_pages,all-rights-reserved,CDC Data Centres,,2026-07-21T17:12:46Z,66d6de9440d4496482af80159cbe361afdb8e36bdebd5edf81ac1c65f1337620
58cd4851-129d-59c4-9cb0-4f24070a71a9,"[""geometry""]","[""65e8849e-2ebe-5d58-be63-299cbbcf8d23""]",government_record,Denver tax parcel 0214400131000 at 4900 North Race Street,https://services1.arcgis.com/zdB7qR0BtYrg0Xpl/arcgis/rest/services/ODC_PROP_PARCELS_A/FeatureServer/245/query?where=SITUS_ADDRESS_ID%3D23973%20AND%20SCHEDNUM%3D%270214400131000%27&outFields=OBJECTID%2CSCHEDNUM%2CSITUS_ADDRESS_ID%2CSITUS_ADDRESS_LINE1%2CSITUS_CITY%2CSITUS_STATE%2CSITUS_ZIP%2COWNER_NAME%2CPARCELNUM&returnGeometry=true&returnCentroid=true&outSR=4326&f=json,City and County of Denver,denver_open_data_property_parcels,CC-BY-3.0,City and County of Denver,,2026-07-21T06:33:52Z,41387d3d2d09af9e88e494d24f29ccc6897f25b0b077edf5f9011a470de0c7e2
5b7da16c-3a43-5e42-97ad-816ae894e900,"[""geometry""]","[""1861d9fb-3980-5a16-baa1-c32762e244c1""]",government_record,City of San Jose address point for 1657 Alviso-Milpitas Road,https://geo.sanjoseca.gov/server/rest/services/OPN/OPN_OpenDataService/MapServer/36,City of San Jose,city_of_san_jose_open_data_addresses,city-open-data-disclaimer,City of San Jose,,2026-08-23,24cd686fd7dc424fc29639e238c2480aa1c1472d572168bfdab0e7a3ccf9f634
5b8fa185-405c-56fd-86c4-a0a295820be1,"[""geometry""]","[""35c427dc-af95-5011-b3ab-3fa7c90fcb30""]",open_map_record,OpenStreetMap way 545580264 Smart Village,https://api.openstreetmap.org/api/0.6/way/545580264/full.json,OpenStreetMap contributors,openstreetmap_way_full_api,ODbL-1.0,"Contains information from OpenStreetMap, which is made available under the Open Database License (ODbL).",2023-08-24T07:35:08Z,2026-08-23,a1dc95ddb661859dfe320048959ef6522d40e2361500db7747a09ddb5995cbe8
5d2dd8ab-e30c-5a8d-816e-6b5b744cc665,"[""physical_status""]","[""9be0ab88-c727-5dbc-8a12-e2443878b69f""]",company_disclosure,atNorth ICE02 - Data Center,https://www.mannverk.is/allprojects/atnorth2,Mannverk,mannverk_project_pages,all-rights-reserved,Mannverk,,2026-07-21T15:52:30Z,2dbd1ea0ce742bb65780d0a496e8fffb7f32f9a5e92cfcea8e58d1863c0e6fe0
5e1b3dfc-046d-5289-bcce-08208107f1bf,"[""typed_metric:critical_it_mw""]","[""b8399bc6-5c72-5627-a035-4fea208cd287""]",company_disclosure,Edged U.S. | Chicago,https://edged.us/chicago,Edged US,edged_us_location_page,all-rights-reserved,Edged US,,2026-07-20T09:40:57Z,d4110379d78f1108a4d6323c507dac307fafa23c5b4f07a1387793ad5165befe
5e48435e-d49f-5e10-aef3-9b672b64e571,"[""context:source_location_identity"",""physical_status""]","[""fb943def-5b5b-5192-8bb9-599e4cf616cc""]",company_disclosure,Bitdeer July 2026 infrastructure update - Massillon,https://www.sec.gov/Archives/edgar/data/1899123/000121390026079816/ea029852701ex99-1.htm,Bitdeer Technologies Group,sec_edgar_bitdeer_exhibit,all-rights-reserved,Bitdeer Technologies Group via SEC EDGAR,2026-07-21,2026-07-22T02:41:42Z,c8fe8dcc3d3e264850657dd741d185cc4450188bd0063cd218bf99810f3ea50d
603f155d-0c9d-5428-8e24-36a685af8aa7,"[""physical_status"",""typed_metric:critical_it_mw""]","[""b3b98301-a692-5790-88e7-656d77e8fb69""]",company_disclosure,Frankfurt 1 Data Center,https://services.global.ntt/en-us/services-and-products/global-data-centers/global-locations/emea/frankfurt-1-data-center,"NTT DATA, Inc.",ntt_global_data_center_location_pages,all-rights-reserved,"NTT DATA, Inc.",,2026-07-19T16:08:50Z,1cea8254e98afefb4287a71e73f0ca85c6180ce5a5293b384a5617900b69d920
6115b897-6dea-5f1d-8817-29c9e9ccd5d9,"[""context:geometry_identity""]","[""d1538d73-e301-5203-9e49-924b20051374""]",government_record,Development permit approval notice for 56111 Rge Rd 223,https://www.sturgeoncounty.ca/development-permit-approval-notice-for-56111-rge-rd-223/,Sturgeon County,sturgeon_county_development_permit_notices,government-copyright-fact-extraction-only,Sturgeon County,2026-06-16,2026-09-07T02:25:33Z,7efcc7d83996b817bf33374b88e0f2fec005eca9006afc2884393961ca8722fb
626c5c59-9386-58ac-9de1-f81bc82d4900,"[""geometry""]","[""484cf452-3a8f-5574-8003-a5b3f693c5d2""]",government_record,Census Public_AR_Current match for 624 Urban Industrial Way,https://geocoding.geo.census.gov/geocoder/,United States Census Bureau,us_census_geocoder,public-domain-us-government,United States Census Bureau,,2026-08-23,c002b13bb9723ebc52fa67512636ee29a13cadd5ebe9d2df050ce76e4606ae37
62b2a499-44a6-59c1-b956-78abbbc1b8d5,"[""physical_status"",""typed_metric:critical_it_mw""]","[""b5625b8f-5e00-5fbe-b313-ba7adb980583""]",company_disclosure,Scala Data Centers Portfolio,https://scaladatacenters.com/en/data-centers-en/,Scala Data Centers,scala_data_center_portfolio_pages,all-rights-reserved,Scala Data Centers,,2026-07-21T07:52:27Z,8a78e94b27e3cc375549845cf680b76eb678b19605de0c1411dbc6aafc84972b
646e7f86-8e12-5320-a580-ce00ffedf6ad,"[""geometry""]","[""f166440f-2ab0-57ea-9788-c66d89c8704f""]",government_record,Utah County address point 550 E Hyperscale Way,https://maps.utahcounty.gov/arcgis/rest/services/Parcels/Parcel_AddressPoints/MapServer/0/query,Utah County GIS Division,utah_county_parcel_address_points,county-public-gis-fact-extraction-only,"GIS Division, Utah County Information Systems Department",,2026-09-07T02:58:44Z,411b422d0166554c31b2989755309d9c40a1003218669f01b3aa624566e81225
64ff0af6-8438-5865-b01f-3d997ee799b2,"[""geometry""]","[""eb451867-d1d3-5e41-bce7-d375e861167a""]",government_record,USACE SAW-2023-00898 public notice indexed coordinate extract,https://saw-reg.usace.army.mil/PN/2023/SAW-2023-00898-PN.pdf,"U.S. Army Corps of Engineers, Wilmington District",usace_wilmington_regulatory_public_notices,US-federal-public-domain,"U.S. Army Corps of Engineers, Wilmington District",2023-06-01,2026-09-06,68304cc87cc3346f92ed9683f32cefd6651be03dd490a9108e17b9f2929ab623
654559c0-3ba5-519b-8215-80eaaf854f5a,"[""physical_status""]","[""ea4a0cc5-bb09-5a81-b385-38ae79baf22a""]",company_disclosure,IC3 Super West - Macquarie Park Data Centre Campus,https://www.macquariedatacentres.com/data-centres/sydney/macquarie-park-campus/ic3-super-west/,Macquarie Data Centres,macquarie_data_centres_facility_pages,all-rights-reserved,Macquarie Data Centres,2025-06-02T21:39:31+00:00,2026-07-20T00:53:38Z,aea8b63b826c60a6e2027712d124a087c032f2073b611a0ca81b0742a4f5d9f9
6600dddb-f2d8-5458-8e71-b43f77cc5e01,"[""geometry""]","[""5b758548-2a2a-5643-9ebb-d8381bbd2c52"",""938feeec-a323-56e0-b6ce-2590fe58e623"",""9ddf0df3-e40c-515f-9468-ed78f063513b"",""b75695b9-38e3-58ec-baf2-039179ab353a"",""ba5ddf33-10ec-5fb8-b880-98a04df096b8""]",government_record,United States Census Geocoder Public_AR_Current exact-address matches for the v0.12 locator batch,https://geocoding.geo.census.gov/geocoder/,United States Census Bureau,us_census_geocoder,public-domain-us-government,United States Census Bureau,,2026-08-23,db625d4738dc9a0eed46bd54216090509b1882f16c8b57578f43ac0fa76b0905
68917683-63f2-5256-90ed-6b310d354ebc,"[""typed_metric:critical_it_mw"",""typed_metric:grid_connection_mw""]","[""c04bedc0-51b3-5d4d-996c-1d1e56de96c0""]",company_disclosure,Global data centre pipeline,https://hk.goodman.com/our-properties/data-centres/global-data-centre-pipeline,Goodman Group,goodman_hong_kong_data_centre_pipeline,all-rights-reserved,Goodman Group,,2026-07-20T09:18:30Z,b5f76126cd9beb317eebcc1fd1579f7a1bd855dbb5584c32e342add9bb7353f5
689228be-5762-5bca-9f0c-c8efd81c2da7,"[""geometry""]","[""eb451867-d1d3-5e41-bce7-d375e861167a""]",government_record,Catawba County parcel containing the USACE project point,https://arcgis2.catawbacountync.gov/arcgis/rest/services/Catawba_Basic_MIL1/MapServer/2/query,Catawba County GIS,catawba_county_public_parcels,county-public-gis-fact-extraction-only,Catawba County GIS,,2026-09-07T02:43:58Z,0c24acb507b7c8455fab96a03a3388706a92d36d0b94e9b0367833d9c6dd1d3f
68b10772-f3b4-5152-bffe-23d34c4f8477,"[""geometry"",""physical_status"",""role:operator""]","[""37e33657-b788-57e6-98f2-b78834cdecda""]",company_disclosure,"Brandon, Mississippi Campus",https://www.avaiodigital.com/developments/brandon-mississippi,AVAIO Digital Partners,avaio_digital_development_pages,all-rights-reserved,AVAIO Digital Partners,,2026-07-20T05:42:11Z,3759697229a486e93438b910c97839b00f274c546ee487dcee8852199bc9e4c2
69b44d85-4d17-5832-aaf7-8c2ba2bcf14f,"[""geometry""]","[""83efe2e8-3b4b-5260-b4ca-d1dbc653b792""]",government_record,"ACMA Spectrum Licensing Register site 10038207, 598B Geelong Road Brooklyn",https://api.acma.gov.au/SpectrumLicensingAPIOuterService/OuterService.svc/SiteSearchJSON/10038207?searchField=SITE_ID,Australian Communications and Media Authority,acma_spectrum_licensing_api_site_search,ACMA-radiocomms-licence-data-terms,Australian Communications and Media Authority,,2026-09-07T02:50:19Z,d5e8cd732a84d67b15d2ede54030df677a4f782913997f82f70469055a236ecb
6a06bae8-a0c9-59d5-8c19-e82b2dc4e1eb,"[""context:source_location_identity"",""physical_status""]","[""d024514a-30a3-514d-b65e-2743133f6800""]",government_record,Meluavat työt datakeskuksen työmaalla jatkuvat,https://www.loviisa.fi/ajankohtaista/meluavat-tyot-datakeskuksen-tyomaalla-jatkuvat/,City of Loviisa,loviisa_city_news,all-rights-reserved,City of Loviisa,2026-07-02T10:34:57Z,2026-07-20T00:35:16Z,631f136b57cea6d06ef390665dfc86b7a42c84a7b517d6863b69d76cb3a4358a
6a672c19-631c-578d-8988-5d1d7287ab6a,"[""context:geometry_identity""]","[""fb943def-5b5b-5192-8bb9-599e4cf616cc""]",government_record,Bitdeer SEC property exhibit identifying the Massillon address,https://www.sec.gov/Archives/edgar/data/1899123/000114036123040877/brhc20057629_ex10-2.htm,United States Securities and Exchange Commission,sec_edgar_bitdeer_property_exhibits,all-rights-reserved-fact-extraction-only,Bitdeer Technologies Group via SEC EDGAR,2023-08-22,2026-08-23,d807149ac1adf344c0da21c1c9295f2bc667304a2523a9d858c99a289a8bdda0
6a7d7a4f-0365-5de4-99f4-4325db00db64,"[""geometry""]","[""54c278ca-4dff-5f57-b5a6-911f8a615f5e""]",government_record,Chile MMA SIMBIO SEIA representative point for expediente 2152920300,https://simbio.mma.gob.cl/DPA/GetSEIA?Codigo=13,Ministerio del Medio Ambiente de Chile - SIMBIO,chile_mma_simbio_seia_project_points,no-use-restriction-stated-for-reference-cartography,Ministerio del Medio Ambiente de Chile - SIMBIO,,2026-07-21T09:26:39Z,f1725341e873eb005b8d3a9566980d9d0b10173b97b9c5527e0173bb2062ebd6
6a83e8a4-4c67-5ec1-8979-c49535d7d363,"[""context:geometry_identity"",""geometry""]","[""36ac2490-7d9c-51f3-96c4-1344481aa4e2""]",company_disclosure,Data World data-center locations map,https://dataworld.com.np/,Data World,data_world_facility_pages,all-rights-reserved,Data World,,2026-09-06,1322f2ae76690dfbaf0b0a5f494b7485db72e27e81799faef3aa8c0ac6819735
6aa2c3ec-e7cc-59f0-8cd1-4b6e68a51fef,"[""geometry""]","[""9be0ab88-c727-5dbc-8a12-e2443878b69f""]",openstreetmap,OpenStreetMap way 1223207434: ICE02 Campus,https://www.openstreetmap.org/way/1223207434,OpenStreetMap contributors,openstreetmap,ODbL-1.0,© OpenStreetMap contributors,2026-01-11T14:16:04Z,2026-07-18T18:15:02.152575Z,91c30682fe0c4a2b5e12a90f1471019b0002e5a7329df4053165237ff58bd0bd
6b7130b5-f5f5-50c8-9689-6b8e348e0015,"[""physical_status""]","[""15e0ef92-6408-5517-b0d4-a6b8707745f4""]",company_disclosure,EDS IST 01 Tuzla physical-construction update,https://www.linkedin.com/embed/feed/update/urn:li:activity:7471178062345297920,ENKA Data Solutions,enka_data_solutions_official_updates,all-rights-reserved,ENKA Data Solutions,2026-06-12,2026-07-21T16:52:10Z,2c1fa6414a4701e883467845c56dd7de7b5721d2fb4becf7ac03722e62b1c2df
6b7abcb5-6acc-5e16-8801-672021c4f9a3,"[""context:source_location_identity"",""physical_status""]","[""a225d046-5d72-5a1f-bf4b-ba454f713a49""]",company_disclosure,eStruxture CAL-3 current facility page,https://www.estruxture.com/data-centers/calgary/cal-3,eStruxture,estructure_current_facility_pages,all-rights-reserved,eStruxture,,2026-07-21T18:24:44Z,22f3c128450cc56c1662e26b6b91a41ab28106874d74a56d5e4de8ec1d284dee
6bf6472d-a1f7-53fd-b0d5-2317d80df706,"[""physical_status""]","[""58f9a985-bfa8-521c-ab85-132aec6799ed""]",company_disclosure,CyrusOne FRA7 Frankfurt Westside Data Center Milestone Achieved,https://www.linkedin.com/posts/cyrusone_datacenters-digitalinfrastructure-operationalexcellence-activity-7471180193492078592-WzIz,CyrusOne,cyrusone_linkedin_company_posts,all-rights-reserved,CyrusOne via LinkedIn,2026-06-12T12:42:45.917Z,2026-07-19T17:32:10Z,95ed134f976f8a5ac8e8afec29aa8dc38709e04ce4ca87c3a02aa33acd887c8f
6c2aaeb4-6f26-515c-99d8-8e8a0bd2f65b,"[""operating_model""]","[""65e8849e-2ebe-5d58-be63-299cbbcf8d23""]",company_disclosure,CoreSite Achieves Key Construction Milestone for New DE3 Data Center in Denver,https://www.coresite.com/news/coresite-achieves-key-construction-milestone-for-new-de3-data-center-in-denver,CoreSite,coresite_official_website,all-rights-reserved,CoreSite,2025-10-06T15:00:01Z,2026-07-20T10:42:21Z,0ddd551cfb339fc8391bb7be56d59f14d587bab7221bf1924763415a9947f5e7
6e4b0bfe-23de-5439-9dc0-3688a382a285,"[""typed_metric:critical_it_mw""]","[""0bac3fe4-c3dd-54ba-a500-e37599191432""]",company_disclosure,Hyperscale Data Centre Services in London Hayes | Colt DCS,https://www.coltdatacentres.net/en-GB/our-locations/data-centre-locations-europe/london-4,Colt Data Centre Services,colt_data_centre_location_pages,all-rights-reserved,Colt Data Centre Services,2024-08-06T22:52:26Z,2026-07-19T17:00:24Z,b5f0fafe970e5a1c744d571a45ce4407c76fb374a0b1d03784607dbf68648a25
6e5dc4f7-2b39-5a4a-8dc3-f0e20691527b,"[""geometry""]","[""5c366d64-4bb5-5c28-ab62-ec20d60fb31a""]",government_record,Roberts Road Data Centre official campus point for CDC EC6,https://www.planningportal.nsw.gov.au/major-projects/projects/roberts-road-data-centre,"NSW Department of Planning, Housing and Infrastructure",nsw_major_projects_records,no-license-stated-for-compact-factual-extraction,"NSW Department of Planning, Housing and Infrastructure",,2026-07-21T19:25:00Z,4f38942c41791c0382e88f852bd8a8da4f820ab563b6b564676fef1af5577904
6f19756c-fdec-5499-9064-14ddf738cd39,"[""physical_status""]","[""5ae9f639-4de6-5ce4-af8d-a40d6f8a3bec""]",company_disclosure,"HENT enters contract for construction phase 2, OSL1 at Økern",https://www.sentiagruppen.no/press/hent-inngar-kontrakt-pa-byggetrinn-2-osl1-datasenter-pa-okern,Sentia,sentia_official_press_release,all-rights-reserved,Sentia,2026-06-16T11:15:00+02:00,2026-07-22T04:14:05Z,7448563a29b0e39cf807f6409a1efe7d7dfd90a92daef928651dfe9dcbe34228
6f81ed11-d205-5056-b2d9-d3c014f0bc9a,"[""context:source_location_identity"",""physical_status""]","[""f6d1bce2-6fc7-5fd8-a1fb-55d5fe4cd8e9""]",company_disclosure,Racks Central Celebrates Milestone for Southeast Asia's First AI Factory Campus in Johor,https://www.rackscentral.com/news/racks-central-celebrates-milestone-for-southeast-asia-s-first-ai-factory-campus-in-johor,Racks Central,racks_central_newsroom,all-rights-reserved,Racks Central,2026-06-30,2026-08-23,bba13380e7ffc44daf297b66d713afff27c8113ea57ced7138f13dc34a41e470
6fa1a931-3b5c-5259-9b15-853187c9ae2a,"[""geometry""]","[""7c7b8437-ca56-55a0-aa36-54155f43760e""]",government_record,NLS cadastral property 286-423-20-1,https://inspire-wfs.maanmittauslaitos.fi/inspire-wfs/cp/ows?service=WFS&version=2.0.0&request=GetFeature&typeNames=cp%3ACadastralParcel&outputFormat=application%2Fjson&CQL_FILTER=nationalCadastralReference%3D%2728642300200001%27,National Land Survey of Finland (NLS),nls_inspire_cadastral_parcels_wfs,CC-BY-4.0,"Contains data from the National Land Survey of Finland INSPIRE Cadastral Parcels WFS, licensed under CC BY 4.0; retrieved 2026-08-23.",,2026-08-23,534a72639b63c3b868d4f8b2f5bea61c444381e627ef01d3ee07712bdeb6bc1c
706814f6-ce3c-5619-83a7-174fea885db2,"[""context:geometry_identity"",""geometry""]","[""4afd2551-1442-5f67-a1d9-0d245835088d""]",company_disclosure,FRA7 - AI-Ready. Sovereign. Sustainable.,https://firstcolo.net/wp-content/uploads/factsheet-rosbach_dez_25_DE.pdf,firstcolo Datacenters GmbH,firstcolo_official_factsheets,all-rights-reserved-fact-extraction-only,firstcolo Datacenters GmbH,,2026-08-23,ea1df880294c544a81b5d67f9bc6dcfed9a84b87c55ad588d5e52bd691dc0cd5
708cee21-4519-5840-a07c-2f1f8398cb87,"[""geometry""]","[""8f8c241d-ee6b-5182-8a76-ebb101a3f4c2""]",government_record,Mäntsälä official cadastral geometry for property 505-407-7-137,https://mantsala.karttatiimi.fi/maps/search.ashx,Municipality of Mäntsälä,mantsala_official_map_service,all-rights-reserved,Municipality of Mäntsälä,,2026-07-21T01:12:00Z,e9998583917b7bc03bc5e9593968d72f4ceca6b39aa18f10cc5bc5d503ecf291
7305379e-4152-58ec-9152-c2d7af3d39c1,"[""operating_model""]","[""f9e7c64e-3dc3-5d47-a4de-4c72a4284231""]",company_disclosure,Digital Park Vienna facility brochure,https://go2.digitalrealty.com/rs/087-YZJ-646/images/BR_Digital_Realty_2606_Park_Wien_VIE13_EN.pdf,Digital Realty,digital_realty_facility_brochures,all-rights-reserved,Digital Realty,,2026-07-21T05:43:04Z,66e9c7094c707fb10771765dfe5349251a042847e881aec7a93bc30b7b5d0d17
76b0e3d9-4d31-5fd3-8b73-ed63f3c6bf6f,"[""context:campus_address_identity""]","[""938feeec-a323-56e0-b6ce-2590fe58e623""]",government_record,City of Abilene Planning and Development Services 2025 Second Quarter Report,https://abilenetx.gov/DocumentCenter/View/36625/2025-Quarter-2---Quarterly-Report-PDF,City of Abilene Planning and Development Services,city_of_abilene_planning_reports,public-government-record,City of Abilene Planning and Development Services,,2026-07-21T06:07:08Z,181c419ff99ec07a93801da2fc43f0174040dd770ac2c02ba9f933a64db50bff
77e79654-177b-53cf-9db4-8c5ad47c7754,"[""context:source_location_identity"",""physical_status""]","[""fe6f26cf-4be9-51a3-857e-fca7ee21726b""]",company_disclosure,Bravida Finland awarded additional installation contract for XTX Markets' data center complex in Kajaani,https://www.bravida.se/en/press/press-releases/2026/bravida-finland-awarded-additional-installation-contract-for-xtx-markets-data-center-complex-in-kajaani/,Bravida,bravida_official_press_release,all-rights-reserved,Bravida,2026-06-25T08:00:00+02:00,2026-07-22T04:15:21Z,a72ca5eb8725b7434d75bb981b9bee986b1ed653d696a12d842af17d239f2a56
781c461b-14cf-53e1-9e40-5c39a3d589b5,"[""physical_status"",""role:operator"",""workload"",""workload_scope:intended""]","[""b8399bc6-5c72-5627-a035-4fea208cd287""]",company_disclosure,Edged US ‘Tops Out’ Second Sustainable Data Center on Edged Chicago Campus,https://edged.us/news/edged-us-tops-out-second-sustainable-data-center-on-edged-chicago-campus,Edged US,edged_newsroom,all-rights-reserved,Edged US,2026-06-04,2026-07-20T09:40:57Z,72d0a1d58baf39debeb75176a2ec76459f83b9065c73070515fc2892bec27848
784f2bc1-8e76-5a75-9b37-7c64d793d955,"[""context:source_location_identity"",""physical_status""]","[""36ac2490-7d9c-51f3-96c4-1344481aa4e2""]",government_record,Watts and Zeros: Powering Nepal's Digital Future,https://ifc.shorthandstories.com/watts-and-zeros-powering-nepals-digital-future/embed.js,International Finance Corporation,ifc_project_stories,all-rights-reserved,International Finance Corporation,,2026-09-07T02:39:42.463931Z,295d4f6c7afb1b7490cef4b83a231663e2b11e14d86d6328f5ebdd99fd564f9c
78af4a56-8fe9-5552-b965-4704ae219a8c,"[""physical_status"",""typed_metric:critical_it_mw"",""typed_metric:gross_facility_mw""]","[""0a075c8d-2733-5aba-b19a-4b53e51fd8f8""]",company_disclosure,Datasenter på Undheim,https://info.greenmountain.no/datasenter-pa-undheim/,Green Mountain,green_mountain_project_pages,all-rights-reserved,Green Mountain,2020-12-11T12:48:00Z,2026-07-20T00:02:48Z,43ffdfa6c4b1c83c367e27aa282e0e307026a1a0d2419da7e54453626f1ed26c
7960e467-cbd7-52b6-9fe5-c0b3d905f1dd,"[""geometry""]","[""97f12a4b-6526-5c76-94b3-6562420ffe99""]",government_record,Kartverket Matrikkelen parcel 1806-10/760,https://wfs.geonorge.no/skwms1/wfs.matrikkelen-eiendomskart-teig?service=WFS&version=2.0.0&request=GetFeature&typeNames=app%3ATeig&count=20&srsName=EPSG%3A4326&NAMESPACES=xmlns%28app%2Chttp%3A%2F%2Fskjema.geonorge.no%2FSOSI%2Fproduktspesifikasjon%2FMatrikkelen-Eiendomskart-Teig%2F20211101%29&FILTER=%3Cfes%3AFilter+xmlns%3Afes%3D%22http%3A%2F%2Fwww.opengis.net%2Ffes%2F2.0%22+xmlns%3Aapp%3D%22http%3A%2F%2Fskjema.geonorge.no%2FSOSI%2Fproduktspesifikasjon%2FMatrikkelen-Eiendomskart-Teig%2F20211101%22%3E%3Cfes%3AAnd%3E%3Cfes%3APropertyIsEqualTo%3E%3Cfes%3AValueReference%3Eapp%3Akommunenummer%3C%2Ffes%3AValueReference%3E%3Cfes%3ALiteral%3E1806%3C%2Ffes%3ALiteral%3E%3C%2Ffes%3APropertyIsEqualTo%3E%3Cfes%3APropertyIsEqualTo%3E%3Cfes%3AValueReference%3Eapp%3AmatrikkelnummerTekst%3C%2Ffes%3AValueReference%3E%3Cfes%3ALiteral%3E10%2F760%3C%2Ffes%3ALiteral%3E%3C%2Ffes%3APropertyIsEqualTo%3E%3C%2Ffes%3AAnd%3E%3C%2Ffes%3AFilter%3E,Kartverket / Statens kartverk,kartverket_matrikkelen_eiendomskart_teig_wfs,CC-BY-4.0,Kartverket,2026-04-10T07:48:05.975,2026-08-20T19:58:00Z,8d835fa69725193def708489f681c84bb12c384d71e263fca1739c3c539f997b
7b2675bd-76c0-54b0-82d1-3f5d6cb328b2,"[""geometry""]","[""ea4a0cc5-bb09-5a81-b385-38ae79baf22a""]",openstreetmap,OpenStreetMap way 1298979790: Intellicentre 3 Super West,https://www.openstreetmap.org/way/1298979790,OpenStreetMap contributors,openstreetmap,ODbL-1.0,© OpenStreetMap contributors,2026-01-23T04:45:35Z,2026-07-18T18:15:02.152575Z,35c15a0397e6cb7e9087d23db4878115896f9084808596e96e3f5bdc85e0daba
7bba0157-7f22-5a00-b69c-a94cfdffa771,"[""context:source_location_identity"",""physical_status""]","[""eaea9fff-9fd3-506f-a490-320f64d86dc3""]",company_disclosure,CyrusOne Yorkville Technology Campus,https://www.cyrusone.com/data-centers/north-america/yorkville-technology-campus,CyrusOne,cyrusone_community_project_pages,all-rights-reserved,CyrusOne,,2026-07-19T16:59:12Z,09c60fc430f4bfa1123a52121cec0774c799f17ac773bfd0d81c0d1fa2a98ce2
7c13694c-7c87-52e1-a47b-3417bedbc5aa,"[""context:source_location_identity"",""physical_status""]","[""edf978b4-fbe8-5f8a-9fe0-bd1e9f33e1d2""]",company_disclosure,Heath datacenter construction updates,https://local.microsoft.com/blog/heath-datacenter-construction-updates/,Microsoft,microsoft_local_project_updates,all-rights-reserved,Microsoft Local,2026-03-02T17:29:53+00:00,2026-07-19T15:59:59Z,2b2c4f915e8204a7bc4946860b4803961a22be78d50bc476c90946fee6b0f104
7f58e6cc-7e09-55a4-8202-38d31f72d03d,"[""geometry""]","[""ae6f1b86-660b-54e9-bdb0-d29bfeedc551""]",company_disclosure,QTS Cedar Rapids first-party campus page map pin,https://q.com/data-centers/cedar-rapids/,QTS Data Centers,qts_data_center_location_pages,all-rights-reserved-fact-extraction-only,QTS Data Centers,,2026-08-23,bdcb839b965128700a65a2dd34e2c2c0d119659f7c397e3161fceaf07859e9e0
7f5a79ea-9dc0-574f-ae63-e00fe77d34ab,"[""physical_status""]","[""bb8ba3ad-d563-5f84-a543-079a10264640""]",company_disclosure,CDC Maddington structural-shell works,https://www.linkedin.com/embed/feed/update/urn:li:activity:7475736271517286400,Crane Industry Council of Australia,cica_official_updates,all-rights-reserved,Crane Industry Council of Australia,2026-06-25,2026-07-21T17:12:46Z,1e64874eeff27052f0a69dd2e7976a6e4f47a8b35043a1309a41db70fb61ba4a
817642c1-265e-5c90-9684-93ab069621a4,"[""context:geometry_identity""]","[""fe6f26cf-4be9-51a3-857e-fca7ee21726b""]",government_record,Kajaani environmental permit decision 205-2025-10,https://kajaani.cloudnc.fi/download/noname/%7B9718289e-abdf-42c7-bedf-f52f8187fb6e%7D/67308,City of Kajaani,kajaani_municipal_permit_decisions,rights-status-uncertain-fact-extraction-only,City of Kajaani,2025-08-25,2026-08-23,b5a3a02ac2abcece2631c3da711054448317b4f4a7a482c61bcea2963cef0ac7
846dc1a1-5268-544e-92c2-2df087877703,"[""context:geometry_identity""]","[""1f33fed8-b0f9-50e2-8fac-56d135325c27""]",government_registry,Chiba Prefecture smoke-emitting facilities list as of 2025-03-31,https://www.pref.chiba.lg.jp/taiki/tetsuzuki/taibouhou/documents/20250331baien.pdf,Chiba Prefecture,chiba_smoke_emitting_facilities_registry,rights-status-not-established,Chiba Prefecture,2025-03-31,2026-08-23,fee045f1879e6c2037618d6b27d5a55a67b41ad50795997448e283d3fac01b28
850336d5-4d8f-5821-ae65-cb195961e7b6,"[""context:geometry_identity"",""geometry""]","[""58f9a985-bfa8-521c-ab85-132aec6799ed""]",government_permit,"Genehmigungsbescheid — CyrusOne Frankfurt 7 Holdings B. V., FF7 L1",https://rp-darmstadt.hessen.de/sites/rp-darmstadt.hessen.de/files/2026-07/bescheid-4_ndma-ff7-cyrusone_end.pdf,Regierungspräsidium Darmstadt,rp_darmstadt_environmental_permit_decisions,rights-status-not-established,Regierungspräsidium Darmstadt,2026-06-17,2026-08-21T01:24:11Z,210d29a9be04885350ba4ea66709882fdc4e7b9e7f00868cd89cd45efffccfde
89aab19e-2eb3-59f5-a3c3-71366d5cb026,"[""geometry""]","[""a225d046-5d72-5a1f-bf4b-ba454f713a49""]",company_disclosure,eStruxture CAL-3 Data Center datasheet,https://www.estruxture.com/hubfs/eStruxture_Datasheet_CAL3%20EN%20V1%202024.pdf?hsLang=en,eStruxture,estructure_facility_datasheets,all-rights-reserved-fact-extraction-only,eStruxture,,2026-07-21T18:24:44Z,befe2961598a8c4e307abea854dc288c804b4db0a7ba8945a20b49fed5adaad4
8acab3b0-70c6-5dae-9ca3-3cbf6ae3b975,"[""geometry""]","[""b2e4945f-3d75-5d9b-b2bb-d65deb74c405""]",open_map_record,OpenStreetMap way 568349989 Greenland International Industrial Center,https://api.openstreetmap.org/api/0.6/way/568349989/full.json,OpenStreetMap contributors,openstreetmap_way_full_api,ODbL-1.0,"Contains information from OpenStreetMap, which is made available under the Open Database License (ODbL).",2025-08-11T18:05:16Z,2026-08-23,659203fa82ba61ebea2778c64171289fb045adff8acb07c5e0552832a17c6a57
8d48305b-09aa-5bef-bd06-ebaf0ba48924,"[""context:geometry_identity""]","[""484cf452-3a8f-5574-8003-a5b3f693c5d2""]",government_record,Washington Current Parcels address fact for parcel 93700000002,https://services.arcgis.com/jsIt88o09Q0r1j8h/arcgis/rest/services/Current_Parcels/FeatureServer,Washington State Geoportal,washington_state_current_parcels,use-restrictions-fact-extraction-only,Washington State Geoportal; Douglas County source data,,2026-08-23,b93425b1680a8fdf0f3bb8d905676b583f1cc2e782c3bd244e6d319863aa23fd
8d4c81f8-cb29-54f6-b5b4-c6e5f1f6b628,"[""geometry""]","[""5ae9f639-4de6-5ce4-af8d-a40d6f8a3bec""]",government_address_register,"Matrikkelen address lookup: Østre Aker vei 24C, Oslo",https://ws.geonorge.no/adresser/v1/sok?sok=%C3%98stre%20Aker%20vei%2024C%2C%200581%20Oslo&utkoordsys=4326&treffPerSide=10,Kartverket / Statens kartverk,kartverket_matrikkelen_address_rest_api,CC-BY-4.0,Kartverket,,2026-08-20T19:58:01Z,de1397fe0cf91cb53d0330d4b1cfbb589b868122b2602100a375c69f4b506de1
8dff3085-994d-5629-b19b-7f2f88c44967,"[""geometry""]","[""a848e771-2e45-55fb-8d43-db0885bb824f""]",openstreetmap,OpenStreetMap way 1171439340: QScale,https://www.openstreetmap.org/way/1171439340,OpenStreetMap contributors,openstreetmap,ODbL-1.0,© OpenStreetMap contributors,2023-09-10T19:01:54Z,2026-07-18T18:15:02.152575Z,b618f90aa1d60b6737ad409febfbd328a24aaa81acc26d9c5e9e14bbcb040e81
8e34c085-5ca7-50e1-b460-ac5132c8439a,"[""geometry""]","[""c794c146-24e6-5cb8-8cd9-a12a266bba83""]",government_record,"U.S. Census geocode for 130 Industrial Parkway, Columbiana",https://geocoding.geo.census.gov/geocoder/geographies/onelineaddress?address=130%20Industrial%20Pkwy%2C%20Columbiana%2C%20AL&benchmark=Public_AR_Current&vintage=Current_Current&format=json,United States Census Bureau,census_geocoder_public_ar_current,US-federal-public-domain,United States Census Bureau,,2026-09-07T02:34:21Z,eff57c2bf59f9541f2f0bf4fddd221b89ecc05db93fdf67d60d39ea984b3c096
8f3069b1-7b32-5df4-9329-c365ae2a09bb,"[""context:geometry_identity"",""geometry""]","[""99fa93f5-9f63-5576-b036-2ee8086032a3""]",government_record,State Significant Development SSD-66777221 application details,https://majorprojects.planningportal.nsw.gov.au/prweb/PRRestService/mp/01/getContent?AttachRef=SSD-66777221%2120240606T082629.257+GMT,NSW Planning Portal,nsw_planning_portal_applicant_material,all-rights-reserved-fact-extraction-only,Goodman Property Services (Aust) Pty Limited; NSW Planning Portal,2024-06-06,2026-08-23,d69c321182f25e379fd519ed9367e3e7b6deda9f42c5cb2dfcc2dd8371bef9e5
90d3590f-be24-5554-809a-36313784fe51,"[""geometry""]","[""c30aeadf-c2f6-58a5-a8b1-227868f477c1""]",government_record,Kartverket property 5044-50/44 cadastral polygon,https://api.kartverket.no/eiendom/v1/geokoding?matrikkelnummer=5044-50%2F44&omrade=true&utkoordsys=4258,Kartverket,kartverket_eiendom_rest_api,CC-BY-4.0,© Kartverket,,2026-08-23,a29e44a76c1cb22d8e4ee697c78ab84843819a031ea37e1ccf64603093d277c8
90f6acac-7fe4-57e4-b8cd-f9b6acdf6c66,"[""typed_metric:critical_it_mw""]","[""08d881e7-8a1c-50da-81a5-d2ef49f22a7a""]",company_disclosure,Sustainability Report CY2025,https://www.coltdatacentres.net/-/media/Files/guides/colt-dcs-sustainability-report-cy2025.pdf,Colt Data Centre Services,colt_dcs_sustainability_reports,all-rights-reserved,Colt Data Centre Services,,2026-07-19T17:42:54Z,d79b5975647667fd9dc234707acb6cd4c36c72ada03f29f001866661fa296d52
913d7da6-9208-5382-a8e3-10f507b88fe6,"[""physical_status""]","[""5b758548-2a2a-5643-9ebb-d8381bbd2c52""]",company_disclosure,Gilbane Marks Steel Topping-Out Milestone for Data Center Campus in Upstate South Carolina,https://www.gilbaneco.com/about/whats-new/news/gilbane-marks-steel-topping-out-milestone-for-data-center-campus-in-upstate-south-carolina/,Gilbane Building Company,gilbane_newsroom,all-rights-reserved,Gilbane Building Company,2026-06-30T09:00:00-04:00,2026-07-19T16:40:30Z,673d0a607d69ab3a249142d0632525d4170446bae8931aa74ab117d725fb86df
9249d532-23ae-58da-bcd6-80cf09aaac30,"[""geometry""]","[""31635fdf-a7a6-52c8-91dc-f64e5c7d10d3""]",company_disclosure,Related Digital Wyoming campus page,https://www.related-digital.com/wyoming,Related Digital,related_digital_location_pages,all-rights-reserved-fact-extraction-only,Related Digital,,2026-09-07T02:50:23Z,abc21fe88dfdc8dea7f65720db4e9d39c004076f8b24a9204e26f7957c55b2b2
928bbcd8-079d-5b85-a631-2477c6513a79,"[""physical_status""]","[""3b636397-fbb2-5564-a352-fa1382a218b5""]",government_record,Port Washington Data Center Proposal,https://dnr.wisconsin.gov/topic/EIA/Portwashington.html,Wisconsin Department of Natural Resources,wisconsin_dnr_environmental_review_pages,public-government-record,Wisconsin Department of Natural Resources,,2026-07-19T18:33:46Z,4502f68999eb5a1b3e0cdb70084e588798f7d2960271642691db62faddd6a396
956fa5bf-63d8-55e6-80f8-60eeeeca386d,"[""context:geometry_identity"",""geometry""]","[""acf9eda7-3b44-5e9b-8c40-62783a7e0aa0""]",government_record,CUZK RUIAN geometries for permit-named Jiloviste parcels 505/2 and st. 379,https://ags.cuzk.gov.cz/arcgis/rest/services/RUIAN/MapServer/5/query?where=katastralniuzemi%3d660175+AND+%28%28cisloparcely%3d%27505%2f2%27+AND+druhcislovanikod%3d2%29+OR+%28cisloparcely%3d%27379%27+AND+druhcislovanikod%3d1%29%29&outFields=id%2ccisloparcely%2ckatastralniuzemi%2ckmenovecislo%2cpoddelenicisla%2cdruhcislovanikod%2cvymeraparcely%2cplatiod%2cplatido%2czdroj&returnGeometry=true&outSR=4326&f=geojson,"Czech Office for Surveying, Mapping and Cadastre (CUZK)",cuzk_ruian_parcels,all-rights-reserved,"Czech Office for Surveying, Mapping and Cadastre (CUZK)",,2026-09-06,f0256622e85d0b2662e2c38a4938b4735e95a6982872f397009c6a2eb3e08c42
9590b8c5-a6cb-5c06-bd54-48063d19de70,"[""operating_model"",""role:operator"",""typed_metric:pue""]","[""e997ad94-2a62-5c44-90f9-fa27edf77dc2""]",company_disclosure,Datu centrs POZITRONS,https://www.lvrtc.lv/projekti/datu-centrs-pozitrons/,Valsts akciju sabiedrība “Latvijas Valsts radio un televīzijas centrs”,lvrtc_pozitrons_project_pages,all-rights-reserved,Valsts akciju sabiedrība “Latvijas Valsts radio un televīzijas centrs”,2026-01-09,2026-07-21T12:22:06Z,3f565f850e22560367c4b49384ed730ec8654d1cc2cf122c5bb2a1c40dc76578
959963fd-1d27-5927-a972-8a04fd97727e,"[""geometry""]","[""15e0ef92-6408-5517-b0d4-a6b8707745f4""]",company_facility_page,EDS IST 01 Tuzla - ENKA Data Solutions,https://enkadatasolutions.com/locations/eds-ist-01-tuzla/,ENKA Data Solutions,enka_data_solutions_facility_pages,all-rights-reserved,ENKA Data Solutions,,2026-08-20T22:43:43Z,98aee007277d13a017642acb11689d783cd5862b8f65502fc803e84b71a14461
96087e89-0485-5ce0-8d2c-f7bdfe47d834,"[""physical_status""]","[""58129708-0b52-5984-afbc-f8f38e085df1""]",company_disclosure,Data Center 4 on the Campus ZRH1,https://www.green.ch/en/enterprise/data-center-locations/green-switzerland/campus-zrh1-lupfig/datacenter-4-lupfig,Green,green_data_center_facility_pages,all-rights-reserved,Green,,2026-07-20T01:03:34Z,a241bca1a18774e0b82c7b2d23e59dbf86bbb30cc1160604808de34e626d3ce4
9617e6ae-f52d-59ef-bbfc-8b8c54303be1,"[""context:campus_address_identity""]","[""5b758548-2a2a-5643-9ebb-d8381bbd2c52""]",company_disclosure,QTS York County Data Center,https://q.com/data-centers/york/,QTS Data Centers,qts_data_center_location_pages,all-rights-reserved,QTS Data Centers,2024-08-27T16:24:02+00:00,2026-07-19T16:40:30Z,d11b5b153f42cd5f96da2a20552c8c62387c0b3ca2604178dd83779ec7d90a6b
9677a40a-6a16-59e3-b098-3bf415f47dfd,"[""geometry""]","[""9c34c305-5149-5961-b88f-648da82351f7""]",government_record,ACT Government retired Block 24 Section 11 Beard,https://services1.arcgis.com/E5n4f1VY84i0xSjy/ArcGIS/rest/services/ACTGOV_BLOCKS/FeatureServer/0/query?where=DIVISION_NAME%3D%27BEARD%27%20AND%20SECTION_NUMBER%3D11%20AND%20BLOCK_NUMBER%3D24&outFields=%2A&returnGeometry=true&outSR=4326&f=geojson,Australian Capital Territory,actgov_blocks_arcgis,CC-BY-4.0,"Australian Capital Territory cadastral data, licensed under CC BY 4.0; retrieved 2026-08-23.",,2026-08-23,f13feaababe686fc3a97c45d7e30147bcaeaa95b25655e0c7d6139e9dc2e78df
97007edb-ddfc-5984-884a-8222ded41e29,"[""physical_status"",""typed_metric:critical_it_mw""]","[""54c278ca-4dff-5f57-b5a6-911f8a615f5e""]",company_disclosure,Scala Data Centers Portfolio,https://scaladatacenters.com/en/data-centers-en/,Scala Data Centers,scala_data_center_portfolio_pages,all-rights-reserved,Scala Data Centers,,2026-07-21T07:52:27Z,8a78e94b27e3cc375549845cf680b76eb678b19605de0c1411dbc6aafc84972b
98fcd750-ba33-537e-8669-fe8d1db1a6c6,"[""geometry""]","[""b8399bc6-5c72-5627-a035-4fea208cd287""]",government_record,City of Aurora address point 85050 at 2835 Bilter Road,https://services1.arcgis.com/79UxTxnBeBW8JHY4/arcgis/rest/services/Address_Points/FeatureServer/0/query?where=LOCATIONID%3D85050%20AND%20PIN%3D%2707-05-105-006%27&outFields=OBJECTID%2CLOCATIONID%2CPIN%2CADDRESS%2CCITY%2CZIPCODE%2CCOUNTY%2CZONING%2CLANDUSE%2COWNERNAME&returnGeometry=true&outSR=4326&f=geojson,City of Aurora,aurora_open_data_address_points,public-domain,City of Aurora GIS,,2026-07-21T06:33:55Z,8db6b8217609665b4b58ab8ade5e5bb0a252321f056a1e80d6203533d837a84a
9a7b27f7-7014-5a54-863a-aba6b9ff8e09,"[""context:source_location_identity"",""physical_status""]","[""f166440f-2ab0-57ea-9788-c66d89c8704f""]",company_disclosure,Eagle Mountain,https://q.com/data-centers/eagle-mountain/,QTS Data Centers,qts_data_center_location_pages,all-rights-reserved,QTS Data Centers,2024-08-27T20:21:36+00:00,2026-07-19T16:45:08Z,400cb1d0d1414483ee0d81c7b37b00716a4493b806f635622c9b411c427baf8a
9bb3b9ad-0b64-5c9f-adc9-abc7463b1a61,"[""context:source_location_identity"",""physical_status""]","[""484cf452-3a8f-5574-8003-a5b3f693c5d2""]",company_disclosure,Bitdeer July 2026 infrastructure update - Wenatchee,https://www.sec.gov/Archives/edgar/data/1899123/000121390026079816/ea029852701ex99-1.htm,Bitdeer Technologies Group,sec_edgar_bitdeer_exhibit,all-rights-reserved,Bitdeer Technologies Group via SEC EDGAR,2026-07-21,2026-07-22T02:41:42Z,c8fe8dcc3d3e264850657dd741d185cc4450188bd0063cd218bf99810f3ea50d
9d76095e-ffd9-5ac9-a910-1b0bf3dacc91,"[""context:geometry_identity""]","[""c30aeadf-c2f6-58a5-a8b1-227868f477c1""]",regulatory_filing,Bitzero exhibit 99.57 - Namsskogan lease agreements,https://www.sec.gov/Archives/edgar/data/2100457/000175392626000899/g085467_ex99-57.htm,Bitzero Holdings Inc. via SEC EDGAR,bitzero_sec_filings,all-rights-reserved-fact-extraction-only,Bitzero Holdings Inc.; U.S. Securities and Exchange Commission EDGAR,2026-05-11,2026-08-23,379454e37fc2b040a5ddb74fe6fa612289c9db2e08f83aa311addbe8ea99b56e
9e125358-5e04-5826-b0ad-9fec2aeb71d2,"[""context:source_location_identity""]","[""35c427dc-af95-5011-b3ab-3fa7c90fcb30""]",company_disclosure,ECG Telecom Egypt Regional Data Hub 2 project page,https://www.ecgsa.com/telecom-egypt-regional-data-hub-2-rdh2-data-center/,Engineering Consultants Group S.A.,ecg_project_pages,all-rights-reserved,Engineering Consultants Group S.A.,2026-01-20,2026-07-21T16:40:44Z,6d7c0708bed91751ad0d5641efd224a8f63ca59e890d0b879bbd0104a1397d78
9e5f7eb0-994d-534d-8715-b16378b71787,"[""geometry""]","[""48eb54d5-dd3f-51a3-aeed-1ddce1949763""]",company_disclosure,"Compliance to Stipulated Conditions in Environment Clearance, October 2024 to March 2025 — Development of Data Center PNQ04",https://www.adaniconnex.com/-/media/Project/AdaniConneX/AdaniConneX-AboutUs-Assets/Certifications/Post-EC-compliance-report-PNQ26--with-Anneure.pdf,Pune Data Center Limited,adaniconnex_environmental_compliance_reports,all-rights-reserved,Pune Data Center Limited,,2026-07-21T16:11:57Z,406e7134f896a916f6ac978a888183f67de62218cbfbd24a90248af52af544f4
9ef151e3-b5f8-5421-b9df-f5ac0bfca4a6,"[""physical_status""]","[""f9e7c64e-3dc3-5d47-a4de-4c72a4284231""]",company_disclosure,Digital Realty Carriers Hub Day in Vienna recap,https://www.linkedin.com/posts/digitalrealty_carrier-hub-day-wrapupmp4-activity-7473287475726213120-4j-2,Digital Realty,digital_realty_company_linkedin,all-rights-reserved,Digital Realty,2026-06-18T08:16:21.162Z,2026-07-21T05:43:03Z,f4840f3349c84440e0664b1ccf2a4a9ce224611b466afcffaeea1363b166824b
9f47299f-1ce7-579f-b0b8-1bd454faabd5,"[""physical_status""]","[""01baa3bb-ea56-5f41-8c67-82dd84f87d51""]",company_disclosure,Chicago's digital renaissance,https://www.digitalrealty.com/about/projects/digital-cermak,Digital Realty,digital_realty_project_pages,all-rights-reserved,Digital Realty,,2026-07-19T16:54:09Z,a4e9b5abff02050c4f5e2f04fd1e069aa76091d92b2dcc76f97c359e7b1aca31
9f4c707b-692b-5d29-b1df-3db4259967cc,"[""geometry""]","[""c04bedc0-51b3-5d4d-996c-1d1e56de96c0""]",government_coordinate_transformation,Lands Department HK1980 Grid to WGS84 transformation,https://www.geodetic.gov.hk/transform/v2/?inSys=hkgrid&outSys=wgsgeog&e=832091&n=825415,"Geodetic Survey Section, Lands Department, Government of the Hong Kong SAR",hong_kong_lands_department_coordinate_transformation_api,Hong-Kong-DATA.GOV.HK-Terms-of-Use,Government of the Hong Kong SAR / Lands Department / DATA.GOV.HK,,2026-08-20T19:57:28Z,8db2983a30966dedfb7470b0712deb3bb82505e82ef65ac1b786f052ad8efb9e
9f5522ca-0b7c-5b13-aa39-eeb8b5f704cb,"[""physical_status""]","[""97f12a4b-6526-5c76-94b3-6562420ffe99""]",company_disclosure,Nscale and Nordkraft establish Nordscale Operations,https://www.nscale.com/press-releases/nordscale,Nscale,nscale_press_releases,all-rights-reserved,Nscale,2026-07-06,2026-07-22T03:29:10Z,80083854496ae0b2952d0ccff49a3f6a85d33a9c6fa41c7caef55050a117e619
a16dbcad-9b13-557e-9b38-46e3305bcc0e,"[""geometry""]","[""e997ad94-2a62-5c44-90f9-fa27edf77dc2""]",government_record,Latvian State Land Service parcel 62740010343 reference point with LVRTC Pozitrons site bridge,https://grafws.kadastrs.lv/geoserver/cp/wfs?service=WFS&version=2.0.0&request=GetFeature&typeNames=cp%3ACadastralParcel&outputFormat=application%2Fjson&CQL_FILTER=label%3D%2762740010343%27,Valsts zemes dienests,latvia_vzd_cadastre_and_lvrtc_site_records,CC-BY-4.0,"Valsts zemes dienests (State Land Service of Latvia), CC BY 4.0",,2026-07-21T14:55:52Z,9f956cc7e9fd532156e7a093a047731507f29710996709854cf20d6365cf2f02
a1f1c613-7606-5e9d-baf9-31cdb38d34f0,"[""geometry""]","[""d024514a-30a3-514d-b65e-2743133f6800""]",government_record,Ryhti open permit building 104259934N,https://paikkatiedot.ymparisto.fi/geoserver/ryhti_permit/ogc/features/v1/collections/open_permit_building/items?f=application%2Fgeo%2Bjson&filter=permanent_permit_identifier%3D%27302396994R%27%20AND%20gross_floor_area%3D24145&limit=10,Finnish Environment Institute Ryhti,ryhti_open_permit_buildings,CC-BY-4.0,Finnish Environment Institute Ryhti; CC BY 4.0,,2026-08-23,37e4f018b66e8250a0523fa42ab8ef10e95c9649f5526c526ca210bb54826b22
a251b3bb-e0bc-56d3-b89a-97914d692f5d,"[""physical_status"",""typed_metric:critical_it_mw""]","[""42e50e84-873d-562d-b6d2-945ccf04b0e8"",""aa93c84a-17d6-5092-bf57-686f7e1ab4a4"",""e4e51c8d-a98e-50a4-ba16-0795f1f3f63a""]",company_disclosure,STT GDC Accelerates Jakarta Campus Expansion to Power Indonesia’s AI and Digital Ambitions,https://www.sttelemediagdc.com/newsroom/stt-gdc-accelerates-jakarta-campus-expansion-power-indonesia-ai-and-digital-ambitions,ST Telemedia Global Data Centres,stt_gdc_newsroom,all-rights-reserved,ST Telemedia Global Data Centres,2026-06-10,2026-07-19T19:09:17Z,f56371010a4c86f72e48fec5078c3b0bb8441cf46d97fb43a1e85f52980fc676
a31b2e5c-d82b-52aa-aa82-f330ee5d689a,"[""context:geometry_identity""]","[""484cf452-3a8f-5574-8003-a5b3f693c5d2""]",government_record,Bitdeer SEC exhibit identifying the Wenatchee property parcel,https://www.sec.gov/Archives/edgar/data/1899123/000110465923029896/tm2135137d43_ex10-19.htm,United States Securities and Exchange Commission,sec_edgar_bitdeer_property_exhibits,all-rights-reserved-fact-extraction-only,Bitdeer Technologies Group via SEC EDGAR,2023-03-06,2026-08-23,9d35bc4a6e992c7b8f49ce0c79e3d404aa1f61a40302e658ae540cf8a54d1b21
a40975a4-9388-5f76-8e67-73e0e96ca8e8,"[""context:source_location_identity"",""physical_status""]","[""1cae5b48-c630-5f16-9fe2-5d77571cafe9""]",regulatory_filing,Telia Lietuva Interim Report January-June 2026,https://www.nasdaqbaltic.com/market/upload/reports/tel1/2026_q2_en.pdf,"Telia Lietuva, AB",nasdaq_baltic_issuer_filings,all-rights-reserved,"Telia Lietuva, AB; Nasdaq Baltic",2026-07-17,2026-08-23,257e1777f85133f74216abda9eabf761f4a69384f1bf000029078943cd52a9f5
a45fecbd-1054-5b4f-9b28-57e440c00a0c,"[""context:geometry_identity""]","[""ae6f1b86-660b-54e9-bdb0-d29bfeedc551""]",government_record,Census Public_AR_Current match for 6200 76th Avenue Southwest,https://geocoding.geo.census.gov/geocoder/,United States Census Bureau,us_census_geocoder,public-domain-us-government,United States Census Bureau,,2026-08-23,4278336c8a64459e98f0ba2ad67c300ff6c64e0357d8db6e437f28dc9a8405e7
a488471c-6dc2-593f-92df-db707862cbfc,"[""geometry""]","[""58129708-0b52-5984-afbc-f8f38e085df1""]",openstreetmap,OpenStreetMap way 242248627: OpenStreetMap way 242248627,https://www.openstreetmap.org/way/242248627,OpenStreetMap contributors,openstreetmap,ODbL-1.0,© OpenStreetMap contributors,2025-11-21T11:22:11Z,2026-07-18T18:15:02.152575Z,c28deb0bb953968aeca98ef383b15fbe1acf5c365545aac977fc18eedda53bb0
a48ba580-7ce9-5440-ba4c-cd0a75637a47,"[""context:geometry_identity""]","[""52d209cc-c8cd-5f8a-8337-cd887187f383""]",government_record,Dansk Datacenter 1 K/S - Digital Miljoeadministration,https://dma.mst.dk/vis-virksomhed/6caab521-290e-45ba-aabd-17d4f2a86c17,Danish Environmental Protection Agency,denmark_digital_environmental_administration_facility_records,all-rights-reserved,Danish Environmental Protection Agency,,2026-09-07T02:43:12Z,338bdebd3abb7e48fccb3aa2f84e6eac747d7667e5fd7b2f3edcdd280ded7708
a49b85ce-f91a-56b8-af06-3b663336bdf8,"[""context:source_location_identity"",""physical_status""]","[""7c7b8437-ca56-55a0-aa36-54155f43760e""]",company_disclosure,YIT and atNorth agree on construction of a data center in Kouvola,https://www.yitgroup.com/en/news-repository/investor-news/yit-and-atnorth-agree-on-construction-of-a-data-center-in-kouvola--value-for-yit-approximately-eur-300-million,YIT,yit_official_investor_news,all-rights-reserved,YIT,2026-07-21T12:00:00+03:00,2026-07-22T04:14:04Z,678a6298ce048e09e42c2e8aa416217f0ec05124e0ec4d25002ec4063df4f1b6
a4ae0a31-3e69-5886-ad17-7d2402e15677,"[""geometry""]","[""2e2b9d40-5024-5e6d-bbb2-56a8b16b9c16""]",government_record,Roberts Road Data Centre official campus point for CDC EC5,https://www.planningportal.nsw.gov.au/major-projects/projects/roberts-road-data-centre,"NSW Department of Planning, Housing and Infrastructure",nsw_major_projects_records,no-license-stated-for-compact-factual-extraction,"NSW Department of Planning, Housing and Infrastructure",,2026-07-21T19:25:00Z,4f38942c41791c0382e88f852bd8a8da4f820ab563b6b564676fef1af5577904
a4ff7674-bfdc-5a88-92cd-673e02250b1a,"[""context:geometry_identity"",""geometry""]","[""5b11c034-5a3b-5e5d-bc6a-b7122e21fbec""]",government_record,QTS Project Wind Environmental Setting and Site Design Report,https://consult.environment-agency.gov.uk/psc/ne22-7bl-rainton-construction-limited-a001/supporting_documents/application-bespoke-a001-gbr1-dczz-cdl-ste-xx-rp-b-0018_-essd-171125pdf,Environment Agency consultation portal,uk_environment_agency_applicant_documents,all-rights-reserved-fact-extraction-only,QTS Data Centres; Cundall; Environment Agency consultation portal,2025-11-05,2026-08-23,25235f3c8187b67df890d8460cf520537ddad603a87c56e84bf06728cd7946f4
a63792de-87ff-5a78-8a99-e53260b301f1,"[""typed_metric:critical_it_mw""]","[""15e0ef92-6408-5517-b0d4-a6b8707745f4""]",company_disclosure,ENKA Tuzla Data Center project page,https://www.enka.com/portfolio-item/enka-tuzla-data-center/,ENKA İnşaat ve Sanayi A.Ş.,enka_project_portfolio,all-rights-reserved,ENKA İnşaat ve Sanayi A.Ş.,,2026-07-21T16:52:10Z,063f80b041c04c7aa5f7cad003a34e7459add371f7acb5cee5f643cae9590262
a66352ad-9007-510c-ad30-c88e41cbe37a,"[""geometry""]","[""55f4eb88-750d-5aa5-b4cb-bd5b8e746fe6""]",government_planning_record,Plan de Interés General de Aragón — Expansión Región AWS en Aragón — Tomo I: Memoria justificativa,https://www.aragon.es/documents/d/guest/tomo-i-memoria-justificativa-pdf,Government of Aragón,aragon_piga_aws_expansion_planning_documents,rights-status-not-established,"Government of Aragón / Amazon Data Services Spain, S.L.",,2026-08-20T21:45:11Z,dd1d3a349c4704b8896ab14dfa20be0be08fa9b838261173691891ae2be0c27f
a6b1e5df-d16d-5edd-a0cc-2c4e6ae25110,"[""context:geometry_identity""]","[""86bcbcd1-702d-5afa-aeb8-1cb145224b97"",""edf978b4-fbe8-5f8a-9fe0-bd1e9f33e1d2"",""f8377a0f-dc89-5b7a-8257-25f25cdbac43""]",government_record,Licking County parcel owner and situs-address facts for three Microsoft campuses,https://services1.arcgis.com/iUtb2L01aPkOaIXu/arcgis/rest/services/Parcels_LickingOH/FeatureServer,"Licking County, Ohio",licking_county_parcel_facts,rights-status-uncertain-fact-extraction-only,"Licking County, Ohio",,2026-08-23,7074823e9d79249fef18aba0774be26a8dc34a49a5a9d281c13973ce020cd6c5
a71bfa0b-8b6e-51ec-9e42-a71adfd62d1b,"[""role:operator""]","[""5ae9f639-4de6-5ce4-af8d-a40d6f8a3bec""]",company_disclosure,Skygard OSL1,https://www.skygard.no/osl1-eng,Skygard,skygard_official_facility_page,all-rights-reserved,Skygard,,2026-07-22T04:14:04Z,e0a4fe00766c87ed0956ee59dc12ef5c5d36003552f032d8659acbfded59d365
a9d0173c-a00c-5936-b2d2-493a61fc0d53,"[""physical_status""]","[""0cdff49d-f05c-5993-acd1-d1259fd80165""]",company_disclosure,Pure DC appoints Glencar for next phase of its 90MW Brent Cross campus build-out,https://puredc.com/2026/05/28/pure-dc-appoints-glencar-for-next-phase-of-its-90mw-brent-cross-campus-build-out,Pure DC,pure_dc_news,all-rights-reserved,Pure DC,2026-05-28,2026-07-19T20:35:16Z,79d293abb6590f7321e8bee14f1adc732a171e774d2589bb94be1843df21acf0
a9daeede-caae-58b3-8121-7185a3a07a33,"[""physical_status""]","[""def7f329-a075-519e-bc4b-8f8126bc1901""]",company_disclosure,atNorth joins Norwegian Data Center Industry,https://www.atnorth.com/news/atnorth-joins-norwegian-data-center-association/,atNorth,atnorth_newsroom,all-rights-reserved,atNorth,2026-06-09T07:00:00Z,2026-07-20T00:02:55Z,2b7995a34c638735c41705c077f6c6adbc00af1154ef8890f3b58f0a26df743c
ab38ac59-f17b-5f63-b060-392d2bebd078,"[""geometry""]","[""ccb7fe0e-f94d-58ca-8d36-695a9cd48d56""]",openstreetmap,OpenStreetMap way 1528490094: Microsoft Fairwater AI Phase 2,https://www.openstreetmap.org/way/1528490094,OpenStreetMap contributors,openstreetmap,ODbL-1.0,© OpenStreetMap contributors,2026-06-11T13:14:48Z,2026-07-18T18:15:02.152575Z,c672ce252af90cb782cb8e69152367543054d712f2640e9d3506a13c30ef8197
ad0c7dc7-a25c-56d6-a190-734216237c6a,"[""geometry""]","[""def7f329-a075-519e-bc4b-8f8126bc1901""]",government_municipal_project_map,Serverhallar med återvinning av överskottsvärme,https://vaxer.stockholm/projekt/akalla/serverhallar-med-atervinning-av-overskottsvarme/,Stockholms stad,stockholm_vaxer_municipal_project_pages,rights-status-not-established,Stockholms stad,,2026-08-20T21:48:09Z,443212fe52d8d7510bf5fda77becbc1a8392e73e169e8d3cfd17a506a22212df
ad6f843e-6f09-567d-82e6-58ecd9959ff7,"[""geometry""]","[""38033ec9-dbd8-56bb-8a35-0fa91dd284e2""]",company_disclosure,Ten Brinke Spata project-page embedded map marker,https://www.tenbrinke.com/en/projects/current-projects/current-projects-details/data-center-spata-26-1052-gr.html,Ten Brinke Group,ten_brinke_project_pages,all-rights-reserved,Ten Brinke Group,,2026-07-21T17:01:00Z,9ef57bbcb1517843d3e2e0f399d645147433f9896b1ece41f062cff8c5273c1a
ad6f9a56-ffa6-527d-bcd3-a7d8932c31b9,"[""physical_status"",""typed_metric:critical_it_mw""]","[""44130f9f-95af-5f19-9fcf-47aabd3a5c8b""]",company_disclosure,Construction progress,https://akashi.cloud/construction-progress/,Akashi Data Center,akashi_data_center_project_pages,all-rights-reserved,Akashi Data Center,,2026-07-21T12:22:07Z,a2f3f281a66151c90b6a6ea0a089e9cab9361b586f60cde06febb1d49fee6b9f
adac0b2c-575b-5ec5-a0d8-bed593fc3c20,"[""geometry""]","[""d2915b77-394c-5202-8c38-cbd3277121c7""]",company_facility_specification,SEL2 Data Center Specification,https://www.digitaledgedc.com/wp-content/uploads/2023/06/SEL2_Specsheet_EN.pdf,Digital Edge,digital_edge_facility_specifications,all-rights-reserved,Digital Edge,,2026-08-20T21:05:59Z,509a845cdc5677392bf05941c54487f0a1f74482491bb890e69987b11e16522f
aeddc493-1f87-5c65-933b-2d4d464395f2,"[""context:source_location_identity""]","[""52d209cc-c8cd-5f8a-8337-cd887187f383""]",government_record,"Danmarks Adresseregister access-address point for Sahara 9, Esbjerg",https://api.dataforsyningen.dk/adgangsadresser/b0351879-20c7-47f9-8cde-54dad6a417a8?format=geojson&srid=4326,Klimadatastyrelsen,denmark_authoritative_address_register_points,CC-BY-4.0,Klimadatastyrelsen / Danmarks Adresseregister (DAR),,2026-09-07T02:43:39Z,91c713f41cf392a2ea54625308c13b9e5d9311ebe8bc2415a27db8b14187e099
afb9a2fa-7d6d-57ef-8cbb-ef73595ed596,"[""role:operator""]","[""4a934222-f3af-5945-bb46-b98bfaef89b7""]",company_disclosure,Alto Infrastructure production web application bundle containing the SP01 route,https://altoinfrastructure.com/assets/index-qcBJRWrY.js,Alto Infrastructure,alto_infrastructure_web_application,all-rights-reserved,Alto Infrastructure,,2026-07-20T08:33:14Z,7e5ec53ff90be0a65d73059192807716629e1608d3b8336f12dae6d56b932461
aff4b014-b3dd-5ba0-b90b-ad3cde08f30a,"[""physical_status""]","[""e997ad94-2a62-5c44-90f9-fa27edf77dc2""]",company_disclosure,Projekta aktualitātes,https://www.lvrtc.lv/projekti/datu-centrs-pozitrons/projekta-aktualitate/,Valsts akciju sabiedrība “Latvijas Valsts radio un televīzijas centrs”,lvrtc_pozitrons_project_pages,all-rights-reserved,Valsts akciju sabiedrība “Latvijas Valsts radio un televīzijas centrs”,2026-02-12,2026-07-21T12:22:03Z,4d00948cfc2a582004e38bcee3425c4ea5da5ce8dc31d3da326e6ba0a8b9d9e1
b0d7fbf5-7de2-58e0-a54f-d6fec6d08a6a,"[""context:geometry_identity""]","[""6f0acd88-cd04-5f3f-915c-48a71fd51f39""]",government_record,State Ethics Commission files lawsuit against Elevate New Mexico,https://www.sec.nm.gov/wp-content/uploads/2026/04/2026-04-23-SEC-v.-Elevate-NM-Press-Release.pdf,New Mexico State Ethics Commission,new_mexico_state_ethics_commission_press_releases,rights-status-not-established,New Mexico State Ethics Commission,2026-04-23,2026-08-20,63e9b25e1e1f40121a66a58eeef3ee938c15e7b09ab65e47b8c44419d8cc7ba9
b133a4dc-126f-5e44-8841-f770b6fa9ad0,"[""geometry""]","[""7206a400-093d-5c92-b1c5-c4243807de29""]",government_record,Interim Baseline Report: KAO Data Centre,https://consult.environment-agency.gov.uk/psc/cmr-we4588ab-v017-9na-harlow-operations-limited/supporting_documents/Application%20%20Variation%20V002%20%20APPENDIX%20H%20%20Interim%20Baseline%20Report%20%20Kao%20Data%20Centre%202025%2031032025.pdf,Impact Geotechnical Limited,environment_agency_permit_application_supporting_document,all-rights-reserved,Impact Geotechnical Limited via Environment Agency public consultation,2025-03-13,2026-07-19T14:23:16Z,beed9e6e1cc4413078fd0a46c72e273f5d9adf36bbd4fcf2ef736142d635e5d9
b1f159c6-216e-5c92-9a98-9c2e0d27ad3a,"[""context:geometry_identity"",""geometry""]","[""df2b8f33-9c46-5f6a-9853-b47474606979""]",commercial_directory_record,NXDATA Bucharest 3,https://inflect.com/building/38-ring-road-tunari/nxdata/datacenter/nxdata-3,"Inflect, Inc.",inflect_datacenter_directory_pages,all-rights-reserved-fact-extraction-only,"Inflect, Inc.; compact factual extraction only",,2026-09-07T02:53:15Z,b548279e42881c26ff54e44fd92d6ade111c7ec98dbcdabeae7d3f70ab30f83b
b24c0246-2488-55e4-9022-3609124fd8c8,"[""geometry""]","[""adc32529-cea1-5d06-86de-334e63433be6""]",openstreetmap,OpenStreetMap way 1227173411: Blönduós,https://www.openstreetmap.org/way/1227173411,OpenStreetMap contributors,openstreetmap,ODbL-1.0,© OpenStreetMap contributors,2023-12-11T21:22:25Z,2026-07-18T18:15:02.152575Z,7d0bca3bdb8cefaf67a9bfc940f08817e402e4213f9b3728ec723878d70c6eb7
b2a12b58-767d-5517-9d63-a5d6fc6e9426,"[""geometry""]","[""01baa3bb-ea56-5f41-8c67-82dd84f87d51""]",openstreetmap,OpenStreetMap way 210537873: American Book Company Building,https://www.openstreetmap.org/way/210537873,OpenStreetMap contributors,openstreetmap,ODbL-1.0,© OpenStreetMap contributors,2025-11-24T16:39:43Z,2026-08-20T23:25:39Z,8f39e5ebd458a531152e933ac3b71cc105ad71692dd1da8920002d004570d5e9
b3d96fed-4eb9-53a1-a67b-848bbe9c4c4d,"[""context:source_location_identity"",""physical_status""]","[""5b11c034-5a3b-5e5d-bc6a-b7122e21fbec""]",company_disclosure,Cambois,https://q.com/data-centers/cambois/,QTS Data Centers,qts_data_center_location_pages,all-rights-reserved,QTS Data Centers,2024-11-04T16:41:55+00:00,2026-07-19T16:29:03Z,6eab7c0ac2af11363f89c7d3257d1e17e072a60b1bb1a15055d638acd770a06c
b4bdfbf2-b320-5186-8978-0076403b94c3,"[""geometry""]","[""ae484949-f575-5553-ad33-bc1f96eab345""]",government_record,Census Public_AR_Current match for 1300 Louis Henna Boulevard,https://geocoding.geo.census.gov/geocoder/,United States Census Bureau,us_census_geocoder,public-domain-us-government,United States Census Bureau,,2026-08-23,6815c7a64fb9ed59ceee8a132aef1ad4fee57ddb3c260fdeba09e5673592d666
b5ab4fb4-fff8-580c-8974-9c89f54ed8ec,"[""geometry""]","[""eaea9fff-9fd3-506f-a490-320f64d86dc3""]",government_record,Kendall County parcel centroid for C1 YORKVILLE LLC PIN 02-18-300-004,https://maps.co.kendall.il.us/server/rest/services/Hosted/Current_Cadastral_Features/FeatureServer/1/query,Kendall County GIS,kendall_county_current_cadastral_features,county-public-gis-fact-extraction-only,Kendall County GIS,,2026-09-07T02:58:42Z,6192994f7280ac81e887d52b54223d4b260d6a306d8d9326a9273ffb36547b27
b5e3c339-22cc-56ac-89f9-e8efbb471284,"[""context:source_location_identity""]","[""010c4071-5901-54ea-a312-f59d53358a0a""]",company_disclosure,Ezditek RUH01 PNU groundbreaking announcement,https://ezditek.com/2024/11/ezditek-breaks-ground-on-data-center-facility-in-riyadh-to-provide-a-foundation-for-ai-and-cloud-innovation-in-the-kingdom-of-saudi-arabia/,Ezditek,ezditek_company_news,all-rights-reserved,Ezditek,2024-11-18,2026-07-21T16:52:10Z,1d064701d614d8e14de399fc21be652d5e677c698fa2f63131fab05c97fce208
b6a4a704-8176-570e-8d48-4f118e5990b8,"[""context:source_location_identity"",""physical_status""]","[""4eeb97fa-8e1d-53de-ae86-eebc40e97d6f""]",company_disclosure,FRA-Mainz,https://greenmountain.no/data-center/fra-mainz/,Green Mountain,green_mountain_data_center_pages,all-rights-reserved,Green Mountain,,2026-07-21T07:52:28Z,f8720070b7d4048db848a9addbc489b34da0e75267e40813497dab14eccb1505
b91493e8-2d06-5029-8df8-bfc06d77f418,"[""context:geometry_identity"",""geometry""]","[""010c4071-5901-54ea-a312-f59d53358a0a""]",open_map,"OpenStreetMap way 1544103564, Ezditek RUH01",https://api.openstreetmap.org/api/0.6/way/1544103564/full.json,OpenStreetMap contributors,openstreetmap_api,ODbL-1.0,© OpenStreetMap contributors,2026-07-24T16:58:06Z,2026-08-23,b5ba6cc30c8c10bba2887c067dd1f1d48644123fcf83b7fedb6902f9fad540b8
bbc73b1a-ea07-52d6-a1a9-07e972f45a67,"[""physical_status""]","[""55f4eb88-750d-5aa5-b4cb-bd5b8e746fe6""]",government_record,El parque tecnológico Walqa refuerza su crecimiento con la nueva conexión directa con Huesca,https://www.aragonhoy.es/economia-competitividad-y-empleo/walqa-refuerza-crecimiento-nueva-conexion-directa-huesca-105562,Government of Aragón,aragon_government_news,all-rights-reserved,Government of Aragón,2026-06-25,2026-07-19T13:39:24Z,87a5b4b3b4809f9b4d2bf851095bd2f07aff3cb5551b3abf004653388c6876be
bd494c0b-3936-5cc0-844a-67cd0db22812,"[""physical_status""]","[""adc32529-cea1-5d06-86de-334e63433be6""]",utility_record,Borealis and Landsvirkjun sign a 12 MW power purchasing agreement,https://www.landsvirkjun.com/news/borealis-and-landsvirkjun-sign-a-12-mw-power-purchasing-agreement,Landsvirkjun,landsvirkjun_customer_updates,all-rights-reserved,Landsvirkjun,2026-06-23,2026-07-21T15:52:31Z,698796d45b3d72a23c93127e5203bd956702f9a76d714b26e7548db583cc26af
bf2135c6-1aa5-58e8-a318-7e67915aa1bb,"[""physical_status"",""typed_metric:critical_it_mw""]","[""7352e9b5-ecec-5497-8c62-3e6a8c7bd012""]",company_disclosure,Colt Frankfurt Three Hyperscale Data Centre | Frankfurt Data Centre | Colt DCS,https://www.coltdatacentres.net/en-GB/our-locations/data-centre-locations-europe/frankfurt-three,Colt Data Centre Services,colt_data_centre_location_pages,all-rights-reserved,Colt Data Centre Services,2024-08-06T22:49:08Z,2026-07-19T17:42:54Z,5408bd489729ba167e40678b5952ba827720f29edb239e7dbbc2fde4d40f5348
bfd574ee-1aca-5897-81a1-5d7d6a9cfbfb,"[""context:source_location_identity"",""physical_status""]","[""4f39070f-83dd-557a-a1b0-88408f56c1fb""]",government_record,Communication et numérique : le Niger ambitionne de devenir un hub régional des télécommunications,https://www.gouv.ne/index.php/actualite-des-ministeres/1200-communication-et-numerique-le-niger-ambitionne-de-devenir-un-hub-regional-des-telecommunications,Gouvernement de la République du Niger,niger_official_data_center_updates,all-rights-reserved,Gouvernement de la République du Niger,2026-06-18,2026-07-21T15:53:35Z,96810113fba7a58ddffe4d8f1ce6fec016c7a58478ebd9db59594eb992e743bd
c0b3ca09-1341-5395-9301-9f6a2d67cf0c,"[""context:geometry_identity"",""geometry""]","[""0bac3fe4-c3dd-54ba-a500-e37599191432""]",openstreetmap,OpenStreetMap way 1495920404: Colt London 4,https://www.openstreetmap.org/way/1495920404,OpenStreetMap contributors,openstreetmap,ODbL-1.0,© OpenStreetMap contributors,2026-07-31T13:20:32Z,2026-08-21T01:21:08Z,ed7d8e290bb1600dcb013e40b6fcc95ada3aad357b3a0e3083008301b0ed1b09
c0c12077-d7b0-52e3-b28e-36e17780232d,"[""context:geometry_identity""]","[""86bcbcd1-702d-5afa-aeb8-1cb145224b97""]",government_record,"Village of Hebron Planning and Zoning Board minutes - March 7, 2024",https://villageofhebron.squarespace.com/s/P-Z-030724-Minutes.pdf,"Village of Hebron, Ohio",village_of_hebron_public_meeting_records,rights-status-uncertain-fact-extraction-only,"Village of Hebron, Ohio",2024-03-07,2026-08-23,1fa58cfb5e19b8d95b18284001325a0d1cc5baa07204017265abdd61a89dc21e
c60bd787-0b0f-5365-99e6-bf581316152b,"[""context:source_location_identity""]","[""3b636397-fbb2-5564-a352-fa1382a218b5""]",company_disclosure,Port Washington (Lighthouse) Data Center Campus,https://vantage-dc.com/data-center-locations/north-america/port-washington-wisconsin,Vantage Data Centers,vantage_data_center_location_pages,all-rights-reserved,Vantage Data Centers,,2026-07-19T18:33:46Z,7eed1e19447c03d97e3da15684de3eb7a1ceb12e61dbec110e3ecb638ecebec3
c6cc7f23-5fd6-5f6a-9efb-af631204f5c3,"[""context:source_location_identity"",""physical_status""]","[""9c34c305-5149-5961-b88f-648da82351f7""]",company_disclosure,Canberra | CDC Data Centres,https://www.cdc.com.au/locations/canberra/,CDC Data Centres,cdc_data_centres_location_pages,all-rights-reserved,CDC Data Centres,,2026-07-21T05:32:34Z,2ed5c67bfe164a1941dcbc6425cb3610afc60ddba5525bd487fd720821468eed
c721a602-e557-5a4d-8518-d5fce69a64d2,"[""physical_status""]","[""938feeec-a323-56e0-b6ce-2590fe58e623""]",company_disclosure,"AI Data Centers: Investing in Communities, Powering the Future",https://www.oracle.com/data-centers/,Oracle,oracle_data_center_pages,all-rights-reserved,Oracle,,2026-07-21T06:07:08Z,3222773fcc16f4415692dd48c2254c15b00ea3bd5c5e4a1d4988a7a977b05e91
c8ca490d-34ed-5e9c-93d5-3d12f2217d8f,"[""physical_status""]","[""5c366d64-4bb5-5c28-ab62-ec20d60fb31a""]",company_disclosure,CDC Eastern Creek EC6 current status,https://cdc.com.au/locations/sydney/,CDC Data Centres,cdc_current_location_pages,all-rights-reserved,CDC Data Centres,,2026-07-21T17:12:46Z,66d6de9440d4496482af80159cbe361afdb8e36bdebd5edf81ac1c65f1337620
cab7dc15-ee5d-56ec-8e4c-3157a35255e7,"[""physical_status""]","[""85cb6e56-ec73-5685-82e7-15e4ef96106b""]",company_disclosure,Edged Council Bluffs first data center topping-out post,https://www.linkedin.com/posts/edgedenergy_edgedus-councilbluffs-omaha-activity-7483966398021390336-wI13,Edged,edged_linkedin_company_posts,all-rights-reserved,Edged,2026-07-17T19:30:34.634Z,2026-07-20T06:09:20Z,007da7d0a085b98374f64c7c6bc7d5a916613e8585fa7a3d5ede12a390602aed
ce28239d-1c35-5043-9373-97416961a743,"[""geometry""]","[""164033cb-411d-5ffb-ab5d-b04bdecfa1ac""]",open_map_geometry,OpenStreetMap way 1336972876 — CDC Marsden Park Campus,https://api.openstreetmap.org/api/0.6/way/1336972876/full.json,OpenStreetMap contributors,openstreetmap_api,ODbL-1.0,© OpenStreetMap contributors,2026-05-24T13:51:52Z,2026-08-20T23:53:37Z,f176dfe0fd79fca768f9290dc5aa2204df379204403753640b3d48015b0fe8d8
d05112cf-0117-5f1a-9b7a-4087ec4f5c8f,"[""physical_status"",""role:operator""]","[""9cceddca-71bc-52f2-a417-e9fdf0d7faa3""]",company_disclosure,CDC Laverton Melbourne Campus current status,https://www.cdc.com.au/locations/melbourne/,CDC Data Centres,cdc_current_location_pages,all-rights-reserved,CDC Data Centres,,2026-07-21T17:12:46Z,a0d4bd0f390ef6c046c90e5fe4e1b0fc448b09a936ab30a9a3aabf3045304769
d0865f65-7e1e-59ab-989c-2d49ec5ce196,"[""geometry""]","[""7352e9b5-ecec-5497-8c62-3e6a8c7bd012""]",openstreetmap,OpenStreetMap way 1417621831: Colt FRA3,https://www.openstreetmap.org/way/1417621831,OpenStreetMap contributors,openstreetmap,ODbL-1.0,© OpenStreetMap contributors,2025-11-17T19:25:02Z,2026-07-18T18:15:02.152575Z,de6b9748f0a805648ed3fd2322a8c225af5de43c88d29e463f719e67b13f36f0
d1fe732e-4201-53e9-a9b8-cf57e9150699,"[""physical_status""]","[""a072994f-1b7d-5cc8-98b7-bc79c666c6c3""]",company_disclosure,Pure DC Secures $2.7 Billion to Accelerate AI Infrastructure Growth Across Europe and the Middle East,https://puredc.com/2026/05/27/pure-dc-secures-2-7-billion-to-accelerate-ai-infrastructure-growth-across-europe-and-the-middle-east,Pure DC,pure_dc_news,all-rights-reserved,Pure Data Centres Group,2026-05-27,2026-07-21T02:33:53Z,3b66e738b66ecff72c4886f30427463f4a6f4105bb7e448a609847b514f7434b
d4d4c451-8160-5936-8b49-30b9cebad256,"[""geometry""]","[""f6d1bce2-6fc7-5fd8-a1fb-55d5fe4cd8e9""]",open_map_record,OpenStreetMap way 639973556 Iskandar Halal Park Phase 1,https://api.openstreetmap.org/api/0.6/way/639973556/full.json,OpenStreetMap contributors,openstreetmap_way_full_api,ODbL-1.0,"Contains information from OpenStreetMap, which is made available under the Open Database License (ODbL).",2025-02-10T09:07:36Z,2026-08-23,523924a2f7af099493df9076ea379253c7d043f9d1af135f468de0f8c04ed03a
d4f91e87-3ea2-5833-b19d-fd5a3ca7b591,"[""physical_status"",""typed_metric:critical_it_mw""]","[""3170da28-25e1-5859-b606-f86c78ba5c0f""]",company_disclosure,Scala Data Centers Portfolio,https://scaladatacenters.com/en/data-centers-en/,Scala Data Centers,scala_data_center_portfolio_pages,all-rights-reserved,Scala Data Centers,,2026-07-21T07:52:27Z,8a78e94b27e3cc375549845cf680b76eb678b19605de0c1411dbc6aafc84972b
d54597bf-8089-5001-969c-0357d6218721,"[""physical_status"",""typed_metric:critical_it_mw""]","[""59a74e45-2dd2-5204-9c65-5430e8fc3148""]",company_disclosure,"Teraco announces CT1 data centre expansion in Rondebosch, Cape Town",https://www.teraco.co.za/news/teraco-announces-ct1-data-centre-expansion-in-rondebosch-cape-town/,Teraco,teraco_newsroom,all-rights-reserved,Teraco,2026-07-17,2026-07-21T05:27:43Z,7a0daa8edc0c82b8c876250b187cbb0acbbe8e9c766080d868227d6660c8161e
d7e6bc2e-63fd-5cb3-a118-03bec050c1e6,"[""physical_status""]","[""ccb7fe0e-f94d-58ca-8d36-695a9cd48d56""]",company_disclosure,"Microsoft completes construction on first datacenter facility in Mount Pleasant, Wisconsin",https://news.microsoft.com/source/2026/06/23/microsoft-completes-construction-on-first-datacenter-facility-in-mount-pleasant-wisconsin/,Microsoft,microsoft_official_news,all-rights-reserved,Microsoft,2026-06-23,2026-07-19T13:13:42Z,7234fda5abd4dd9da1776fd89bdc85e090636fe908311b480d793aa8a3c05fa0
d9a29ab2-cb25-5e79-a336-da8c0f65241c,"[""geometry""]","[""52d209cc-c8cd-5f8a-8337-cd887187f383""]",government_record,"Danmarks Adresseregister access-address point for Sahara 9, Esbjerg",https://api.dataforsyningen.dk/adgangsadresser/b0351879-20c7-47f9-8cde-54dad6a417a8?format=geojson&srid=4326,Klimadatastyrelsen,denmark_authoritative_address_register_points,CC-BY-4.0,Klimadatastyrelsen / Danmarks Adresseregister (DAR); CC BY 4.0,,2026-09-07T02:43:39Z,91c713f41cf392a2ea54625308c13b9e5d9311ebe8bc2415a27db8b14187e099
dade6560-49d7-533a-b104-c9d3991df3eb,"[""context:source_location_identity""]","[""85cb6e56-ec73-5685-82e7-15e4ef96106b""]",company_disclosure,Edged Breaks Ground on 200 MW Council Bluffs Data Center to Power AI,https://edged.us/news/edged-breaks-ground-on-200-mw-council-bluffs-data-center-to-power-ai,Edged US,edged_newsroom,all-rights-reserved,Edged US,2025-10-29,2026-07-20T06:09:20Z,d5644b680decb7be50aa40a7272070a580c6630256cc236e8cd05c9efbf4a7d8
dbcd6b98-bd03-5c22-b783-83ec2859ea0b,"[""context:source_location_identity"",""physical_status""]","[""83efe2e8-3b4b-5260-b4ca-d1dbc653b792""]",company_disclosure,CDC Brooklyn Melbourne Campus current status,https://www.cdc.com.au/locations/melbourne/,CDC Data Centres,cdc_current_location_pages,all-rights-reserved,CDC Data Centres,,2026-07-21T17:12:46Z,a0d4bd0f390ef6c046c90e5fe4e1b0fc448b09a936ab30a9a3aabf3045304769
dc629454-e376-50b1-aecf-b16ac4408021,"[""geometry""]","[""6b62c459-dc75-5f31-87d4-d6dbf47de8b0""]",government_record,Loudoun County parcel 045465016000,https://logis.loudoun.gov/gis/rest/services/COL_WebMercator/Parcels4DIT/MapServer/0/query,"Loudoun County, Virginia",loudoun_county_parcels4dit,Loudoun-County-GIS-disclaimer,"Loudoun County, Virginia",,2026-09-07T02:41:10Z,de595d9f59a4e5c6be959aafe2694df6c3f75a715352dab3579982d80aa33f3c
dfffb2f5-ca78-5c98-bef7-2b58e7c98238,"[""geometry""]","[""4a934222-f3af-5945-bb46-b98bfaef89b7""]",government_event_project_locator,Junta de Andalucía agenda 217027 — colocación de la primera piedra de SP01,https://www.juntadeandalucia.es/organismos/sobre-junta/altos-cargos/agenda/detalle/217027.html,Junta de Andalucía,junta_andalucia_official_agenda,rights-status-not-established,Junta de Andalucía,2026-06-25,2026-08-20T21:45:58Z,80ec02820f9c070b8416ba1a168fc1eee71b0ced77f1680f31d1408a73ea8bc3
e049970c-d467-5fc5-9e5c-6660606eb9be,"[""geometry""]","[""d1538d73-e301-5203-9e49-924b20051374""]",government_record,Alberta Township System quarter sections named by Sturgeon County DP-26-0028,https://geospatial.alberta.ca/titan/rest/services/ags_apps/ags_apps_alberta_township_system/MapServer/2/query,Government of Alberta,alberta_township_system_arcgis,Open-Government-Licence-Alberta,Government of Alberta,,2026-09-07T02:25:17Z,f55a2324cb403d33cd89deaa6ce47b2e27bb24b77845403c3d1d6d1005194a3a
e07bd94a-9734-5f78-a7b6-d69e757357c2,"[""geometry""]","[""9cceddca-71bc-52f2-a417-e9fdf0d7faa3""]",openstreetmap,OpenStreetMap way 263915226: CDC Laverton,https://www.openstreetmap.org/way/263915226,OpenStreetMap contributors,openstreetmap,ODbL-1.0,© OpenStreetMap contributors,2026-03-28T13:12:28Z,2026-07-18T18:15:02.152575Z,ec90941f2eaf98064fec75723344e8c50654ccddacd73369e500b7f3707d7ca4
e0c26d7e-7fcb-5f72-8b46-02986a635772,"[""physical_status""]","[""98e47ac5-8576-53f7-ab71-9f3d683b5ec5""]",company_disclosure,AST Jāņciems building completion and fitting-out start,https://www.ast.lv/en/events/commissioning-new-building-latvias-power-system-main-dispatcher-control-and-data-centre,"AS ""Augstsprieguma tīkls""",ast_official_events,all-rights-reserved,"AS ""Augstsprieguma tīkls""",2026-06-27,2026-07-21T17:05:00Z,a3c1bfc5be6ef5c7cabab917e35122be42fb51c4770608a625090c2448953185
e0cbb7f3-f4ab-52c7-a4ed-10424c78e411,"[""physical_status""]","[""6f0acd88-cd04-5f3f-915c-48a71fd51f39""]",company_disclosure,"AI Data Centers: Investing in Communities, Powering the Future",https://www.oracle.com/data-centers/,Oracle,oracle_data_center_pages,all-rights-reserved,Oracle,,2026-07-19T18:33:46Z,b61b6a48d4399cd02f84781e27ea94b1ce1d66c2e82d95df1648842aae831371
e14a808e-a9b6-5304-9e5e-6e9a2cd1db0b,"[""physical_status""]","[""52d209cc-c8cd-5f8a-8337-cd887187f383""]",company_disclosure,CIP and Thylander start construction of energy-integrated data centre in Denmark backed by PensionDanmark,"https://www.cip.com/copenhagen-infrastructure-partners-p-s/r/cip-and-thylander-start-construction-of-energy-integrated-data-centre-in-denmark-backed-by-pensionda,c4383657?nfiid=3202",Copenhagen Infrastructure Partners,copenhagen_infrastructure_partners_project_updates,all-rights-reserved,Copenhagen Infrastructure Partners,2026-08-13,2026-09-07T02:42:15Z,ea1f95ceea5198f74bb5bc6eb74a776045c47164f69351151774e72eaa13dced
e1894c7c-8c01-5b4d-9b09-4d28bcd050c2,"[""physical_status""]","[""7206a400-093d-5c92-b1c5-c4243807de29""]",company_disclosure,Infratil FY2026 Annual Results Presentation,https://api.nzx.com/public/announcement/473284/attachment/469320/473284-469320.pdf,Infratil Limited,nzx_company_announcement,all-rights-reserved,Infratil Limited via NZX,2026-05-26T08:30:10+12:00,2026-07-19T14:23:16Z,253b86ebd57dcd24f6807269653a1cb15c923c5259014b697d0c0ea255b6c789
e2169f4d-f349-5a9c-8e37-03a4ee09aa49,"[""context:source_location_identity"",""physical_status""]","[""ae6f1b86-660b-54e9-bdb0-d29bfeedc551""]",company_disclosure,Cedar Rapids,https://q.com/data-centers/cedar-rapids/,QTS Data Centers,qts_data_center_location_pages,all-rights-reserved,QTS Data Centers,2025-02-12T19:34:55+00:00,2026-07-19T16:29:03Z,b42fe80b92a4af49d68864c87f42483a68414bff15280be439d810a703fa924b
e5706273-3ece-59fe-9473-861294daece9,"[""context:source_location_identity"",""physical_status""]","[""31635fdf-a7a6-52c8-91dc-f64e5c7d10d3""]",company_disclosure,Related Digital Cheyenne Project Overview,https://www.related-digital.com/wyoming,Related Digital,related_digital_project_pages,all-rights-reserved,Related Digital,,2026-07-20T17:32:09Z,96662e2e42875d37ee182665b40e0b54ac086365fb2eb2633b5a8e1cf5105783
e702223c-2730-5dda-90f9-ab59caa40a76,"[""context:geometry_identity"",""geometry""]","[""e2c7ea58-17cc-594d-8b98-56ca08988c99""]",government_record,Environmental impact report - China Mobile (Qinghai Haidong) Data Center Phase 2 Stage 1,https://www.haidong.gov.cn/haidongos/ewebeditor/uploadfile/2025051314534893333.pdf,Haidong Municipal People's Government,haidong_government_environmental_assessment_records,all-rights-reserved,Haidong Municipal People's Government,2025-05-13,2026-09-07T02:24:44Z,17b3d141857a4b0dcc92c59bf35a6349bf844525f7cd9c6d470b22ee655d9c2e
e7f25be7-7451-526c-b584-30468a12afe5,"[""geometry""]","[""c71872a1-fc95-5d5b-8ee8-6b5082e974df""]",government_record,LINZ NZ Primary Parcels - four Datagrid Makarewa core-campus parcels,https://services.arcgis.com/xdsHIIxuCWByZiCB/ArcGIS/rest/services/LINZ_NZ_Primary_Parcels/FeatureServer/0/query?where=appellation+IN+%28%27Lot+1+DP+595572%27%2c%27Lot+2+DP+595572%27%2c%27Lot+3+DP+595572%27%2c%27Lot+2+DP+526953%27%29&outFields=OBJECTID%2cid%2cappellation%2cparcel_intent%2ctopology_type%2cland_district%2ctitles%2csurvey_area%2ccalc_area%2cShape__Area%2cShape__Length&returnGeometry=true&outSR=4326&orderByFields=appellation+ASC&f=geojson,Land Information New Zealand,linz_nz_primary_parcels,CC-BY-4.0,Crown copyright - Land Information New Zealand; CC BY 4.0,,2026-09-07T02:26:38Z,e8823967334879161cf139277879260228bea45bd079647ec71467f5718a6059
e8b0b9c1-e565-5bea-be8f-a8f5c4eeb6df,"[""context:geometry_identity"",""geometry""]","[""4f39070f-83dd-557a-a1b0-88408f56c1fb""]",government_record,"Final environmental and social impact assessment - national data center at PK5, Niamey II",https://www.bnee.ne/wp-content/uploads/2022/08/Rapport-de%CC%81finitif-EIES-DATACENTER-PK5-Niamey_VP.pdf,"Bureau National d'Evaluation Environnementale, Republic of Niger",niger_bnee_environmental_assessment_records,all-rights-reserved,"Republic of Niger, Ministry of Posts and New Information Technologies / BNEE",2022-08,2026-09-07T03:05:27Z,f9fc8e51e9cabc4e6bfd30f9b09f678a2a68fb92a61b1f62973c41210f108fb1
eb188ade-b0ff-5b98-bbd4-83cee821ca4b,"[""geometry""]","[""b3b98301-a692-5790-88e7-656d77e8fb69""]",openstreetmap,OpenStreetMap way 697501723: NTT Global Data Centers Campus,https://www.openstreetmap.org/way/697501723,OpenStreetMap contributors,openstreetmap,ODbL-1.0,© OpenStreetMap contributors,2025-03-19T07:24:48Z,2026-07-18T18:15:02.152575Z,3ef1c1d409ae82081ccab69c5133c7b5419dea546ca0b8d58d831d31891c1a4a
ec302d8d-d1c0-594f-88f7-708f6642e827,"[""physical_status"",""role:customer"",""workload"",""workload_scope:intended""]","[""7d936c4e-29f2-592f-984b-61f5d6367fc8""]",company_disclosure,"Related Digital, Blackstone, Oracle, OpenAI, Walbridge and Governor Whitmer celebrate construction of Stargate campus in Saline Township",https://www.related.com/press-releases/2026-06-01/related-digital-blackstone-oracle-openai-walbridge-and-governor-whitmer,Related Digital,related_digital_official_news,all-rights-reserved,Related Digital,2026-06-01,2026-07-19T13:34:32Z,a887982bd207937237fb61986c2343680ff963c9826660a5ca37e649347b2bda
ec98aabb-2dd1-5a20-813a-cb4682042aa2,"[""geometry""]","[""c160d8d5-7572-53c2-8051-cd7990b1f771""]",company_disclosure,ODATA DC SP04 facility page,https://odatacolocation.com/blog/data-center/dc-sp04/,ODATA,odata_facility_pages,all-rights-reserved-fact-extraction-only,ODATA,,2026-09-07T02:50:22Z,981fe60e0686e205e2ad56f613962f0bc24ba0d49b378348cf81bfb45c1bcae2
ed8d1d3a-d3bf-5121-99f1-8da8caaebd1e,"[""context:source_location_identity"",""physical_status""]","[""ae484949-f575-5553-ad33-bc1f96eab345""]",company_disclosure,SDC Austin Building B Progress Q2 2026,https://sabeydatacenters.com/news/sdc-austin-progress-q2-2026,Sabey Data Centers,sabey_data_centers_news,all-rights-reserved,Sabey Data Centers,2026-06-16,2026-07-22T01:35:53Z,95ab882f066671c2c3ba51fda484fa92007b6d6074cba25a001e6d2db8efb92e
ee256a2f-4e9b-5224-a6ce-e4f95c4a11ed,"[""geometry""]","[""0cdff49d-f05c-5993-acd1-d1259fd80165""]",openstreetmap,OpenStreetMap way 38246899: Pure DC London Brent Cross,https://www.openstreetmap.org/way/38246899,OpenStreetMap contributors,openstreetmap,ODbL-1.0,© OpenStreetMap contributors,2026-04-11T22:23:42Z,2026-07-18T18:15:02.152575Z,a0b663dfa5f66aa8e081ea7e1e57751ae329c2069a32375cfe20e87487a131dd
ef77b545-7802-50fa-b150-20b050eddec0,"[""geometry""]","[""3170da28-25e1-5859-b606-f86c78ba5c0f""]",government_record,Chile MMA SIMBIO SEIA representative point for expediente 2162968448,https://simbio.mma.gob.cl/DPA/GetSEIA?Codigo=13,Ministerio del Medio Ambiente de Chile - SIMBIO,chile_mma_simbio_seia_project_points,no-use-restriction-stated-for-reference-cartography,Ministerio del Medio Ambiente de Chile - SIMBIO,,2026-07-21T09:26:39Z,f1725341e873eb005b8d3a9566980d9d0b10173b97b9c5527e0173bb2062ebd6
efe5b5c9-7394-5f0c-951b-051197168c49,"[""geometry""]","[""b284fbeb-8cd9-5448-860d-b4f69bb8bd7a""]",openstreetmap,OpenStreetMap way 899514480: MU4,https://www.openstreetmap.org/way/899514480,OpenStreetMap contributors,openstreetmap,ODbL-1.0,© OpenStreetMap contributors,2023-06-28T10:23:29Z,2026-07-18T18:15:02.152575Z,3e8adcb0dec3356044170522789b928fdc98bcbb94070fe9bcc1a48831582e5b
f16b034b-60d8-5826-841a-1acaa849a930,"[""geometry""]","[""42e50e84-873d-562d-b6d2-945ccf04b0e8"",""aa93c84a-17d6-5092-bf57-686f7e1ab4a4"",""e4e51c8d-a98e-50a4-ba16-0795f1f3f63a""]",openstreetmap,OpenStreetMap way 1533569836: STT Jakarta 1,https://www.openstreetmap.org/way/1533569836,OpenStreetMap contributors,openstreetmap,ODbL-1.0,© OpenStreetMap contributors,2026-06-29T16:03:03Z,2026-07-18T18:15:02.152575Z,dcf9e3616e24371f0d9b0b49ff61da6ee1a31e4be3484826b967ae8b64357016
f1f4c429-166d-5a2f-9757-669775b964a8,"[""context:source_location_identity"",""physical_status""]","[""b2e4945f-3d75-5d9b-b2bb-d65deb74c405""]",company_disclosure,Digital Edge Tops Out CGK1 and Secures Indonesia's Largest Single-Campus Power Deal with PLN,https://id.digitaledgedc.com/news/digital-edge-tops-out-cgk1-secures-largest-indonesia-power-deal,Digital Edge Indonesia,digital_edge_indonesia_newsroom,all-rights-reserved,Digital Edge Indonesia,2026-06-08T01:58:41+00:00,2026-07-20T00:52:02Z,0a7bbd094f67937d1453e784c12c56e15e99c3ffab8a76c51b2fad9c7ffc2d25
f2719198-4703-59c9-96b5-e3d57823149f,"[""context:geometry_identity""]","[""9c34c305-5149-5961-b88f-648da82351f7""]",government_record,DA 202341644 BE1 Data Centre landscape plan,https://dafinder.blob.core.windows.net/dadocuments/DOCs/LSCAPE-202341644-06.pdf,ACT Government Development Applications,act_development_application_documents,rights-status-uncertain-fact-extraction-only,CDC Data Centres; ACT Government,,2026-08-23,8da77a17f55bef0a288e5e17fd8ebd572d649b03d417a15842ab9fa6c718fc04
f3905471-9d3d-5be1-9e61-e78c956f4384,"[""physical_status""]","[""48eb54d5-dd3f-51a3-aeed-1ddce1949763""]",company_disclosure,"Scaling India's data centres responsibly for the AI Era: Bridging People, Planet and Growth",https://resources.adaniconnex.com/blog/scaling-indias-data-centres-responsibly-for-the-ai-era-bridging-people-planet-and-growth,AdaniConneX,adaniconnex_current_development_updates,all-rights-reserved,AdaniConneX,2026-06-01,2026-07-21T16:11:00Z,ec057dbf5efe7c0b5f8344cbdd7e74b1cf1d208c8ff2545c1f4f4dc45b6721ff
f4df0775-4afa-5f48-b9f9-d9098c0be99f,"[""physical_status""]","[""df2b8f33-9c46-5f6a-9853-b47474606979""]",company_disclosure,"From vision to reality, NXDATA-3 is taking shape",https://www.linkedin.com/posts/nxdata_nxdata-nxdata3-datacenter-activity-7467582788171616256-fwVo,NXDATA,nxdata_official_linkedin_company_posts,all-rights-reserved,NXDATA,2026-06-02T14:27:57.661Z,2026-07-22T04:32:14Z,223500aa0494aed1c10a6518b1946feb042244390eaf720e0069a12c9c4422f2
f6d41f05-04ff-5e9b-8be6-164d895d24d6,"[""geometry""]","[""1f33fed8-b0f9-50e2-8fac-56d135325c27""]",government_statistical_boundary,e-Stat 2020 census small area 12232032005 (桜台五丁目),https://www.e-stat.go.jp/gis/statmap-search/data?dlserveyId=A002005212020&code=12232&coordSys=1&format=shape&downloadType=5&datum=2011,Portal Site of Official Statistics of Japan (e-Stat),estat_2020_census_small_area_boundaries,e-stat-terms-compatible-with-CC-BY-4.0,Portal Site of Official Statistics of Japan (e-Stat); Statistics Bureau of Japan; selected Shapefile feature converted to GeoJSON by Data Center Atlas,,2026-08-23,5ba903e6c0df158856c8478867c665f9c40736fcc7be989acb035aba97c41ca8
f7185801-68f1-568d-ac6f-602eb4be0e8b,"[""physical_status""]","[""010c4071-5901-54ea-a312-f59d53358a0a""]",company_disclosure,Ezditek RUH01 physical-fitout update,https://www.linkedin.com/embed/feed/update/urn:li:activity:7473316883811930112,Ezditek,ezditek_official_updates,all-rights-reserved,Ezditek,2026-06-18,2026-07-21T16:52:10Z,48e9d6bd33bc864e2fded0653222b7d0594bd19d86da0404b7d76e70b37a32b4
f9be097a-99d8-5f60-9672-146a49d37f53,"[""physical_status"",""typed_metric:critical_it_mw"",""workload"",""workload_scope:intended""]","[""4a934222-f3af-5945-bb46-b98bfaef89b7""]",government_record,Alto construye un centro de datos de última generación en Granada,https://www.investinspain.org/es/noticias-main/2026/alto,"Invest in Spain, ICEX España Exportación e Inversiones",icex_invest_in_spain_news,all-rights-reserved,"Invest in Spain, ICEX España Exportación e Inversiones",2026-07-09,2026-07-20T08:33:14Z,9f55a303819fa94306ea8f99918bf6c807d6eeafee4862f11a7d085681d0587a
fa1a4303-efd0-5426-adb3-2878bca8bb28,"[""geometry""]","[""fb943def-5b5b-5192-8bb9-599e4cf616cc""]",government_record,Census Public_AR_Current match for 577 Oberlin Avenue,https://geocoding.geo.census.gov/geocoder/,United States Census Bureau,us_census_geocoder,public-domain-us-government,United States Census Bureau,,2026-08-23,41868595018e02af291eaf247ad5b495b729685b0a5be0bf944ed427096c8fb7
fe31df1e-f46a-568b-a22e-fdfa171a9d8d,"[""context:source_location_identity""]","[""a072994f-1b7d-5cc8-98b7-bc79c666c6c3""]",company_disclosure,Amsterdam (Westpoort) - Pure DC,https://puredc.com/amsterdam,Pure DC,pure_dc_site_pages,all-rights-reserved,Pure Data Centres Group,,2026-07-21T02:33:53Z,40c58a7d526be42e169440defc831270b1d548b3b5910a8b99719cdba9b7dcd4
ff1fe928-217c-5369-8ab1-5dce1a637677,"[""geometry""]","[""44130f9f-95af-5f19-9fcf-47aabd3a5c8b""]",government_record,Akashi 110/10 kV substation center within Astana cadastral parcel 21-324-059-695,https://ecoportal.kz/Rubric/RubService/LoadFile/59205,Unified Environmental Portal of Kazakhstan,kazakhstan_environmental_project_records,no-license-stated-for-compact-factual-extraction,Unified Environmental Portal of Kazakhstan,,2026-07-21T14:56:01Z,de22fb8e3444bb0190c8eb91990a4537321729b294258f2729f79aaba4c2ffa7
ff80fe7d-ec91-5ce0-877e-6efc6f9289a5,"[""physical_status""]","[""65e8849e-2ebe-5d58-be63-299cbbcf8d23""]",company_disclosure,Information for Denver Neighbors and Community Members — DE3 Construction,https://www.coresite.com/en-us/data-centers/denver/de3-construction,CoreSite,coresite_official_website,all-rights-reserved,CoreSite,,2026-07-20T10:42:21Z,fb4f5a3e686d22a50c921c9264e7045ca318a687fc17daa0bfe91885f304f7fb
0058481e-68f2-56d6-b07f-aa9ccb773866,"[""context:geometry_identity"",""context:site_distinctness""]","[""9fe862f6-ace2-5f5d-9c90-486fa4622982""]",company_disclosure,Nxtra LOS1 project page links its named campus map,https://www.nxtraafrica.com/lagos-eko-atlantic,Nxtra Africa,africa_round7_nxtra,all-rights-reserved,Nxtra Africa,,2026-09-08T22:27:54.948Z,5adc71123795f96370803ca98cdae90fe2c072f8b3cc190c981eb33f0e64db7d
01789a58-fb70-56f6-bfe2-532d7aadf6fc,"[""context:site_distinctness""]","[""c789668b-ecf3-53b2-b23c-44151e199317""]",openstreetmap,The exact 25 Indwe Street address query returns house node12419413360 at the northern edge of the named M3 campus feature,https://nominatim.openstreetmap.org/search?q=25%20Indwe%20Street%20West%20Footscray&format=jsonv2&polygon_geojson=1,OpenStreetMap contributors / Nominatim,nextdc_m3_independent_locator_review,ODbL-1.0,OpenStreetMap contributors / Nominatim,,2026-09-08T21:10:13Z,fc15564e341087352debcc3eff493e822255c7e21e2e76444d6430f74eeb9546
01d2faf8-1fe2-5401-9411-3486a52fa477,"[""context:site_distinctness"",""geometry""]","[""8dbc82d0-1a4d-5d8e-955e-c5e4973ea19e""]",government_record,Census public-use statement and geographic-product citation guidance,https://www.census.gov/about/policies/citation.html,U.S. Census Bureau,americas_round11_flexential_parker,no-open-redistribution-license-asserted,U.S. Census Bureau,,2026-09-09T00:30:24.125Z,cdd8cb1cb40f643b2e8bc201673ef8e2cf1d0c50bb5cc8e8a4a29042fac2eb27
0348daa4-b3cf-562b-97d3-9a49949647d2,"[""context:site_distinctness"",""geometry""]","[""c9b6bff7-09a3-599b-9c8c-49243461c0fb""]",openstreetmap,Named new Technologiezentrum Laufenburg community locator,https://overpass-api.de/api/interpreter?data=%5Bout%3Ajson%5D%3Bnwr%5B%22name%22~%22FlexBase%7CTechnologiezentrum%7CSwissgrid%22%2Ci%5D%2847.52%2C8.03%2C47.59%2C8.1%29%3Bout%20meta%20center%3B,OpenStreetMap contributors via Overpass,europe_round5_flexbase,ODbL-1.0,OpenStreetMap contributors via Overpass,,2026-09-08T21:56:53Z,285142b0fcf5f2e5040c09d3629a1143343083162db89afe589b785c0a6f3bd1
0357dcf6-dd2c-51fe-b107-8c9b253f17ec,"[""context:site_distinctness"",""geometry""]","[""1404f5cd-04ee-57ea-8f73-91992fea0552""]",openstreetmap,Exact named Meta Richland Parish Data Center Nominatim point,https://nominatim.openstreetmap.org/search?q=Meta%20Richland%20Parish&countrycodes=us&format=jsonv2&polygon_geojson=1,OpenStreetMap contributors via Nominatim,meta_round10_independent_review,ODbL-1.0,OpenStreetMap contributors via Nominatim,,2026-09-08T23:44:16Z,619548b627d084a63f05a776ea734cd1c360f4f686b6f58f56feed7d59cc6243
03627a5f-061f-575a-8f9f-a0431558c660,"[""context:site_distinctness"",""geometry""]","[""8dbc82d0-1a4d-5d8e-955e-c5e4973ea19e""]",government_record,Census exact match for Flexential Parker's official postal address,https://geocoding.geo.census.gov/geocoder/locations/onelineaddress?address=15255%20Compark%20Blvd%2C%20Englewood%2C%20CO%2080112&benchmark=Public_AR_Current&format=json,U.S. Census Bureau,americas_round11_flexential_parker,no-open-redistribution-license-asserted,U.S. Census Bureau,,2026-09-09T00:26:55.764Z,7ed8e9c0c7bc92cd70d8d260f8da628caf4c11273363f20a3df08e232e019df9
043916cc-e7ce-5a3d-a8a7-d3dc7bd28038,"[""context:site_distinctness"",""geometry""]","[""100cf064-1cae-5dba-a4d9-6c4ae35152ec""]",government_record,Ministry of Justice cadastral data custom terms,https://www.geospatial.jp/ckan/dataset/fc3b0593-ce9e-40d1-aa33-94382d5f0da1/resource/47871bf1-4c85-48f7-a8fe-b27c6643c1c5/download/license.pdf,"Ministry of Justice, Japan",aigid_moj_cadastral_reference,MOJ-map-data-custom-terms-2023-01-23,"Ministry of Justice, Japan; AIGID conversion; Data Center Atlas selection and display-anchor derivation",,2026-09-08T21:44:42.457Z,275914c735b19cc7a274a13aac22e0c08378269d9d80f26f6b285aca32367b99
047b4c1b-72aa-5de6-b677-d5ba01d3a2a3,"[""context:site_distinctness"",""geometry""]","[""337ace90-652d-52fe-a856-fe9b04b5966f""]",openstreetmap,Exact named Meta El Paso Data Center Nominatim point,https://nominatim.openstreetmap.org/search?q=Meta%20El%20Paso&countrycodes=us&format=jsonv2&polygon_geojson=1,OpenStreetMap contributors via Nominatim,meta_round10_independent_review,ODbL-1.0,OpenStreetMap contributors via Nominatim,,2026-09-08T23:44:15Z,ca177512cb6cc28ac6c912853387d38829e10c0899c8cd3eeeeab4ec2fb505c5
05fc7a75-5568-56e7-95cd-90eaeb278a67,"[""context:site_distinctness"",""geometry""]","[""6b11de63-a6b0-5513-87a1-b77ff3b71bfb""]",government_record,Census FAQ identifies source datum and interpolation semantics,https://www2.census.gov/geo/pdfs/maps-data/data/FAQ_for_Census_Bureau_Public_Geocoder.pdf,U.S. Census Bureau,americas_round15_lake_mariner,no-open-redistribution-license-asserted,U.S. Census Bureau,,2026-09-09T03:42:13.438Z,13a8ca9f7395daf53e0c06344dd2f1ed28bc6806ab0625b3410eba7e280db169
062565fb-46a0-5b50-a40e-6b8979219535,"[""context:geometry_identity"",""context:site_distinctness""]","[""8a5fbd17-48b6-5484-8c37-ce406068bf3e"",""ad5f9b2b-80bf-5580-92f2-0f53473c882d"",""c789668b-ecf3-53b2-b23c-44151e199317""]",company_disclosure,"NEXTDC official contact page: M2, M3 and S3 campus addresses",https://www.nextdc.com/contact,NEXTDC Limited,nextdc_official_campus_locator,all-rights-reserved,NEXTDC Limited,,2026-09-08T20:46:45Z,a0f41425492c1b34f30399d2e6192ea6b59f0031f3b0e503a2210a7df7673893
06e229c2-36e5-5a0d-a27c-50162d17fe0f,"[""physical_status""]","[""f8900f55-087d-5d51-aef2-820402bcbdc2""]",company_disclosure,Goodman FY26 Results - AMS01 current development,https://www.goodman.com/-/media/project/goodman/global/files/investor-centre/gmg-goodman-group/announcements/asx-announcements/2026/4-full-year-results-presentation-5.pdf?rev=ac56d4e1f3444d309bbefa27304c7da1,Goodman Group,goodman_group_investor_presentations,all-rights-reserved,Goodman Group,2026-08-19,2026-09-08T18:38:25Z,892c9d069276912a13d2ff100ff3260b1c2d26874693d644e0d34dce3a7d809d
0795bcb6-d4ac-58b7-81dc-8f90bf417f20,"[""context:site_distinctness"",""geometry""]","[""1f430ea1-a0e6-5a91-b3e7-3f002b331cf6""]",government_record,DNR official DoWORC provenance and point semantics,https://secure.in.gov/dnr/water/online-research-center/,"Indiana Department of Natural Resources, Division of Water",americas_round4_meta_lebanon,no-open-redistribution-license-asserted,"Indiana Department of Natural Resources, Division of Water",,2026-09-08T21:08:44Z,6841cbaf70b542ae2e56d6129d8bb27fbe3269d96a258ae17a2ad9a5c7ce6dab
07ea32f1-85b6-5285-8219-504b14f65e60,"[""context:geometry_identity"",""context:site_distinctness"",""geometry""]","[""3761e59a-fe39-523d-83a6-9fbfa9feec85""]",government_record,NSW Planning Portal: NEXTDC S4 named project and GeoJSON marker,https://www.planningportal.nsw.gov.au/major-projects/projects/nextdc-s4-data-centre-horsley-park,"NSW Department of Planning, Housing and Infrastructure",nsw_major_projects_public_record,CC-BY-4.0-Department-material-scope,"© State of New South Wales and Department of Planning, Housing and Infrastructure 2026",,2026-09-08T20:47:57Z,c1b431e00b3af4d6c550cac7f92ab5aecca5742f7d021816ec269c1bb100108c
0818330a-60db-531c-ab23-5ac7a6f225c7,"[""context:site_distinctness"",""geometry""]","[""f0e92e2e-e082-5b7f-9486-fd744b5b68e6""]",government_record,Official downloadable Swiss building-address directory exact Winterthur record,https://data.geo.admin.ch/ch.swisstopo.amtliches-gebaeudeadressverzeichnis/amtliches-gebaeudeadressverzeichnis_ch/amtliches-gebaeudeadressverzeichnis_ch_2056.csv.zip,Federal Office of Topography swisstopo,europe_mena_round9_expansion_asia,swisstopo-free-geodata-terms-2021-03-01,© swisstopo,,2026-09-08T23:14:47.769Z,94f414fd80a8a9b500b8d5977ce765bab66ff8136fa52f4a01a9da3688639c9f
08279736-b463-5ac5-a3f2-832e17b4474c,"[""context:geometry_identity"",""context:site_distinctness""]","[""20ee1eea-91bf-52aa-a464-c4a38d436f9e""]",company_disclosure,Applied Digital PF1 phase delivery and Ellendale identity,https://ir.applieddigital.com/news-events/press-releases/detail/157/applied-digital-delivers-second-building-at-polaris-forge-1,Applied Digital Corporation,americas_round5,no-open-redistribution-license-asserted,Applied Digital Corporation,2026-07-01,2026-09-08T21:38:05Z,c3bc3fb2cf33f34890f94ed0712e3544fadcb5b20aa4da1f58e12cd10e8d0d45
09cc5d95-2cf4-5691-9cf6-122f40731133,"[""context:site_distinctness""]","[""aa2dc8a4-52d8-5519-b23a-2ff0313db9e3""]",company_disclosure,MERLIN July27: GetafeII work continues,https://ir.merlinproperties.com/en/merlin-increases-total-revenues-and-ebitda-by-11-7-thanks-to-the-data-centers-division-which-reaches-160-mw-leased/,MERLIN Properties,expansion_round5_primary_sources,all-rights-reserved,MERLIN Properties,2026-07-27T23:20:41Z,2026-09-08T20:47:28Z,5babae5e721089512f4f4efc0ccecfc608538460c351c03dccc714ea651f63d0
0a8ec5bd-7966-524b-9806-092f0d43fe3f,"[""context:geometry_identity"",""context:site_distinctness""]","[""9fe862f6-ace2-5f5d-9c90-486fa4622982""]",company_disclosure,Airtel first Nigeria data-centre historical announcement,https://cdn-webportal.airtelstream.net/website/investor/main/pdf/H1-2023/Airtel_Africa_commences_construction_of_Nxtra_by_Airtel_first_data_centre_in_Nigeria_1.pdf,Airtel Africa,africa_round7_nxtra,all-rights-reserved,Airtel Africa,2024-03-13,2026-09-08T22:28:39.668Z,a5b665f23205c0aa50fb23f2b12cbfbefa06e86bcfb62de9bd26944dce4c53a1
0a91dfb2-a658-54cd-8294-e917690855b7,"[""context:geometry_identity"",""context:site_distinctness""]","[""e3f1fc38-bc59-5373-803f-d5c86d817096""]",company_disclosure,Amsterdam Data Center campus 3D rendering: Powering the future with AMS-2,https://resources.ironmountain.com/videos-and-webinars/d/data-centers-inside-the-amsterdam-data-center-campus-3d-rendering,Iron Mountain Data Centers,iron_mountain_resources,all-rights-reserved,Iron Mountain Data Centers,2026-06-12T18:03:57Z,2026-07-20T04:22:16Z,cf3624ab97b5d5e8b372655cecd2f9c98df3406fa2a2678eea8d5ecba25391de
0cabe4a2-5a81-55b7-ad0b-bdd36a74e213,"[""context:geometry_identity"",""context:site_distinctness""]","[""762397cd-ffc7-55c2-936e-af38cb8d4d0c""]",government_record,Public notice binds WVR113311 to Monarch Cloud Campus LLC,https://apps.dep.wv.gov/ListServ/api.cfc?method=viewMessage,West Virginia Department of Environmental Protection,americas_round16_monarch,no-open-license-asserted,West Virginia Department of Environmental Protection,2026-03-20T21:55:17Z,2026-09-09T04:27:54.025Z,11c94f9a8a2cae6c2a03b38bc5f8d86af9e67e1592574b37532d55f0b9220a70
0f6a6cde-f89b-55f8-9fec-f74f96737f10,"[""context:site_distinctness"",""geometry""]","[""709cd37b-7f3a-5313-b3e2-a18ddc0885ec""]",openstreetmap,Exact relation tags bind1851FM2119 to Core Scientific Pecos,https://overpass-api.de/api/interpreter?data=%5Bout%3Ajson%5D%3Brel(20669718)%3Bout%20meta%20geom%3B,© OpenStreetMap contributors,pecos_round15_primary_review,ODbL-1.0,© OpenStreetMap contributors,,2026-09-09T03:14:20.555Z,6aac6cd5e88caa07f91bd5e14df7982410b788bfe2fcab228dc2ea83eb462fe1
111e4ef0-d1c4-5b87-8c40-be427705300f,"[""context:site_distinctness"",""geometry""]","[""3e074273-f5f7-5785-ab10-232a5ebd5c6b"",""9563b94b-4d68-5f38-b2b2-ce63346ebbe8""]",company_disclosure,Hut 8 frontend named marker derivation,https://www.hut8.com/_nuxt/D5nZ9oDL.js,Hut 8 Corp.,americas_round9_hut8,all-rights-reserved,Hut 8 Corp.,,2026-09-08T23:16:24.414Z,832b2a3b34eb077b91faeb7bd5d3575f884ab65d1544dfa8d741bd78f29a4d8e
118332ce-15bf-5316-893a-cf74ce75462d,"[""context:geometry_identity"",""context:site_distinctness""]","[""709cd37b-7f3a-5313-b3e2-a18ddc0885ec""]",company_disclosure,Issuer leadership links exact CEO author profile,https://corescientific.com/about/leadership/,"Core Scientific, Inc.",pecos_round15_primary_review,no-open-redistribution-license-asserted,"Core Scientific, Inc.; Adam Sullivan",,2026-09-09T03:39:56Z,ef597233cae85670cc50fb02236afab66decf109658eb9cbb7be7a65e5c5466f
11e06062-9188-5c5b-8df8-8f557f27c7e6,"[""physical_status""]","[""b0be5071-aff0-5470-a041-a0be3cc8385a""]",company_disclosure,Goodman FY26 Results - MAD01 current development,https://www.goodman.com/-/media/project/goodman/global/files/investor-centre/gmg-goodman-group/announcements/asx-announcements/2026/4-full-year-results-presentation-5.pdf?rev=ac56d4e1f3444d309bbefa27304c7da1,Goodman Group,goodman_group_investor_presentations,all-rights-reserved,Goodman Group,2026-08-19,2026-09-08T18:38:25Z,892c9d069276912a13d2ff100ff3260b1c2d26874693d644e0d34dce3a7d809d
123278b3-cec1-5c38-b035-facda8b70f25,"[""context:site_distinctness"",""geometry""]","[""c1016e49-7b45-52ff-8938-0bd01e78a7ad""]",openstreetmap,Named DVZ data-center campus community locator,https://overpass-api.de/api/interpreter?data=%5Bout%3Ajson%5D%3Bnwr%5B%22name%22~%22DVZ%7CDatenverarbeitungszentrum%22%2Ci%5D%2853.6%2C11.3%2C53.7%2C11.45%29%3Bout%20meta%20center%3B,OpenStreetMap contributors via Overpass,europe_round5_dvz_schwerin,ODbL-1.0,OpenStreetMap contributors via Overpass,,2026-09-08T22:03:03Z,b14676d43662227726f397ec88aa8f438f0853fc8e5485c11bb9c6cd1a98b5c6
1293fc76-3f6d-560f-9cb3-7ea2a0751450,"[""context:site_distinctness"",""geometry""]","[""5bfb4ad8-a8f4-5937-9242-a96f9292c385""]",openstreetmap,Nominatim identifies the named CSC building at Tehdaskatu 15,https://nominatim.openstreetmap.org/search?q=CSC%20Kajaani&format=jsonv2&addressdetails=1,OpenStreetMap contributors / Nominatim,europe_round15_csc_lumi_ai,ODbL-1.0,© OpenStreetMap contributors,,2026-09-09T03:38:46Z,0130bbda2be1d73efbf6e3dd5ecd3fa5bd389d1768ec2ef2d652799346468172
1396cf0e-0de1-5c51-ab78-5e027fd4a6e8,"[""context:site_distinctness"",""geometry""]","[""b9ccc1e7-c2da-5822-82bc-b20be7d43dfe""]",government_record,City service transforms exact address point into EPSG4326,https://kartta.lappeenranta.fi/IMS/fi/Transform?north=6771752&east=28515420&targetSystem=EPSG%3A4326&decimalCount=8,City of Lappeenranta via Trimble IMS,europe_round5_exact_locators,no-open-license-asserted,City of Lappeenranta via Trimble IMS,,2026-09-08T21:48:12Z,29017038745012c333210dd11624040ad854ac33c0986e6c902317c09b6d7cb1
14da81a2-b755-5b3f-b124-3de0daf223f4,"[""context:geometry_identity"",""context:site_distinctness""]","[""f0e92e2e-e082-5b7f-9486-fd744b5b68e6""]",company_disclosure,Vantage Zurich I campus exact address,https://vantage-dc.com/data-center-locations/emea/zurich-i-switzerland/,Vantage Data Centers,europe_mena_round9_expansion_asia,no-open-license-asserted,Vantage Data Centers,,2026-09-08T23:11:32.902Z,083800b6a92a163df0b24b3271d16bc1cf44460b2a0e627e56d711f947dc09e9
15a46a40-3971-5abd-8e45-f6ccadbb5c48,"[""context:site_distinctness"",""geometry""]","[""e1aeeee2-575c-5873-a96a-528a6c08b387""]",government_record,"Official address point - 34 rue Louis Armand, Villeneuve-Saint-Georges",https://data.geopf.fr/geocodage/search?q=34%20Rue%20Louis%20Armand%2094190%20Villeneuve-Saint-Georges&index=address&limit=5,IGN Geoplateforme / Base Adresse Nationale,france_ign_ban_address_geocoding,no-open-redistribution-license-asserted,IGN Geoplateforme / Base Adresse Nationale,,2026-09-08T19:27:02Z,24a1fba2a5f5adf64cc85e9af539726a8a7b98833cb0645484a16c37543b7068
16df3c45-da29-54dc-8ddd-5db6caea30ac,"[""context:site_distinctness"",""geometry""]","[""8c926b8f-0190-533b-aa7e-3223971b9e23"",""ad57807a-f6b6-55f9-b26f-acd194e12880""]",openstreetmap,OSM copyright page binds open-data licence and attribution,https://www.openstreetmap.org/copyright,OpenStreetMap Foundation / OpenStreetMap contributors,americas_round11_flexential_hillsboro5,ODbL-1.0,OpenStreetMap Foundation / OpenStreetMap contributors,,2026-09-09T00:40:45.230Z,7571bb36f52530c83bd30428463dd04d549831479240579a303d73f10abe6c39
17a1d516-33f6-5108-9c04-806f94890963,"[""context:site_distinctness"",""geometry""]","[""be6d721d-f632-5c86-a057-78774604bc6c""]",government_record,"Official address point - 13 rue Charles Cros, Tremblay-en-France",https://data.geopf.fr/geocodage/search?q=13%20Rue%20Charles%20Cros%2093290%20Tremblay-en-France&index=address&limit=5,IGN Geoplateforme / Base Adresse Nationale,france_ign_ban_address_geocoding,no-open-redistribution-license-asserted,IGN Geoplateforme / Base Adresse Nationale,,2026-09-08T19:27:02Z,5376cb7cc9bd84e13a67d92e8c2c604699ea5be093b4c5180de900059584ca51
17a317b4-d4a3-5fc0-b852-09cdfaf3de99,"[""context:site_distinctness"",""geometry""]","[""100cf064-1cae-5dba-a4d9-6c4ae35152ec""]",third_party_dataset,AIGID MOJ-derived Tomakomai 2026 cadastral polygon: Kashiwabara 32-17,https://gsic-opendata.s3.ap-northeast-1.amazonaws.com/aigid/aigid-moj/2026/01/aigid-moj-01213/01213_%E8%8B%AB%E5%B0%8F%E7%89%A7%E5%B8%82_%E5%85%AC%E5%85%B1%E5%BA%A7%E6%A8%9912%E7%B3%BB_%E7%AD%86R_2026.geojson,Association for Promotion of Infrastructure Geospatial Information Distribution (AIGID),aigid_moj_cadastral_reference,CC-BY-version-unspecified; underlying MOJ-map-data-custom-terms-2023-01-23,"Ministry of Justice, Japan; AIGID conversion; Data Center Atlas selection and display-anchor derivation",,2026-09-08T21:42:59.229Z,0b62da38a45a5da642d35338c3a43ca765ad46875dae2e97f7bfed6ad56223c7
185d2429-b370-5243-a85b-26e02465e160,"[""context:geometry_identity"",""context:site_distinctness""]","[""e39b5191-4a78-5781-8944-24efaf944aa9""]",company_disclosure,Kapitol GE1 project: matching NEXTDC Corio identity,https://www.kapitol.com/our-projects/industrial/nextdc-ge1-geelong,Kapitol,expansion_round5_primary_sources,all-rights-reserved,Kapitol,,2026-09-08T21:34:12Z,477c4dca8f974b868c34092504e5c156589ead84bcf51a620820855abced91f1
18e55c05-989b-581b-b412-470a89fff1c3,"[""context:site_distinctness"",""geometry""]","[""0b67b532-d779-5784-bd6d-d7ee124844aa"",""f3cc5dc7-9547-517f-94aa-89e0769f2bf8""]",government_record,County catalogue query binds its parcel item to exact current service,https://www.arcgis.com/sharing/rest/search,Chesterfield County GIS,chesterfield_round14,CC0-1.0,Data retrieved from Chesterfield County GIS Data Catalog.,,2026-09-09T03:07:04Z,3aaf85ca0486660b98b9b1fce750b0069dffaf16de687cd168775373a6f0ea88
19577687-e5d9-5814-be67-9003fa0455da,"[""context:geometry_identity"",""context:site_distinctness""]","[""9fe862f6-ace2-5f5d-9c90-486fa4622982""]",company_disclosure,Airtel data-centre portfolio identifies first Nigerian hyperscale site,https://www.airtel.africa/data-centers,Airtel Africa,africa_round7_nxtra,all-rights-reserved,Airtel Africa,,2026-09-08T22:27:54.542Z,35424019e571704b2b6bed73039fa197b5077587dbd53d4d7fae185a5cd20b1f
196e3b19-08a7-5753-99cc-0b0c3e5d7f0b,"[""context:geometry_identity"",""context:site_distinctness""]","[""7ac977cb-cbe2-5dfd-b058-f26707f86b6c""]",company_disclosure,MERLIN Bilbao-Arasur campus address and published location link,https://www.merlinproperties.com/en/assets/data-center-bilbao-arasur/,MERLIN Properties,merlin_edged_official_round4,all-rights-reserved,MERLIN Properties,2022-06-08T16:23:08Z,2026-09-08T20:44:08Z,5d414cbd78b5f7e45b6503e5719a1acd0630af7091c447defcd8286daac3cc38
1aac3d2d-a83f-5684-8b27-b556173ac168,"[""context:geometry_identity"",""context:site_distinctness""]","[""64289119-458d-5fc9-bf51-5af6097220eb""]",company_disclosure,"Microsoft Kirkkonummi project - owner, contractor and address",https://local.microsoft.com/blog/microsoft-aikoo-rakentaa-uuden-datakeskusalueen-etela-suomeen/,Microsoft,microsoft_local_project_updates,all-rights-reserved,Microsoft,,2026-09-08T19:09:10Z,606578acd763fc683775888ec7beeb6252fed3b3e5eaeb049ad4a7323532870b
1b1ec251-1aa7-5b40-8ba7-290c3b9cbfe9,"[""context:geometry_identity"",""context:site_distinctness""]","[""5bfb4ad8-a8f4-5937-9242-a96f9292c385""]",company_disclosure,CSC contact information: Kajaani data center directions,https://csc.fi/en/about-us/contact-information/,CSC – IT Center for Science Ltd.,europe_round15_csc_lumi_ai,no-open-license-asserted,CSC – IT Center for Science Ltd.,,2026-09-09T03:39:23Z,00abe5f81f2a1b8c0edbe591fa58999a8e82baa31db36176ae5caf8ffc428757
1bbd948f-24ff-5798-8133-456f2209cf86,"[""context:site_distinctness""]","[""43ded2e8-5dcf-5174-b553-a4a04aaeebe3"",""7ac977cb-cbe2-5dfd-b058-f26707f86b6c""]",company_disclosure,MERLIN source rights restrictions,https://www.merlinproperties.com/en/legal-notice/,MERLIN Properties,merlin_edged_official_round4,all-rights-reserved,MERLIN Properties,,2026-09-08T20:50:34Z,d6a457fce4e95c8c55b352a418d6df0f664a860f92110b23db6342cbfb67e354
1c0a3b0c-6e89-5bf2-aaca-bed6426d2b2f,"[""context:site_distinctness"",""geometry""]","[""100cf064-1cae-5dba-a4d9-6c4ae35152ec""]",third_party_dataset,AIGID exact 2026 Tomakomai GeoJSON resource: endpoint and license label,https://www.geospatial.jp/ckan/dataset/aigid-moj-01213/resource/2ead1043-214c-4a4f-b458-ce589d133e4a,Association for Promotion of Infrastructure Geospatial Information Distribution (AIGID),aigid_moj_cadastral_reference,CC-BY-version-unspecified; underlying MOJ-map-data-custom-terms-2023-01-23,"Ministry of Justice, Japan; AIGID conversion; Data Center Atlas selection and display-anchor derivation",,2026-09-08T21:43:46.421Z,80df0de4c926efd7dafad615282bbdf5e56de7da6455a82d42c6467961966939
1c80fcc9-5d29-5196-9ecf-9ed583c6f1f4,"[""context:geometry_identity"",""context:site_distinctness"",""physical_status""]","[""aa2dc8a4-52d8-5519-b23a-2ff0313db9e3""]",company_disclosure,MERLIN 6M26: project-bound Getafe II demolition underway,https://ir.merlinproperties.com/wp-content/uploads/2026/07/RI-6M26-MERLIN-Properties_eng.pdf,MERLIN Properties,expansion_round5_primary_sources,all-rights-reserved,MERLIN Properties,2026-07-27,2026-09-08T20:44:38Z,6b782137a240bdb3195249f1029b24b71e71f3f206e60ec9ebd2c450b7538dc6
1d0890d8-0e46-53db-b916-42fd2742e4b3,"[""context:geometry_identity"",""context:site_distinctness""]","[""fc6dd688-fca0-5a7f-a6e9-54f9116607c5""]",government_record,Paju factory register2018Q1 - publication and attachment linkage,https://www.paju.go.kr/user/board/BD_board.view.do?bbsCd=2003&seq=20180406090751845,City of Paju,paju_city_historical_factory_registers,all-rights-reserved,City of Paju,2018-04-06,2026-09-08T20:09:39Z,46bfa8a7150a618c36ae7cbbaccb5c9302b796b298d7975e7e532425f44989f1
1e532437-06f5-5fc8-8a2f-9d239405abc1,"[""context:geometry_identity"",""context:site_distinctness"",""geometry""]","[""b0be5071-aff0-5470-a041-a0be3cc8385a""]",company_disclosure,Goodman MAD01 - exact address and map link,https://es.goodman.com/-/media/project/goodman/spain/files/property/properties-for-lease/mad01/es_mad-01_data-centre_digibrochure_en.pdf,Goodman Group,goodman_mad01_brochure,all-rights-reserved,Goodman Group,,2026-09-08T19:52:55Z,74413f12d58eae05977028ea20fe06299cc83fb88524d86d60442d31b709a266
1e7d82eb-791b-578e-b8b8-6c9312497731,"[""context:site_distinctness"",""geometry""]","[""12407b2e-a44d-5c8d-aa62-c7b64045e20f""]",government_record,Exact Cass County APLD FAR-01 parcel,"https://gisweb.casscountynd.gov/arcgis/rest/services/OpenData/OpenData/FeatureServer/7/query?where=GISPIN%3D%2775000000120020%27&outFields=OBJECTID,GISPIN,DASHPIN,Name,PropertyAddress,ACRES,Section,LandCity,LandSt,LandZip&returnGeometry=true&outSR=4326&f=pjson",Cass County North Dakota,americas_round5,public-domain-per-Cass-County-item-policy,Cass County North Dakota,,2026-09-08T21:45:14Z,14aa4e3e568e41c7457aa744301e11a0002f23d2ef4256ff6989d64eb330de4f
1eb33017-9a24-53cd-ad7e-0f707ac74c02,"[""context:geometry_identity"",""context:site_distinctness""]","[""a1390e66-5b95-568b-869b-b9413c56f8ce""]",other,Industry award organizer identifies NBG6 BA3 as modular 400-square-metre expansion of Nürnberg Süd,https://www.eco.de/?p=274354&post_type=page,eco - Association of the Internet Industry,europe_mena_round12_expansion_asia,no-open-license-asserted,eco - Association of the Internet Industry,,2026-09-09T03:13:44Z,4f40aa8730885e6aaa735008be9b42c4d296f1babcc43a1d589784f13bad04ba
1ec15cfd-6343-5e8d-bdfd-cc9b07fdf514,"[""context:site_distinctness"",""geometry""]","[""9217888a-3e78-5b75-ac86-bd32ef026084""]",openstreetmap,Nominatim documents latitude and longitude as object-centroid fields,https://nominatim.org/release-docs/latest/api/Output/,Nominatim project,europe_mena_round10_expansion_asia,no-open-license-asserted,Nominatim project,,2026-09-08T23:48:45.688Z,2b22abff55df61794873a6648149a09a46262c4f409578cb8d6823de3d6b5f7e
1f8cb4b3-cb47-5293-875f-d9e50d2d0482,"[""context:geometry_identity"",""context:site_distinctness""]","[""95b33a98-a85e-57af-b18d-6811a7fd3b20""]",company_disclosure,NEXTDC KL1 official contact entry: Petaling Jaya address,https://www.nextdc.com/contact,NEXTDC Limited,nextdc_official_campus_locator,all-rights-reserved,NEXTDC Limited,,2026-09-08T20:46:45Z,a0f41425492c1b34f30399d2e6192ea6b59f0031f3b0e503a2210a7df7673893
1ff2edcd-d460-5832-b947-1bdd6e7b5409,"[""context:geometry_identity"",""context:site_distinctness""]","[""c1016e49-7b45-52ff-8938-0bd01e78a7ad""]",government_record,Public procurement notice binds new build to exact campus address,https://ted.europa.eu/en/notice/304486-2023/pdf,TED / DVZ M-V GmbH,europe_round5_dvz_schwerin,no-open-license-asserted,TED / DVZ M-V GmbH,2023-05-22,2026-09-08T22:03:03Z,28b38640a41e7deb29591a72dd7281728fd1b2c42ba9ba7c9309566704f99fb0
20f56b6a-7a02-5d6a-8594-62c37963dc46,"[""context:site_distinctness"",""geometry""]","[""b4349487-1879-5b90-9064-d1b86cb49850""]",openstreetmap,OSM copyright and ODbL attribution policy,https://www.openstreetmap.org/copyright,OpenStreetMap Foundation,europe_round18_greenergy_huuru,no-open-license-asserted,OpenStreetMap Foundation,,2026-09-09T04:58:22.794Z,97c8da4341cb2ae34e913cb3c483c16d028996d3c0f65db957f0a46576a0c20d
21e4e740-9c6e-5115-996c-3aa378a2f590,"[""context:site_distinctness"",""geometry""]","[""8715738f-39ac-5058-a01a-b62758b49831"",""e39b5191-4a78-5781-8944-24efaf944aa9""]",government_record,Vicmap Address layer: point schema and storage spatial reference,https://services-ap1.arcgis.com/P744lA0wf4LlBZ84/arcgis/rest/services/Vicmap_Address/FeatureServer/0?f=pjson,Victoria Department of Transport and Planning / Vicmap,vicmap_official_address_service,CC-BY-4.0,"© State of Victoria, Department of Transport and Planning, Vicmap",,2026-09-08T21:07:49Z,95dec67863ee5c5ecb00924e1f74725efc226c9fd3b3ff7aa5eaf0560fc04afa
226ef5c8-b1ef-5507-b15d-bafaf52315fd,"[""context:geometry_identity"",""context:site_distinctness""]","[""d2e988cd-e878-5061-817e-0c1cda87f372""]",government_record,Danish environmental register identifies Bulk DK01 at its campus address,https://dma.mst.dk/vis-virksomhed/4199d44b-5404-4907-ad78-799090d60e16,Miljøstyrelsen / Digital MiljøAdministration,europe_round22_bulk,no-open-license-asserted,Miljøstyrelsen / Digital MiljøAdministration,,2026-09-09T07:11:25Z,7d86271d86eaf41f5d45b144083d6f80a7d49d05c9a15cd79486d8fd2411317a
22df2f28-4402-57a9-9de9-45919481329d,"[""context:site_distinctness"",""geometry""]","[""b91d994d-0f59-5ed8-ad74-20e4ba2251f3""]",openstreetmap,OpenStreetMap data licence and attribution requirements,https://www.openstreetmap.org/copyright,OpenStreetMap Foundation,americas_round21_procergs,no-open-license-asserted,OpenStreetMap Foundation,,2026-09-09T06:36:58Z,8b25e999a8c6feb9cedbac09ede068b55cf703ed4b9de8afa54e462f315ce2a3
22eac0e1-71fa-59dd-a6d7-4378a663ab9d,"[""context:site_distinctness"",""geometry""]","[""8a5fbd17-48b6-5484-8c37-ce406068bf3e""]",openstreetmap,NEXTDC S3: exact-address community representative point,https://nominatim.openstreetmap.org/search?q=NEXTDC%20S3&format=jsonv2&polygon_geojson=1,OpenStreetMap contributors / Nominatim,openstreetmap_nominatim,ODbL-1.0,© OpenStreetMap contributors,,2026-09-08T20:48:13Z,ea9cc22642809ccd97ee33ab1519678cf13ec4fbfc5570cc5d256eec0b17b358
22f02ca2-f634-5d40-8cff-d36809be3432,"[""context:site_distinctness"",""geometry""]","[""f0e92e2e-e082-5b7f-9486-fd744b5b68e6""]",government_record,REFRAME manual defines exact LV95 input and longitude/latitude output,https://www.swisstopo.admin.ch/dam/fr/sd-web/3xmcWvfxgG6X/Report16-03.pdf,Federal Office of Topography swisstopo,europe_mena_round9_expansion_asia,swisstopo-report-A-public-domain,© swisstopo,,2026-09-08T23:20:09.277Z,3caf0be28399229b6d06988eb9150d07c7ad140d0459dbd6494a05ecaa1ca89d
2330aefe-fa95-51f7-a1f8-cc6eb56e317a,"[""context:geometry_identity"",""context:site_distinctness""]","[""709cd37b-7f3a-5313-b3e2-a18ddc0885ec""]",company_disclosure,Operator identifies Pecos as Cottonwood 1 and 2 on FM2119,https://corescientific.com/high-density-data-centers/pecos-tx/,"Core Scientific, Inc.",pecos_round15_primary_review,all-rights-reserved,"Core Scientific, Inc.",,2026-09-09T03:10:48.300Z,6738cc95622c4668a4bbd56bca8c18c665f702a98e3a8154e413fa38fcc564a1
23d45bff-b0d4-5d24-8dfb-b83cb4977a49,"[""context:geometry_identity"",""context:site_distinctness""]","[""f8900f55-087d-5d51-aef2-820402bcbdc2""]",company_disclosure,AMS01 Goodman Mona Logistics Netherlands B.V. - project address,https://www.usgbc.org/projects/ams01-goodman-mona-logistics-netherlands-bv,U.S. Green Building Council,usgbc_public_project_records,all-rights-reserved,U.S. Green Building Council,,2026-09-08T19:25:38Z,995128c382216f4648fe8242a251ad15eff7bdd9a95572d8530a811b9ab7fa8a
23f9086f-59d8-5e91-ac49-a0f6ab331d31,"[""context:geometry_identity"",""context:site_distinctness""]","[""8715738f-39ac-5058-a01a-b62758b49831""]",company_disclosure,NEXTDC M4 announcement: exact 127 Todd Road campus identity,https://www.nextdc.com/news/nextdc-announces-2-billion-ai-factory-and-technology-campus-at-fishermans-bend,NEXTDC Limited,nextdc_official_campus_identity,all-rights-reserved,NEXTDC Limited,2025-06-12,2026-09-08T21:01:51Z,f5fa90cc6d137d7db524c79ae61524491e78e3cde2ba6356e9232ce093527896
2705a04d-8e88-5b06-9cd5-30fc83cc4328,"[""context:site_distinctness"",""geometry""]","[""b9ccc1e7-c2da-5822-82bc-b20be7d43dfe""]",government_record,City exact Pajarilanväylä 24 address result,https://kartta.lappeenranta.fi/IMS/fi/Search?Op=all&Name=Pajarilanv%C3%A4yl%C3%A4%2024,City of Lappeenranta via Trimble IMS,europe_round5_exact_locators,no-open-license-asserted,City of Lappeenranta via Trimble IMS,,2026-09-08T21:45:53Z,0308eb155e73b832cf05b377844d29d518cf8f4cd33fcf2f465bbb5880d525d4
271d4ec7-9ffe-5ee5-9b50-fbf025df7212,"[""context:geometry_identity"",""context:site_distinctness""]","[""b4349487-1879-5b90-9064-d1b86cb49850""]",company_disclosure,Caverion Finnish parallel release retains narrower employment wording,https://www.caverion.fi/media/tiedotteet/2026/caverion-toteuttaa-paaurakoitsijana-50-miljoonan-euron-datakeskushankkeen-mcf-group-estonialle-baltian-suurin-korkean-turvallisuusstandardin-datakeskus-laajenee/,Caverion,europe_round18_greenergy_huuru,no-open-license-asserted,Caverion,2026-07-31,2026-09-09T04:59:01.006Z,0f7d92aa916827989a61811d99abd7f6a02dd7c57c9d1a50dc527ade34d04790
28169906-b467-58d6-8829-997e48787111,"[""context:geometry_identity"",""context:site_distinctness""]","[""1f430ea1-a0e6-5a91-b3e7-3f002b331cf6""]",government_record,DNR FW-33468-0 public notice - Orla data-center campus identity,https://www.in.gov/dnr/calendar/files/wa-102925.pdf,"Indiana Department of Natural Resources, Division of Water",americas_round4_meta_lebanon,no-open-redistribution-license-asserted,"Indiana Department of Natural Resources, Division of Water",,2026-09-08T21:08:43Z,83eae39dfc8a43dc95474b3b0f2f7a70ef00ecdb55b28060d41d82cc953546f4
289b100b-96a4-5c57-9235-a36c407be5f3,"[""context:site_distinctness"",""geometry""]","[""c4ffa53e-bb43-5af1-9e07-aa5045ea480b""]",government_record,Toronto dataset page: OAR licence binding,https://open.toronto.ca/dataset/address-points-municipal-toronto-one-address-repository/,City of Toronto,americas_africa_round10_etobicoke,Open Government Licence - Toronto,City of Toronto,,2026-09-08T23:52:45.293Z,7a2a8ac2d9cd54aafd86fe393632f9ca7a84607ab4d1c0a0353cfb8a4050b2c2
2a3a54fe-bcf3-5e51-ac21-8791ecef42ae,"[""context:geometry_identity"",""context:site_distinctness"",""physical_status""]","[""ad57807a-f6b6-55f9-b26f-acd194e12880""]",company_disclosure,Flexential reports a Hillsboro facility currently under construction,https://www.prnewswire.com/news-releases/flexential-secures-800-million-to-fund-data-center-development-across-four-high-growth-markets-302853453.html,"Flexential, distributed by PR Newswire",americas_round11_flexential_hillsboro5,all-rights-reserved,"Flexential, distributed by PR Newswire",2026-08-18T13:04:00Z,2026-09-09T00:23:28.443Z,9ebff6124ed797e5d92ac20c409d391c2f2bdf2b165243a16314f44f562eb4d2
2ba6b299-460e-5bf7-b44f-bae30608c150,"[""context:geometry_identity"",""context:site_distinctness""]","[""709cd37b-7f3a-5313-b3e2-a18ddc0885ec""]",company_disclosure,Issuer-hosted indenture identifies Core Scientific property at1851FM2119,https://investors.corescientific.com/sec-filings/all-sec-filings/content/0001193125-24-008966/d527548dex99t3c1.htm,"Core Scientific, Inc.",pecos_round15_primary_review,all-rights-reserved,"Core Scientific, Inc.",2024-01-17,2026-09-09T03:14:16.469Z,f7d00a9de368a74cc6ca2718d531e8dc3f54d0dc36a95fb69a86ab5079be2ec1
2bd9d01f-b34d-5ac0-94b8-8dd17c9543cf,"[""context:site_distinctness"",""geometry""]","[""aa2dc8a4-52d8-5519-b23a-2ff0313db9e3""]",company_disclosure,Edged MAD02: literal campus coordinates,https://cdn.prod.website-files.com/612d5118cc3229538b508294/68bf2b6a1186eb51f6c433e8_MAD02_Spec%20Sheet_250730_Digital.pdf,Edged,expansion_round5_primary_sources,all-rights-reserved,Edged,,2026-09-08T21:23:00Z,d2171b5dc409ad7f1c2f8ccb26198d2a7051a70ddc2a331e313204b5b463cedd
2bf376f5-d22b-52d3-8103-8830be48bafc,"[""context:geometry_identity"",""context:site_distinctness""]","[""8c926b8f-0190-533b-aa7e-3223971b9e23""]",company_disclosure,Owner exact D2 street address and identity,https://www.prnewswire.com/news-releases/flexential-secures-strategic-real-estate-control-in-atlanta-with-acquisition-of-two-facilities-302452014.html,"Flexential, distributed by PR Newswire",flexential_douglasville2_round12,no-open-redistribution-license-asserted,"Flexential, distributed by PR Newswire",2025-05-12T13:00:00Z,2026-09-09T00:24:07.026Z,a5a25c4f40c8afdce86726d1c9e69ac9705966a6c440086f400cc192cbf2f9d9
2c1ca24e-7649-5551-85f5-511271e7c8c4,"[""context:geometry_identity"",""context:site_distinctness"",""physical_status""]","[""1f430ea1-a0e6-5a91-b3e7-3f002b331cf6""]",government_record,Lebanon July 6 minutes - Meta/Orla campus under construction,https://lebanon.in.gov/wp-content/uploads/2026/01/07.06.2026-Board-of-Zoning-Appeals-Mtg-Minutes.pdf,City of Lebanon Board of Zoning Appeals,americas_round4_meta_lebanon,no-open-redistribution-license-asserted,City of Lebanon Board of Zoning Appeals,,2026-09-08T21:05:44Z,02bd41d816ba6e5fb6fc478161a60743ae32931e4c42d35a5317c2fcaf14ff3d
2cad566b-10a1-597e-9398-4502d4fbce10,"[""context:geometry_identity"",""context:site_distinctness""]","[""b7744ad5-aa48-5977-a70e-3d6a588f468d""]",company_disclosure,Applied Digital disclaimer and source copyright notice,https://ir.applieddigital.com/disclaimer,Applied Digital Corporation,americas_round5_df1_followup,no-open-redistribution-license-asserted,Applied Digital Corporation,,2026-09-08T22:10:37Z,07c7f278a1dc8bfe3410349faa46230f615bc7d10f0731525f3e698398366eba
2eb72a73-6d23-5336-8fa8-a86ba4aede5d,"[""context:geometry_identity"",""context:site_distinctness""]","[""f0e92e2e-e082-5b7f-9486-fd744b5b68e6""]",company_disclosure,DPR explicitly names ERNE as ZRH12 trade partner,https://www.linkedin.com/posts/dpr-construction-inc_datacenter-vantagedatacenters-projectmilestone-activity-7417373744987426816-REKH,DPR Construction,europe_mena_round9_expansion_asia,no-open-license-asserted,DPR Construction,2026-01-15,2026-09-08T23:13:15.934Z,9835485fca3d77e7a9a92062deb728413fe7a6ee6aa300fd0a531f709ed4dfa0
2ebacc55-15b9-5a33-b96e-3c51676e39c8,"[""context:site_distinctness"",""geometry""]","[""8715738f-39ac-5058-a01a-b62758b49831"",""e39b5191-4a78-5781-8944-24efaf944aa9""]",government_record,Australian government catalogue: official Vicmap Address endpoint,https://data.gov.au/data/api/3/action/resource_show?id=eb3cd08e-762b-4b1c-ba57-6dca4e4059f4,Victoria Department of Transport and Planning / Vicmap,vicmap_official_address_service,CC-BY-4.0,"© State of Victoria, Department of Transport and Planning, Vicmap",,2026-09-08T21:12:04Z,1c376e0ae2aea9918a6e12640db46d0afdc0819eac0355f02a375f3d3b0f8f52
306ee880-6ae1-5119-8eed-6b728cca33c0,"[""context:site_distinctness"",""geometry""]","[""26ebe837-0ec5-5973-a729-656b1b4ce011""]",government_record,County web map binds the public Parcels_View service,https://www.arcgis.com/sharing/rest/content/items/b6f6de3d2902468093e60cd0d28c2908/data?f=pjson,Coshocton County GIS,americas_round20_conesville,no-open-license-asserted,Coshocton County GIS,,2026-09-09T06:01:19.142Z,de5378f0747448a329823eb867302cd004c5e11e770d428e0317f83372d2029d
31000e3f-77ed-5366-8b43-521bfa77331d,"[""context:geometry_identity"",""context:site_distinctness""]","[""b9ccc1e7-c2da-5822-82bc-b20be7d43dfe""]",government_record,City Fira data-center piling notice fixes exact parcel and address,https://www.lappeenranta.fi/MFiles/MFFiles/Open?fileId=169510&objectId=123121&objectTypeId=0,City of Lappeenranta,europe_round5_nebius_pajarila,no-open-license-asserted,City of Lappeenranta,2026-08-12,2026-09-08T21:37:00Z,b2a4fce8fb20137c8ad3d35269aadfd436c6debbc356abb2050b1a7db39c79e2
3106fe02-8768-5ca1-a84c-a17e6f304086,"[""context:geometry_identity"",""context:site_distinctness""]","[""c9b6bff7-09a3-599b-9c8c-49243461c0fb""]",company_disclosure,Project participant corroborates actual foundation milestone,https://www.amperio.ch/de/technologiezentrum-laufenburg-ki-rechenzentrum/,Amperio,europe_round5_flexbase,no-open-license-asserted,Amperio,2026-06-04T13:54:45Z,2026-09-08T21:57:24Z,962c4c6dc5187cb49b7d7002bb5442a9455b6fe29735b2b22e1b8b1b2157cd66
3142d580-0924-5470-ac67-7096693a897e,"[""context:geometry_identity"",""context:site_distinctness""]","[""8dbc82d0-1a4d-5d8e-955e-c5e4973ea19e""]",government_record,Town of Parker permit row binds Flexential DEN12 to 15255 Compark Boulevard,https://www.parkerco.gov/Archive/ViewFile/Item/7258,Town of Parker,americas_round11_flexential_parker,no-open-redistribution-license-asserted,Town of Parker,,2026-09-09T00:27:17.702Z,c7f65a3d9148133c80402ffde8cfc3ca45f9f5358ce4204306c8dc006e0a3095
326814ae-f382-57c4-8230-0b68e73f75f0,"[""context:geometry_identity"",""context:site_distinctness""]","[""43ded2e8-5dcf-5174-b553-a4a04aaeebe3""]",company_disclosure,MERLIN Lisbon campus identity,https://www.merlinproperties.com/en/assets/data-center-lisboa/,MERLIN Properties,merlin_edged_official_round4,all-rights-reserved,MERLIN Properties,2022-06-09T07:05:45Z,2026-09-08T20:44:09Z,3673e320465c84f00fb7d97ddf462308d86f531a06a3d88f86f8f33fff4fdf1d
3505d3bd-8d12-50ee-bad8-99fad58dde8e,"[""context:geometry_identity"",""context:site_distinctness""]","[""c1016e49-7b45-52ff-8938-0bd01e78a7ad""]",company_disclosure,DVZ news index dates the exact issue announcement July31,https://www.dvz-mv.de/news,DVZ M-V GmbH,europe_round5_dvz_schwerin,no-open-license-asserted,DVZ M-V GmbH,2026-07-31,2026-09-08T21:56:20Z,01a832564e0a7deae6ba717f66ad949b579b9cebf8caf39f479063f1bc9ea37a
35570395-4998-5b2a-95de-be3e67915aad,"[""context:site_distinctness""]","[""f2b93d1a-7c33-5a9e-be4d-f7d0dadec047""]",company_disclosure,Microsoft La Porte July-labelled grading update,https://local.microsoft.com/blog/la-porte-public-meeting-recap/,Microsoft,americas_round4_microsoft_la_porte,no-open-redistribution-license-asserted,Microsoft,2026-04-22T21:16:49+00:00,2026-09-08T20:46:08Z,bc52b5bd8525a8d574cf0a45437ae9e4b15424dab9de55b3a10e463aa6ec7a2f
3567866f-3d2f-567b-936c-899c42e352db,"[""context:geometry_identity"",""context:site_distinctness""]","[""2c3a5bbe-3573-5abe-98dc-8d8312b0a586""]",openstreetmap,OpenStreetMap data rights and attribution,https://www.openstreetmap.org/copyright,OpenStreetMap Foundation,europe_round22_bulk,no-open-license-asserted,OpenStreetMap Foundation,,2026-09-09T07:12:48Z,4604615ef29f0d34751058f5505d6b00985b791827ae473b0e2533c4f0c34194
356a7f87-aa3b-5287-9253-2c4577ff03b9,"[""context:geometry_identity"",""context:site_distinctness""]","[""b4349487-1879-5b90-9064-d1b86cb49850""]",company_disclosure,Caverion July 31 Greenergy data-hall expansion and on-site workforce,https://www.caverion.com/newsroom/releases/2026/mcf-group-estonia-chooses-caverion-as-main-contractor-for-a-eur-50-million-project-the-largest-high-security-data-centre-in-the-baltics-is-expanding/,Caverion,europe_round18_greenergy_huuru,no-open-license-asserted,Caverion,2026-07-31,2026-09-09T04:58:22.922Z,bae47a62882058d6b713f106c0a06069c8c3bcee80143dead533431bab8a03fc
362131d4-48db-5185-a5db-a5d237c876db,"[""context:site_distinctness"",""geometry""]","[""fc6dd688-fca0-5a7f-a6e9-54f9116607c5""]",openstreetmap,OpenStreetMap way469691383 - Heesung industrial building,https://api.openstreetmap.org/api/0.6/way/469691383/full.json,OpenStreetMap contributors,openstreetmap_api,ODbL-1.0,© OpenStreetMap contributors,,2026-09-08T19:43:13Z,7ab33bbc0699911ea919942e43f6dbbd26c99215d68637d60dc03b67b4169885
3649b928-3853-593a-a281-372f7d012c60,"[""context:geometry_identity"",""context:site_distinctness""]","[""05033935-bf13-5754-a9af-25c96ea1b473""]",company_disclosure,Company-authored FRA1 foundation and address statement,https://www.technologiebox.de/2026/06/11/noris-network-legt-grundstein-fr-frankfurter-rechenzentrum/,noris network AG via TechnologieBox,europe_round5_noris_schwalbach,no-open-license-asserted,noris network AG via TechnologieBox,2026-06-11,2026-09-08T21:46:17Z,2e696f27e662d72eb4eb0e0845e78baf40de86751249e311d5dcb486074645a1
36b66e9e-70fc-5150-850b-6a65e9646e55,"[""context:site_distinctness"",""geometry""]","[""b7744ad5-aa48-5977-a70e-3d6a588f468d""]",open_dataset,OSM changeset187658622 construction-fence provenance,https://api.openstreetmap.org/api/0.6/changeset/187658622?include_discussion=true,OpenStreetMap contributors,americas_round5_df1_followup,ODbL-1.0,OpenStreetMap contributors,2026-08-18,2026-09-08T22:10:02Z,99dc39607070ea06357a6277cf3eb70c2b1d4ae782eca945329fc735519256b2
37013ce5-a12c-59d4-beb5-6ae9011daed7,"[""context:site_distinctness"",""geometry""]","[""447b19d9-b89b-59a6-9931-824aa1781fb0""]",government_record,Los Angeles County Assessor - 3094 E Vernon Avenue parcel reference point,https://public.gis.lacounty.gov/public/rest/services/LACounty_Cache/LACounty_Parcel/MapServer/0/query?where=SitusHouseNo%3D'3094'%20AND%20SitusStreet%20LIKE%20'%25VERNON%25'&outFields=AIN%2CAPN%2CSitusHouseNo%2CSitusDirection%2CSitusStreet%2CSitusAddress%2CSitusCity%2CSitusZIP%2CCENTER_LAT%2CCENTER_LON&returnGeometry=true&outSR=4326&f=json,Los Angeles County Office of the Assessor,los_angeles_county_assessor_parcel_service,no-open-redistribution-license-asserted,Los Angeles County Office of the Assessor,,2026-09-08T18:45:13Z,017ae60d3c75089af984307002a4751da7b16bbcc45f1dcdc280352cfe3e368f
375685f2-b4b3-5f21-a1fe-48a1597c9eb2,"[""context:site_distinctness"",""geometry""]","[""d83dc321-220b-5c4c-b5af-ff1f4bc19a5d""]",government_record,"US Census geocoder - 11680 HAYDEN RD, MANASSAS, VA, 20109",https://geocoding.geo.census.gov/geocoder/locations/onelineaddress?address=11680%20Hayden%20Road%20Manassas%20VA%2020109&benchmark=Public_AR_Current&format=json,U.S. Census Bureau,iron_mountain_us_q2_locator_review,no-open-redistribution-license-asserted,U.S. Census Bureau,,2026-09-08T20:08:08Z,41f920d31036ca788e2d52d4c5d7f17924ebde3378c6caf8548ac3ad4c375f84
3834817e-f9ca-5455-9e36-b9830864246c,"[""context:site_distinctness""]","[""aa2dc8a4-52d8-5519-b23a-2ff0313db9e3""]",company_disclosure,Edged Getafe1: distinct Fundidores40 campus,https://www.edged.es/madrid-getafe,Edged,expansion_round5_primary_sources,all-rights-reserved,Edged,,2026-09-08T21:23:01Z,275ae20c0500ecccc5e9784e55336c0063df9d3e1fd54caebac97d5c4ec80905
388f30b8-8e1e-537c-a590-14a13c4a4e0b,"[""physical_status""]","[""be6d721d-f632-5c86-a057-78774604bc6c""]",company_disclosure,Goodman FY26 Results - PAR01 current development,https://www.goodman.com/-/media/project/goodman/global/files/investor-centre/gmg-goodman-group/announcements/asx-announcements/2026/4-full-year-results-presentation-5.pdf?rev=ac56d4e1f3444d309bbefa27304c7da1,Goodman Group,goodman_group_investor_presentations,all-rights-reserved,Goodman Group,2026-08-19,2026-09-08T18:38:25Z,892c9d069276912a13d2ff100ff3260b1c2d26874693d644e0d34dce3a7d809d
3893fae6-9768-51d9-b8b0-591f2887e094,"[""context:geometry_identity"",""context:site_distinctness"",""physical_status""]","[""f0e92e2e-e082-5b7f-9486-fd744b5b68e6""]",company_disclosure,ERNE reports ongoing finishing works at Vantage Winterthur,https://www.erne.ch/fr/news/detail/ernenews/in-winterthur-lassen-wir-ein-neues-data-center-wachsen/,ERNE AG Bauunternehmung,europe_mena_round9_expansion_asia,no-open-license-asserted,ERNE AG Bauunternehmung,2026-07-30,2026-09-08T23:11:30.039Z,76b4d530f0480fbe0624ca11721781e90c4727bc2a1f22db2d92a880718c0a9c
38ba8adb-7b5d-5a1f-9482-a94654fc485d,"[""context:site_distinctness"",""geometry""]","[""5bfb4ad8-a8f4-5937-9242-a96f9292c385""]",openstreetmap,OSM names the same industrial hall CSC and LUMI,https://overpass-api.de/api/interpreter?data=%5Bout%3Ajson%5D%3Bway(705545655)%3Bout%20body%20geom%3B,OpenStreetMap contributors / Overpass API,europe_round15_csc_lumi_ai,ODbL-1.0,© OpenStreetMap contributors,,2026-09-09T03:39:20Z,c61cdd2216ebf210e5fef246888cf6ae03308fb4ecfdea47e1a5f7b594ff8d5b
3908b2d8-3494-5c31-93f5-c5d84f368a20,"[""context:site_distinctness"",""geometry""]","[""f3cc5dc7-9547-517f-94aa-89e0769f2bf8""]",government_record,County-generated centroid of exact Peanut parcel,https://services3.arcgis.com/TsynfzBSE6sXfoLq/ArcGIS/rest/services/Cadastral_ProdA/FeatureServer/3/query,Chesterfield County GIS,chesterfield_round14,CC0-1.0,Data retrieved from Chesterfield County GIS Data Catalog.,,2026-09-09T03:05:03Z,dc5b7572e4faa9385e314c0a5dfbb48d94288ba0c926d60ccf509aa2f77419f4
391bac0c-4bc6-5c67-88fe-be1eac2d1abe,"[""context:geometry_identity"",""context:site_distinctness""]","[""e39b5191-4a78-5781-8944-24efaf944aa9""]",government_record,Next DC Corio officer report: O'Brien's Road address and Lot 6,https://sftpbspomppprod01.blob.core.windows.net/applicationfiles/ac08c0c4-2a7f-f011-b4cc-00224811ea6c_PA2503895%20REDACTED_148-158%20OBRIENS%20ROAD%20CORIO%20-%20Officer%20Report.pdf,Victoria Department of Transport and Planning,victoria_ministerial_permit_officer_report,all-rights-reserved,Victoria Department of Transport and Planning,,2026-09-08T21:09:44Z,49793d4191d10f88cffe4fd90b67fa6ee2ae55a72c11100637e6590a78717999
39230453-beab-5905-a11b-852730385ea6,"[""context:geometry_identity"",""context:site_distinctness""]","[""b7744ad5-aa48-5977-a70e-3d6a588f468d""]",government_record,Official LDEQ public notice AI250709,https://www.deq.louisiana.gov/public-notices?q=250709,Louisiana Department of Environmental Quality,americas_round5_df1_followup,no-open-redistribution-license-asserted,Louisiana Department of Environmental Quality,2026-07-29,2026-09-08T22:02:57Z,10a8bbe4c886f1c4203b7cd5399c90febbcd9745e9527b038269eea3371bc6ab
3935b984-1fc9-538b-aa2e-c2431e85553a,"[""context:site_distinctness"",""geometry""]","[""f3cc5dc7-9547-517f-94aa-89e0769f2bf8""]",government_record,Exact Peanut parcel query crosscheck,https://services3.arcgis.com/TsynfzBSE6sXfoLq/ArcGIS/rest/services/Cadastral_ProdA/FeatureServer/3/query,Chesterfield County GIS,chesterfield_round14,CC0-1.0,Chesterfield County GIS,,2026-09-09T00:30:01.403Z,4527279f720e25e56bdefa0eb2efec9045b5d6f1d0cc23e3937fb96e739407b1
398fc453-b238-5308-9e7a-703789024d93,"[""context:geometry_identity"",""context:site_distinctness""]","[""f8900f55-087d-5d51-aef2-820402bcbdc2""]",government_record,"Datacenter permit amendment - Hybrideweg 105, Vijfhuizen",https://zoek.officielebekendmakingen.nl/prb-2026-2233.html,Province of Noord-Holland,netherlands_official_provincial_notices,no-open-redistribution-license-asserted,Province of Noord-Holland,2026-02-10,2026-09-08T19:27:02Z,d29002362b47cb7aca4048e080e2c4c94f3fb3d47feb4ecabdb73ed90f7b5531
39e38bb3-a3ec-5d6b-bb7a-a5b3a354380c,"[""context:geometry_identity"",""context:site_distinctness""]","[""d83dc321-220b-5c4c-b5af-ff1f4bc19a5d""]",company_disclosure,Iron Mountain government-solutions page - Manassas campus addresses,https://datacenter.ironmountain.com/government-data-centers,Iron Mountain Data Centers,iron_mountain_us_q2_locator_review,no-open-redistribution-license-asserted,Iron Mountain Data Centers,,2026-09-08T20:06:32Z,a629bf95e4d71ccce245c7f542981ec447bb3a5ad1c3e7a0e9c57037cdc7712a
3a3271fa-be5b-57bd-a878-6c5de4e7860c,"[""context:geometry_identity"",""context:site_distinctness""]","[""337ace90-652d-52fe-a856-fe9b04b5966f""]",government_record,El Paso municipal Meta and Wurldwide campus identity,https://www.elpasotexas.gov/data-centers,City of El Paso,meta_round10_independent_review,all-rights-reserved,City of El Paso,,2026-09-08T23:45:08Z,0953bb349d8fe57516316f3230fb2abc5a3365b685394f6634703590f3e3a3b5
3a5551fb-11b1-5245-b4b0-6611bca52342,"[""context:site_distinctness"",""geometry""]","[""5bfb4ad8-a8f4-5937-9242-a96f9292c385""]",openstreetmap,OpenStreetMap specifies ODbL reuse and attribution obligations,https://www.openstreetmap.org/copyright,OpenStreetMap Foundation,europe_round15_csc_lumi_ai,no-open-license-asserted,OpenStreetMap Foundation,,2026-09-09T03:14:02Z,c8055488347fce8abf6b4fb31178c7212b062c5d914f7501588069233718b914
3af60f35-2add-56e3-9002-0395731a93ff,"[""context:geometry_identity"",""context:site_distinctness"",""physical_status""]","[""f3cc5dc7-9547-517f-94aa-89e0769f2bf8""]",government_record,Google Bermuda Hundred Current Development - July 2026 county status,https://www.chesterfield.gov/5989/Data-Centers,Chesterfield County,chesterfield_round14,no-open-redistribution-license-asserted,"Chesterfield County, Virginia",,2026-09-09T00:19:01Z,ab850d526998b565b7a834a1730b074f695721830577ac1ca0b7f78477561ddc
3b796d81-9046-5662-b53e-4a7363bb50f3,"[""context:site_distinctness"",""geometry""]","[""05033935-bf13-5754-a9af-25c96ea1b473""]",openstreetmap,Named noris FRA1 community campus locator,https://overpass-api.de/api/interpreter?data=%5Bout%3Ajson%5D%3Bway%28313208490%29%3Bout%20meta%20center%3B,OpenStreetMap contributors via Overpass,europe_round5_exact_locators,ODbL-1.0,OpenStreetMap contributors via Overpass,,2026-09-08T21:37:49Z,68907f60d504b0aa48d5184ee46747e45736fbd3ef2838f9c12154145dc3df37
3cef948d-9ec8-5287-a23c-f3d70d2a7bdd,"[""context:site_distinctness"",""geometry""]","[""c4ffa53e-bb43-5af1-9e07-aa5045ea480b""]",government_record,Toronto address point 30029368: explicit EPSG4326 service response,"https://gis.toronto.ca/arcgis/rest/services/cot_geospatial27/FeatureServer/101/query?where=ADDRESS_POINT_ID%3D30029368&outFields=ADDRESS_POINT_ID,ADDRESS_ID,ADDRESS_NUMBER,LINEAR_NAME_FULL,MAINT_STAGE,ADDRESS_CLASS,ADDRESS_CLASS_DESC,ADDRESS_FULL,LONGITUDE,LATITUDE&returnGeometry=true&outSR=4326&f=pjson",City of Toronto,americas_africa_round10_etobicoke,Open Government Licence - Toronto,City of Toronto,,2026-09-08T23:54:51.001Z,bc22c55cababccd35d8157a79139855be83b519db738d288c13c3a6ec1521185
3e2be26d-bcc7-5313-a9d8-9886d2157402,"[""context:site_distinctness"",""geometry""]","[""9217888a-3e78-5b75-ac86-bd32ef026084""]",openstreetmap,Exact-address Nominatim building point for Marsstraße 5,https://nominatim.openstreetmap.org/search?q=Marsstrasse%205%20Kirchheim%20bei%20Munchen&format=jsonv2&addressdetails=1,OpenStreetMap contributors / Nominatim,europe_mena_round10_expansion_asia,ODbL-1.0,© OpenStreetMap contributors,,2026-09-08T23:44:55.164Z,ba7202d49745af085b316f09e5479630516441074db138dea755bdf4ca6c1026
3e31f188-1822-59b3-a3ae-ffd7f298725c,"[""context:geometry_identity"",""context:site_distinctness"",""physical_status""]","[""1404f5cd-04ee-57ea-8f73-91992fea0552""]",company_disclosure,Turner July 16 Richland Parish interior buildout observation,https://www.turnerconstruction.com/insights/expanded-meta-data-center-creates-more-jobs-and-opportunity-in-richland-parish-louisiana,Turner Construction Company,meta_round10_independent_review,all-rights-reserved,Turner Construction Company,2026-07-16,2026-09-08T23:44:14Z,f9536829eedf4c5226ef71cec78fb4979a3cf05d3368d98cd79b3d52dad569cb
3e395a99-bfc3-5211-93cd-8acb5918a975,"[""context:geometry_identity"",""context:site_distinctness""]","[""b9ccc1e7-c2da-5822-82bc-b20be7d43dfe""]",government_record,City identifies Nebius Pajarila campus and public municipal map,https://www.lappeenranta.fi/en/decision-making-and-administration/pajarila-data-center,City of Lappeenranta,europe_round5_nebius_pajarila,no-open-license-asserted,City of Lappeenranta,,2026-09-08T21:44:28Z,68dd0a22563abb9758905700358ccbe5bedb73e3e663b1814d95d5bf1d08dee8
40248504-0241-53a6-b48b-cebedaf9a313,"[""context:site_distinctness"",""geometry""]","[""f0e92e2e-e082-5b7f-9486-fd744b5b68e6""]",government_record,Official address directory scope and data-use statement,https://www.swisstopo.admin.ch/en/official-directory-of-building-addresses,Federal Office of Topography swisstopo,europe_mena_round9_expansion_asia,no-open-license-asserted,© swisstopo,2024-01-08,2026-09-08T23:12:05.032Z,a67e65bef196a6736197d409f69628bd130bb4bd2d03d58933d3029454fa0311
406b5d16-6ad7-5298-b89f-18e3cb049f61,"[""context:geometry_identity"",""context:site_distinctness"",""physical_status""]","[""43ded2e8-5dcf-5174-b553-a4a04aaeebe3"",""7ac977cb-cbe2-5dfd-b058-f26707f86b6c""]",company_disclosure,MERLIN July results: continuing Lisbon Phase II work,https://ir.merlinproperties.com/en/merlin-increases-total-revenues-and-ebitda-by-11-7-thanks-to-the-data-centers-division-which-reaches-160-mw-leased/,MERLIN Properties,merlin_edged_official_round4,all-rights-reserved,MERLIN Properties,2026-07-27T23:20:41Z,2026-09-08T20:47:28Z,5babae5e721089512f4f4efc0ccecfc608538460c351c03dccc714ea651f63d0
4092b0af-767b-5a50-a717-531361167237,"[""context:site_distinctness"",""geometry""]","[""3761e59a-fe39-523d-83a6-9fbfa9feec85""]",government_record,NSW Planning Portal copyright and third-party exclusions,https://www.planningportal.nsw.gov.au/copyright-and-disclaimer,"NSW Department of Planning, Housing and Infrastructure",nsw_planning_rights,CC-BY-4.0-Department-material-scope,"© State of New South Wales and Department of Planning, Housing and Infrastructure 2026",,2026-09-08T20:48:42Z,77fe18800141dd39f0503e3ec0a6eb6aac8ce173d4a5e125c9fa1166e675681c
419fe9b6-b8da-5254-b852-6776a5b01390,"[""context:geometry_identity"",""context:site_distinctness""]","[""fe92035e-3a00-5a85-b009-34fe9c2c545e""]",government_record,City of Lahti data-center permit 398-2025-418,https://lahti-prod.oncloudos.com/kokous/20251180-3-400009.PDF,City of Lahti,europe_round16_dayone_lahti,no-open-license-asserted,City of Lahti,,2026-09-09T04:11:40Z,21da28454577f698846e380d6e325ef3e3ed29af6287ee726497684882302283
420e5a5a-095f-5f13-8af2-98be462dfacf,"[""physical_status""]","[""e1aeeee2-575c-5873-a96a-528a6c08b387""]",company_disclosure,Goodman FY26 Results - PAR02 current development,https://www.goodman.com/-/media/project/goodman/global/files/investor-centre/gmg-goodman-group/announcements/asx-announcements/2026/4-full-year-results-presentation-5.pdf?rev=ac56d4e1f3444d309bbefa27304c7da1,Goodman Group,goodman_group_investor_presentations,all-rights-reserved,Goodman Group,2026-08-19,2026-09-08T18:38:25Z,892c9d069276912a13d2ff100ff3260b1c2d26874693d644e0d34dce3a7d809d
43bd6a30-6bac-5500-afd1-74b0e425d6b0,"[""context:geometry_identity"",""context:site_distinctness"",""physical_status""]","[""3761e59a-fe39-523d-83a6-9fbfa9feec85"",""8a5fbd17-48b6-5484-8c37-ce406068bf3e"",""ad5f9b2b-80bf-5580-92f2-0f53473c882d"",""c789668b-ecf3-53b2-b23c-44151e199317""]",company_disclosure,NEXTDC FY26 announcement: named construction inventory at June 30,https://www.nextdc.com/hubfs/Financial%20Reports/FY26/FY26%20Results%20Announcement.pdf,NEXTDC Limited,nextdc_official_financial_reporting,all-rights-reserved,NEXTDC Limited,2026-08-27,2026-09-08T20:45:47Z,e803bedfe822498532c9d33d194646b4cbe00eaf77e887273ce5874297dccc9c
44065004-14b4-5f3c-8244-f307a0fb3436,"[""context:geometry_identity"",""context:site_distinctness""]","[""fe92035e-3a00-5a85-b009-34fe9c2c545e""]",government_record,Lahti October 2025 granted-permits register,https://www.lahti.fi/app/uploads/2025/11/3393d31f-myonnetyt-luvat-lokakuu-2025.pdf,City of Lahti,europe_round16_dayone_lahti,no-open-license-asserted,City of Lahti,,2026-09-09T04:13:09Z,278579d3a5ac60972a5c87d9ad3c05928a453229358983e45449fc2ddc9da70e
44fdf373-1340-5203-82e9-b78513f8f5d5,"[""context:site_distinctness"",""geometry""]","[""0bf81b53-0bf9-551d-807b-16392ea21962""]",government_record,"US Census geocoder - 3003 WOODBRIDGE AVE, EDISON, NJ, 08837",https://geocoding.geo.census.gov/geocoder/locations/onelineaddress?address=3003%20Woodbridge%20Ave%20Edison%20NJ%2008837&benchmark=Public_AR_Current&format=json,U.S. Census Bureau,iron_mountain_us_q2_locator_review,no-open-redistribution-license-asserted,U.S. Census Bureau,,2026-09-08T20:06:54Z,2a78ae5dbfbe306100f43289dc8e28bae3ddd601f02c0dee49c343bf88b68a93
45b9c818-059d-5b09-8e3c-d639ea5ef39c,"[""context:geometry_identity"",""context:site_distinctness""]","[""f2b93d1a-7c33-5a9e-be4d-f7d0dadec047""]",company_disclosure,Microsoft La Porte community boards - initial campus and excluded expansion,https://local.microsoft.com/wp-content/uploads/2026/04/LPO-BoardsFinal0426.pdf,Microsoft,americas_round4_microsoft_la_porte,no-open-redistribution-license-asserted,Microsoft,,2026-09-08T20:49:23Z,c677695496f972d0f3d03037c53ecdab7f44de026e15f17e0c8c60a0d7109b31
4641b27e-7b3a-5f31-9c3e-9d244f996bfc,"[""context:geometry_identity"",""context:site_distinctness""]","[""c4ffa53e-bb43-5af1-9e07-aa5045ea480b""]",government_record,Toronto property record: Microsoft ownership at 48 Lowe's Place,https://www.toronto.ca/legdocs/mmis/2024/gg/bgrd/backgroundfile-250035.pdf,City of Toronto,americas_africa_round10_etobicoke,no-open-redistribution-license-asserted,City of Toronto,,2026-09-08T23:51:37.845Z,3caf4f47fa53f7eef6908327da100a0ca68b2cc3bf49e99af2484813d2b2c60c
468d0632-01f1-5cf3-a667-308e4cded321,"[""context:geometry_identity"",""context:site_distinctness""]","[""709cd37b-7f3a-5313-b3e2-a18ddc0885ec""]",company_disclosure,Issuer describes conversion of its existing Pecos campus,https://investors.corescientific.com/sec-filings/all-sec-filings/content/0001628280-26-027645/exhibit991-pecosexpansio.htm,"Core Scientific, Inc.",pecos_round15_primary_review,all-rights-reserved,"Core Scientific, Inc.",2026-04-27,2026-09-09T03:16:32.008Z,056659ab042357607110d92795da0b8e9d427b1647d2920b064bf9d02ef2dcca
4791ed5e-b266-5f0f-b86f-d183cc829ba2,"[""context:site_distinctness"",""geometry""]","[""e3f1fc38-bc59-5373-803f-d5c86d817096"",""f8900f55-087d-5d51-aef2-820402bcbdc2""]",government_record,Official notice map implementation - RD coordinate reference system,https://zoek.officielebekendmakingen.nl/static/kaartmodule/js/index.js,Officiele Bekendmakingen,netherlands_official_notice_map_implementation,no-open-redistribution-license-asserted,Officiele Bekendmakingen,,2026-09-08T19:28:37Z,c9a4b32921b71171eecd74c90d4341965147717da3f60c6c66399760c5b7fe54
482e608f-c5a8-5719-b1ac-96373501e140,"[""context:site_distinctness"",""geometry""]","[""2c3a5bbe-3573-5abe-98dc-8d8312b0a586"",""d2e988cd-e878-5061-817e-0c1cda87f372""]",company_disclosure,Schema.org GeoCoordinates defines the coordinate datum,https://schema.org/GeoCoordinates,Schema.org,europe_round22_bulk,no-open-license-asserted,Schema.org,,2026-09-09T07:11:23Z,f330585bb017b35f0ead45d75628caefb60a1ecf6fde1a9f9114b77b384f2185
483fa4d5-32b7-5650-8510-78fa67d82605,"[""context:geometry_identity"",""context:site_distinctness""]","[""762397cd-ffc7-55c2-936e-af38cb8d4d0c""]",government_record,WVDEP binds Monarch Point Pleasant to application053-00136/R14-0042,https://dep.wv.gov/daq/permitting/Pages/NSR-Permit-Applications.aspx,West Virginia Department of Environmental Protection,americas_round16_monarch,no-open-license-asserted,West Virginia Department of Environmental Protection,,2026-09-09T04:25:06.994Z,0c8fe63ac4466a694ccff99d4ea233c083188a5c3bb34aed614b5ede309c7807
48f4cf2e-4c8a-5291-920f-62ea8f8e1761,"[""context:geometry_identity"",""context:site_distinctness"",""physical_status""]","[""2c3a5bbe-3573-5abe-98dc-8d8312b0a586""]",company_disclosure,Bulk N01 Vennesla Campus: operator Q2 2026 physical construction update,https://bulkinfrastructure.com/uploads/Financial-report/Quarterly-Report/Bulk-Infrastructure-Group-Financial-statements-Q2-2026.pdf,Bulk Infrastructure Group AS,europe_round22_bulk,no-open-license-asserted,Bulk Infrastructure Group AS,2026-07-16,2026-09-09T07:06:18Z,872b3e6401774d353a77809da59f53faf9d6c0095b483b6ace1070591768fb4f
49bad016-ecde-51d8-bc29-be1e20237b81,"[""context:geometry_identity"",""context:site_distinctness"",""physical_status""]","[""fc6dd688-fca0-5a7f-a6e9-54f9116607c5""]",company_disclosure,LG Uplus Paju AIDC - June5 construction-site update,https://news.lguplus.com/?p=21965,LG Uplus,lg_uplus_newsroom,all-rights-reserved,LG Uplus,2026-06-08T14:38:27+09:00,2026-09-08T19:35:10Z,305dea75d60c428610c798fb27df891c1a3e7042059c84af4426a462b8b1063d
4aa18999-3b90-56ae-be13-e899ddb7d886,"[""context:site_distinctness"",""geometry""]","[""6b11de63-a6b0-5513-87a1-b77ff3b71bfb""]",government_record,Census public-use and geographic-product attribution guidance,https://www.census.gov/about/policies/citation.html,U.S. Census Bureau,americas_round15_lake_mariner,no-open-redistribution-license-asserted,U.S. Census Bureau,,2026-09-09T03:42:14.077Z,4d16fd3c768e6921ca07773f0d5ffa4527b27a9e4f423810d6135807692856a1
4ae7bc83-7774-5d6d-b321-f8ff5e764e46,"[""context:site_distinctness"",""geometry""]","[""f0e92e2e-e082-5b7f-9486-fd744b5b68e6""]",government_record,Official STAC manifest links the address download and declares EPSG:2056,https://data.geo.admin.ch/api/stac/v0.9/collections/ch.swisstopo.amtliches-gebaeudeadressverzeichnis/items,Federal Office of Topography swisstopo,europe_mena_round9_expansion_asia,no-open-license-asserted,© swisstopo,,2026-09-08T23:14:18.647Z,c7036b6e5533d2196da3f6c4f2d70f15f324345448ccd301d884c0d614a40225
4b1a1b51-bd2c-528c-8eaf-97c51df7454b,"[""context:geometry_identity"",""context:site_distinctness""]","[""6b11de63-a6b0-5513-87a1-b77ff3b71bfb""]",company_disclosure,Issuer legal definition binds CB-5 to 7725 Lake Road,https://investors.terawulf.com/sec-filings/all-sec-filings/content/0001083301-26-000092/terawulf-revolvingcreditag.htm,TeraWulf Inc.,americas_round15_lake_mariner,all-rights-reserved,TeraWulf Inc.,2026-05-08,2026-09-09T03:44:23.234Z,60298a47ea22293cfa47f15654c09b1061a98ebd627e0f47610f7bcb91a6b8c8
4b42cf04-38b2-59e8-b2b7-d67e5c84ab8e,"[""context:geometry_identity"",""context:site_distinctness""]","[""0b67b532-d779-5784-bd6d-d7ee124844aa"",""f3cc5dc7-9547-517f-94aa-89e0769f2bf8""]",government_record,County July 2026 named data-center status and identity table,https://www.chesterfield.gov/5989/Data-Centers,Chesterfield County,chesterfield_round14,no-open-redistribution-license-asserted,Chesterfield County,,2026-09-09T00:19:01Z,ab850d526998b565b7a834a1730b074f695721830577ac1ca0b7f78477561ddc
4b97934c-006c-5f66-a1f1-0c5d1c28a9f2,"[""context:geometry_identity"",""context:site_distinctness""]","[""8c926b8f-0190-533b-aa7e-3223971b9e23""]",company_disclosure,Owner ESG context names Douglasville 2 awaiting completion,https://www.prnewswire.com/news-releases/flexentials-2025-esg-report-details-progress-on-sustainable-data-center-infrastructure-302820256.html,"Flexential, distributed by PR Newswire",flexential_douglasville2_round12,all-rights-reserved,"Flexential, distributed by PR Newswire",2026-07-08T13:04:00Z,2026-09-09T00:41:20.635Z,3d8c933f0214c87b07f67566a91f418ab5d75d0b166557182e4914098a95156d
4c158d0b-011c-5409-971b-60ce87d4f972,"[""context:geometry_identity"",""context:site_distinctness"",""physical_status""]","[""0b67b532-d779-5784-bd6d-d7ee124844aa""]",government_record,Chirisa Chesterfield Digital Drive Current Build - July 2026 county status,https://www.chesterfield.gov/5989/Data-Centers,Chesterfield County,chesterfield_round14,no-open-redistribution-license-asserted,"Chesterfield County, Virginia",,2026-09-09T00:19:01Z,ab850d526998b565b7a834a1730b074f695721830577ac1ca0b7f78477561ddc
4cfca10e-a21f-5802-8a9e-d6c62125791f,"[""context:geometry_identity"",""context:site_distinctness""]","[""c1016e49-7b45-52ff-8938-0bd01e78a7ad""]",company_disclosure,Operator announces publication of community 1/2026,https://www.dvz-mv.de/news/jetzt-die-neue-ausgabe-unseres-magazins-lesen,DVZ M-V GmbH,europe_round5_dvz_schwerin,no-open-license-asserted,DVZ M-V GmbH,2026-07-31,2026-09-08T22:01:05Z,94c60d20baa214ddb9b2ccaffc6a392e5ecbc20a50a2abb763f465a5ff6b6c51
4d651a1e-f8f0-5c20-8d86-257cdef382ae,"[""context:geometry_identity"",""context:site_distinctness"",""physical_status""]","[""5b52a118-2f46-5f43-b308-a3237e99e065""]",company_disclosure,Christopher Torto reports construction in Sumaré and names Sumaré 3,https://pt.linkedin.com/posts/chris-torto_ascenty-datacenter-ia-activity-7465819505873702912-8_Vq,"Christopher Torto, Ascenty CEO via LinkedIn",regions_round8_ascenty_sumare,all-rights-reserved,"Christopher Torto, Ascenty CEO via LinkedIn",2026-05-28,2026-09-08T22:39:59.851Z,c200c16c8e15e61b5f44fc966b91a7708d483404fb2aa510a005b1240612b68c
4e02adc1-a4ee-5de2-8839-f2fca926229d,"[""context:geometry_identity"",""context:site_distinctness""]","[""f054a923-1869-5cee-aec7-f9673b431f14""]",government_record,"Loudoun real estate record 093365404003, Digital Dulles land unit B7",https://reparcelasmt.loudoun.gov/PT/datalets/datalet.aspx?UseSearch=no&jur=107&mode=profileall&pin=093365404003&taxyr=2026,Loudoun County Office of the Commissioner of the Revenue,expansion_200_us_locator_review,no-open-redistribution-license-asserted,Loudoun County Office of the Commissioner of the Revenue,,2026-09-08T19:26:55Z,6056b4ded0802ff8f16ca2b7b52730c0a8df650cacf9870e3ec2e1163429377c
4f2ffb6c-d4e6-51d6-8105-3deea9fb32e1,"[""context:site_distinctness"",""geometry""]","[""bdfd522f-2d7e-5d1f-8e00-3c43b462ed27""]",government_record,Current Bucks County parcel 13-051-001-034,"https://services3.arcgis.com/SP47Tddf7RK32lBU/ArcGIS/rest/services/Bucks_County_Parcels/FeatureServer/0/query?where=PARCEL_NUM%3D%2713-051-001-034%27&outFields=OBJECTID,PARCEL_NUM,ADDRESS,MUNICIPALITY,DEED_AREA,OWNER1,OWNER2,LAND_USE_CODE,MODIFY_DATE&returnGeometry=true&outSR=4326&f=json",Bucks County Planning Commission / Board of Assessment,expansion_200_us_locator_review,no-open-redistribution-license-asserted,Bucks County Planning Commission / Board of Assessment,,2026-09-08T19:34:06Z,d7cc072e53daeacd1564c94ea3704da11cf9df38a4e98bc166df541883f9b8ca
4f85f0e2-9a8d-506a-86ac-2385c51b1275,"[""context:geometry_identity"",""context:site_distinctness""]","[""4f86e285-bcf1-537b-b31e-8af7b27ed556""]",government_record,Economic development report 2025/26 - Goodman FRA02 on Rathenaustrasse,https://www.neu-isenburg.de/medien/downloads/wirtschaft/Bericht-Wirtschaftsfoerderung-Neu-Isenburg-Final-24.04.2026.pdf,City of Neu-Isenburg,neu_isenburg_economic_development_reports,no-open-redistribution-license-asserted,City of Neu-Isenburg,,2026-09-08T19:41:03Z,2fc5a6f3850233316231b929a1a8a5fba2bf8f849f6cdb0b3282810ab222881a
4ff2d650-43ba-552e-b12b-690706c23b58,"[""context:geometry_identity"",""context:site_distinctness"",""physical_status""]","[""20ee1eea-91bf-52aa-a464-c4a38d436f9e""]",company_disclosure,Applied Digital fiscal fourth-quarter 2026 operational update - Polaris Forge 1,https://ir.applieddigital.com/news-events/press-releases/detail/159/applied-digital-reports-fiscal-fourth-quarter-and-full-year,Applied Digital Corporation,americas_round5,no-open-redistribution-license-asserted,Applied Digital Corporation,2026-07-27,2026-09-08T21:38:05Z,4595c173b9adad5bf1f4e071a8181301058cca4afb318f9e9b081122643b2db8
508ac7e6-4bff-5500-b660-0b30b7d4afa3,"[""physical_status""]","[""ea847e06-abc6-5935-ad21-a3c0adbec711""]",company_disclosure,CapitaLand India Trust 1H 2026 Financial Results - DCs Under Development,https://www.capitaland.com/content/dam/capitaland-newsroom/International/2026/july/clint-1h2026-results/2.%20CLINT%201H%202026%20slides_29%20July%202026.pdf,CapitaLand India Trust,capitaland_india_trust_financial_results,all-rights-reserved,CapitaLand India Trust,2026-07-29,2026-09-08T18:28:04Z,5ce78c489021757c8e3f7978039ee3efc256cc58a569625c6f0fc446ea9321af
50b56d5c-226f-57f8-b2b1-9d79212c26eb,"[""context:site_distinctness"",""geometry""]","[""2f422325-bd08-5072-a93f-dde01520f486""]",government_record,"Census exact-address match for 984 County Road 112, Afton - explicit NAD83 provenance correction",https://geocoding.geo.census.gov/geocoder/locations/onelineaddress?address=984%20County%20Road%20112%20Afton%20TX%2079220&benchmark=Public_AR_Current&format=json,United States Census Bureau,expansion_200_us_locator_review,no-open-redistribution-license-asserted,United States Census Bureau,,2026-09-08T19:33:31Z,5a774f282621730362b35870e22058b5f628c82c737137fc8bc13c030e5ecf1e
5227a3be-65d4-5bb1-b9fd-39c389636d2f,"[""context:geometry_identity"",""context:site_distinctness""]","[""e1aeeee2-575c-5873-a96a-528a6c08b387""]",government_record,Villeneuve-Saint-Georges two-data-center inquiry - PAR02 register link,https://www.val-de-marne.gouv.fr/index.php/Publications/Enquetes-publiques-et-concertations-prealables/Villeneuve-Saint-Georges-enquete-publique-sur-le-projet-de-creation-de-deux-data-centers,Prefecture of Val-de-Marne,val_de_marne_environmental_inquiries,no-open-redistribution-license-asserted,Prefecture of Val-de-Marne,,2026-09-08T19:24:22Z,88772483e564058463fe96ed95e03f6ea4e368159e7f14b9e8b7ee94189137eb
52580d24-8309-5295-99e6-7364f705bf1c,"[""context:site_distinctness"",""geometry""]","[""337ace90-652d-52fe-a856-fe9b04b5966f""]",openstreetmap,Meta El Paso Data Center source object identity and geometry corroboration,https://api.openstreetmap.org/api/0.6/way/1547686701/full.json,OpenStreetMap contributors,meta_round10_independent_review,ODbL-1.0,OpenStreetMap contributors,,2026-09-08T23:45:07Z,a35838070fa8563610f33c4d955571bef0f2ec1000d5db8baf2baf958590bf44
5317bdcc-4654-5b52-a678-347ffedc551d,"[""context:site_distinctness"",""geometry""]","[""5b52a118-2f46-5f43-b308-a3237e99e065""]",company_disclosure,Digital Realty SUM01 coordinate trace step 2,https://www.digitalrealty.com/_next/static/chunks/5170.09fe70abdb9673fb.js,Digital Realty,regions_round8_ascenty_sumare,all-rights-reserved,Digital Realty,,2026-09-08T22:46:02.697Z,5719f69d40c467db95a89251217d964499e72432f4b8078a2df212249fd2ed4c
53ffc2fa-fde1-50f1-a7b4-9e43d9dcb293,"[""context:geometry_identity"",""context:site_distinctness"",""geometry""]","[""c789668b-ecf3-53b2-b23c-44151e199317""]",openstreetmap,OpenStreetMap way1431074202: NEXTDC M3 named feature,https://api.openstreetmap.org/api/0.6/way/1431074202/full.json,OpenStreetMap contributors / Nominatim,openstreetmap_api,ODbL-1.0,© OpenStreetMap contributors,,2026-09-08T20:48:51Z,99cc6c112b4ec1925dc76280f07e7038dbd08a61b4ee72a468fdeb079ba0201c
542fcc8e-e05c-5491-8e51-6e9076b1ea8e,"[""context:geometry_identity"",""context:site_distinctness""]","[""2c3a5bbe-3573-5abe-98dc-8d8312b0a586""]",company_disclosure,Bulk N01 brochure campus identity and unselected DMS locator,https://bulkinfrastructure.com/uploads/N01-Campus_Brochure_May24.pdf,Bulk Infrastructure Group AS,europe_round22_bulk,no-open-license-asserted,Bulk Infrastructure Group AS,,2026-09-09T07:07:08Z,80284c4c9459f82e50881d55e9f5742fc960af761596ca5cfb33505e05340df4
5492ab7f-9c74-548f-b15a-a0173d4d9c47,"[""context:site_distinctness"",""geometry""]","[""1404f5cd-04ee-57ea-8f73-91992fea0552"",""337ace90-652d-52fe-a856-fe9b04b5966f""]",company_disclosure,Nominatim object geometry WGS84 datum,https://nominatim.org/release-docs/latest/develop/Database-Layout/,Nominatim project,meta_round10_independent_review,no-open-license-asserted,Nominatim project,,2026-09-08T23:52:53Z,173fa7a8e032ccee5de4412e19d89149a898ee609c1f069253d78c444b7705a6
54e3a9a6-dc2e-5640-81c9-727944ee089d,"[""context:geometry_identity"",""context:site_distinctness""]","[""8715738f-39ac-5058-a01a-b62758b49831"",""95b33a98-a85e-57af-b18d-6811a7fd3b20"",""e39b5191-4a78-5781-8944-24efaf944aa9""]",company_disclosure,NEXTDC FY26 presentation: M4 early works and GE1/KL1 construction scope,https://www.nextdc.com/hubfs/Financial%20Reports/FY26/NEXTDC%20FY26%20Results%20Presentation.pdf,NEXTDC Limited,nextdc_official_financial_reporting,all-rights-reserved,NEXTDC Limited,2026-08-27,2026-09-08T20:45:27Z,4cb87fe19f96f70ccd8097cc7a3ceb39e8bcfe19e87d6d674aee0e8a9369a2d4
55324d0e-6884-5efa-b6a9-a0a7bc5a752f,"[""context:site_distinctness"",""geometry""]","[""8dbc82d0-1a4d-5d8e-955e-c5e4973ea19e""]",government_record,Census Geocoder FAQ: explicit NAD83 and address-range interpolation,https://www2.census.gov/geo/pdfs/maps-data/data/FAQ_for_Census_Bureau_Public_Geocoder.pdf,U.S. Census Bureau,americas_round11_flexential_parker,no-open-redistribution-license-asserted,U.S. Census Bureau,,2026-09-09T00:27:44.000Z,13a8ca9f7395daf53e0c06344dd2f1ed28bc6806ab0625b3410eba7e280db169
55ce3154-fb59-5734-a907-8c210b649346,"[""context:site_distinctness"",""geometry""]","[""fe92035e-3a00-5a85-b009-34fe9c2c545e""]",government_record,NLS INSPIRE WFS service documents cadastral endpoint and open-data licence,https://www.maanmittauslaitos.fi/inspire-kyselypalvelut-wfs,National Land Survey of Finland,europe_round16_dayone_lahti,no-open-license-asserted,National Land Survey of Finland,,2026-09-09T04:13:44Z,a83883c5b00b134b16397d7af6e31f5f0ff76a871dcae181bf651cfa1a75d9a5
561599d5-1050-50f3-842f-9112db1fca3f,"[""context:site_distinctness"",""geometry""]","[""762397cd-ffc7-55c2-936e-af38cb8d4d0c""]",government_record,Exact WVDEP stormwater registration WVR113311 official geographic locator,https://tagis.dep.wv.gov/arcgis/rest/services/WVDEP_enterprise/water_resources/MapServer/2/query?f=json&where=permit_id+%3D+%27WVR113311%27&outFields=*&returnGeometry=true&outSR=4326,West Virginia Department of Environmental Protection,americas_round16_monarch,no-open-license-asserted,West Virginia Department of Environmental Protection,,2026-09-09T04:28:12.448Z,d39a79e149434afa004562175dbdc7dc4efaf5c3e5fa1781946196e219b9641d
56c665a4-7406-5a2e-b355-211ccf6be6c0,"[""context:site_distinctness"",""geometry""]","[""26ebe837-0ec5-5973-a729-656b1b4ce011""]",government_record,Exact Aligned-owned county parcel reference point in WGS84,"https://services5.arcgis.com/zhyAQE7C1EXFJ6bG/ArcGIS/rest/services/Parcels_View/FeatureServer/0/query?objectIds=27692&outFields=OBJECTID,PIN,ONAME,ONAME2&returnGeometry=false&returnCentroid=true&outSR=4326&datumTransformation=1188&f=pjson",Coshocton County GIS,americas_round20_conesville,no-open-license-asserted,Coshocton County GIS,,2026-09-09T06:02:15.840Z,dbc67ef49e570bedcde1443167b4e5d0e7774244430a87aaf2959447e2e34d78
56d56fca-6e6d-5de4-813c-8af6f563f319,"[""context:geometry_identity"",""context:site_distinctness""]","[""0bf81b53-0bf9-551d-807b-16392ea21962""]",government_record,Edison Planning Board case P05-2025 - Iron Mountain property identity,https://cablecast.edisonnj.org/internetchannel/show/3903?site=1,Township of Edison government access station,iron_mountain_us_q2_locator_review,no-open-redistribution-license-asserted,Township of Edison government access station,,2026-09-08T20:08:25Z,ebbb43632bfa7b699d44774f1444ae63068bf9782286d8db5de4c49955da0f15
56eddcf1-c98f-563c-9135-12ba2009edb3,"[""context:geometry_identity"",""context:site_distinctness"",""physical_status""]","[""9563b94b-4d68-5f38-b2b2-ce63346ebbe8""]",company_disclosure,Hut 8 August 4 Beacon Point physical construction update,https://www.hut8.com/news-insights/press-releases/hut-8-reports-second-quarter-2026-results,Hut 8 Corp.,americas_round9_hut8,all-rights-reserved,Hut 8 Corp.,2026-08-04,2026-09-08T23:13:46.969Z,5dd5a6ba19bde75372b8a39ab725d97fbd8429e8369a7f1d14ad47942c3e1b58
57a6ce3d-2c80-55a6-8d88-da3360fa6241,"[""context:geometry_identity"",""context:site_distinctness""]","[""ad57807a-f6b6-55f9-b26f-acd194e12880""]",company_disclosure,Owner binds H5 to exact 4975 NE Starr Boulevard address,https://www.prnewswire.com/news-releases/flexential-secures-strategic-real-estate-ownership-in-hillsboro-oregon-with-acquisition-of-two-data-center-properties-302783801.html,"Flexential, distributed by PR Newswire",americas_round11_flexential_hillsboro5,all-rights-reserved,"Flexential, distributed by PR Newswire",2026-05-28T13:05:00Z,2026-09-09T00:24:06.806Z,26b9539947956005b5ec5e39c12f337f860966e32dbe7a12ebdb54141637c3f3
57a8e965-42f2-5089-b1a1-0d3297d572c3,"[""physical_status""]","[""0bf81b53-0bf9-551d-807b-16392ea21962"",""24911fb6-56e2-5357-a224-8cbd977e2234"",""d83dc321-220b-5c4c-b5af-ff1f4bc19a5d""]",company_disclosure,Iron Mountain Q2 2026 - selected US physical construction rows,https://www.sec.gov/Archives/edgar/data/1020569/000102056926000068/q22026srpfinal.htm,Iron Mountain Incorporated,iron_mountain_q2,all-rights-reserved,Iron Mountain Incorporated,2026-08-05,2026-09-08T19:54:32Z,40c74e89fad0c524afd19bcaaa0254b329c4f871c8f7636383fd20948afff946
583562f6-1d06-596e-81cc-289524fe0c00,"[""context:site_distinctness"",""geometry""]","[""e3f1fc38-bc59-5373-803f-d5c86d817096""]",government_record,Iron Mountain Haarlem official notice marker,https://zoek.officielebekendmakingen.nl/prb-2025-5574/metadata.xml,Province of Noord-Holland / Officiele Bekendmakingen,iron_amsterdam_notice,no-open-redistribution-license-asserted,Province of Noord-Holland / Officiele Bekendmakingen,2025-04-07,2026-09-08T19:54:10Z,bddeb5396dfe5d50b1d0049319fd2153e91b26d40d61c9ba65bd35bc593592c3
58a6add3-9406-50c7-9828-c971000661fe,"[""context:geometry_identity"",""context:site_distinctness""]","[""9fe862f6-ace2-5f5d-9c90-486fa4622982""]",company_disclosure,Nxtra website terms of use,https://www.nxtraafrica.com/privacy,Nxtra Africa,africa_round7_nxtra,all-rights-reserved,Nxtra Africa,,2026-09-08T22:27:55.256Z,ee3603933c7114dbd45c7c3a5b2f964e42360dab80814cd1333ac32ac40701dd
58c85baa-cab9-55dd-b9b1-23bddefda121,"[""context:geometry_identity"",""context:site_distinctness"",""physical_status""]","[""709cd37b-7f3a-5313-b3e2-a18ddc0885ec""]",company_disclosure,CEO reports current Pecos vertical construction,https://www.linkedin.com/posts/adamtsullivan_corescientific-aiinfrastructure-datacenters-activity-7467608574056300546-4pYw,"Adam Sullivan, Core Scientific CEO, on LinkedIn",pecos_round15_primary_review,no-open-redistribution-license-asserted,"Core Scientific, Inc.; Adam Sullivan",2026-06-02T16:10:25Z,2026-09-09T03:38:55Z,43446ece396fb773f22c13b0a75ab3c2f2f9d582a8f4ba2be391d2982a0dbfb3
5914da18-0b4a-5d89-8331-d3470d6f0e06,"[""context:geometry_identity"",""context:site_distinctness""]","[""2f422325-bd08-5072-a93f-dde01520f486""]",government_record,"Central Registry RN111537775, Galaxy Helios I",https://www15.tceq.texas.gov/crpub/index.cfm?fuseaction=regent.validateRE&re_ref_num_txt=RN111537775,Texas Commission on Environmental Quality,expansion_200_us_locator_review,no-open-redistribution-license-asserted,Texas Commission on Environmental Quality,,2026-09-08T19:32:49Z,70dfa09ebe1640a609e8dfac2f930a5be47a125bce0a1eeafb45a68ae1dc7aad
5c2bf655-6b70-536a-9e6d-c511c785c64c,"[""context:site_distinctness"",""geometry""]","[""bdfd522f-2d7e-5d1f-8e00-3c43b462ed27""]",government_record,Official Bucks County Maps and Data Portal organization provenance,https://maps.buckscounty.gov/,Bucks County GIS,expansion_200_us_locator_review,no-open-redistribution-license-asserted,Bucks County GIS,,2026-09-08T19:51:51Z,7b4235c87eaa6bfdca89b7447d06f3a8d947d59041bef640fb1d3e97eb7c6e6d
5cd22b84-8f94-5761-a01b-df911d39ffff,"[""context:site_distinctness"",""geometry""]","[""fc6dd688-fca0-5a7f-a6e9-54f9116607c5""]",openstreetmap,Named Heesung former-factory feature - Nominatim representative point,https://nominatim.openstreetmap.org/search?q=%ED%9D%AC%EC%84%B1%EC%A0%84%EC%9E%90&format=jsonv2&polygon_geojson=1,OpenStreetMap contributors / Nominatim,openstreetmap_nominatim,ODbL-1.0,© OpenStreetMap contributors,,2026-09-08T19:37:00Z,daf9ee2b05579615d67577b8d347b7fa8f66273be196ecd80d0aa14aa7fad7ef
5d210ba7-7bed-513c-b9df-e83041a4e370,"[""context:geometry_identity"",""context:site_distinctness""]","[""24911fb6-56e2-5357-a224-8cbd977e2234""]",company_disclosure,Miami Data Center,https://www.ironmountain.com/data-centers/locations/miami-data-center,Iron Mountain Data Centers,iron_mountain_data_center_location_pages,all-rights-reserved,Iron Mountain Data Centers,,2026-07-20T04:22:16Z,4cd12e16ff73ff3d23b33d70611042821c16d8cab5bba5ac1f2017bbee9cf3d4
5d610955-4108-57db-9274-a65e8fff5ee8,"[""context:geometry_identity"",""context:site_distinctness""]","[""b91d994d-0f59-5ed8-ad74-20e4ba2251f3""]",government_record,Public contract template 6033-00 binds the new substation to the datacenter headquarters campus,https://www.compras.procergs.rs.gov.br/anexos/805071-71a433905d64308ba2c14e1a07c5a3acd866d06cc6f39c98997fa18dacaec4b4,PROCERGS procurement portal,americas_round21_procergs,no-open-license-asserted,PROCERGS procurement portal,,2026-09-09T06:36:59Z,278020eed12fc0ea29cce495688594e7b4bc6e8465d6fe32c0adf68c55e0297f
5dd0cf9d-4dc3-52ad-ba7e-fab8d6990799,"[""context:site_distinctness"",""geometry""]","[""26ebe837-0ec5-5973-a729-656b1b4ce011""]",government_record,Native official Aligned parcel centroid and CRS audit,"https://services5.arcgis.com/zhyAQE7C1EXFJ6bG/ArcGIS/rest/services/Parcels/FeatureServer/0/query?objectIds=27692&outFields=OBJECTID,PIN,ONAME,ONAME2&returnGeometry=true&returnCentroid=true&outSR=3734&f=pjson",Coshocton County GIS,americas_round20_conesville,no-open-license-asserted,Coshocton County GIS,,2026-09-09T05:59:04.080Z,3d173d197e98c73fa45b16186b07ec3b32c0bf9e617e38c52184eeae1d81263e
5e402b3c-c6e3-55e2-8548-1d38bed43866,"[""context:site_distinctness""]","[""762397cd-ffc7-55c2-936e-af38cb8d4d0c""]",government_record,WVDEP news index bounded successor review,https://dep.wv.gov/news/Pages/default.aspx,West Virginia Department of Environmental Protection,americas_round16_monarch,no-open-license-asserted,West Virginia Department of Environmental Protection,,2026-09-09T04:25:08.713Z,2ce1eeed52a95e688008b1e378309824943782605f2a2c7a23a072904c416bf8
5eba487b-88e3-568e-9fb8-623f97928545,"[""context:geometry_identity"",""context:site_distinctness""]","[""95b33a98-a85e-57af-b18d-6811a7fd3b20""]",company_disclosure,NEXTDC KL1 May 14 opening: predecessor scope check,https://www.nextdc.com/news/nextdc-goes-live-with-kl1-kuala-lumpur-launching-strategic-ai-ready-data-centre-in-southeast-asia,NEXTDC Limited,nextdc_official_company_news,all-rights-reserved,NEXTDC Limited,2026-05-14,2026-09-08T21:01:52Z,6ddcceb6824d1774a0c4ee7d25864378717fe18ae6b267e7452171d393633fd7
5f047016-ec93-5efc-826c-f41f7d80c946,"[""context:geometry_identity"",""context:site_distinctness""]","[""0b67b532-d779-5784-bd6d-d7ee124844aa""]",company_disclosure,Chirisa January 2024 Digital Drive expansion relationship,https://chirisatechnologyparks.com/major-150mw-expansion-initiatives-across-the-usa-3/,Chirisa Technology Parks,chesterfield_round14,no-open-redistribution-license-asserted,Chirisa Technology Parks,,2026-09-09T00:30:02.020Z,110f4643f0dc7f6ef0922d636608b96dc333821a0ba63e1a070a093a423f6251
5f1bf174-99c0-55f0-bf94-b496cb6230fb,"[""physical_status""]","[""bdfd522f-2d7e-5d1f-8e00-3c43b462ed27""]",company_disclosure,Falls Township Innovation Campus,https://www.amazoninnovationinpa.com/falls-township-innovation-campus/,Amazon Innovation Campuses in Pennsylvania,amazon_pennsylvania_innovation_campus_site,all-rights-reserved,Amazon Innovation Campuses in Pennsylvania,,2026-07-19T13:39:24Z,7b7671af7d6a5f8a8cc2e3fc4a3eee591fb0077b5d23bc2792454215f7330a12
6096de66-dad6-5326-8155-173cfe6969a4,"[""context:site_distinctness"",""geometry""]","[""64289119-458d-5fc9-bf51-5af6097220eb""]",government_record,Kirkkonummi environmental decision - data-center activity-site reference point,https://kirkkonummi.oncloudos.com/kokous/20241842-11-115303.PDF,Municipality of Kirkkonummi,kirkkonummi_environmental_decisions,no-open-redistribution-license-asserted,Municipality of Kirkkonummi,2024-10-29,2026-09-08T19:09:11Z,94e79d1f2f51b87872d01b59803a62f071806656563c5f4576b491461556097c
60fb2931-eb29-55f1-ad60-626a849a5dac,"[""context:geometry_identity"",""context:site_distinctness""]","[""20ee1eea-91bf-52aa-a464-c4a38d436f9e""]",company_disclosure,Applied Digital filed lease definitions bind PF1 campus to 9663 87th Avenue SE,https://ir.applieddigital.com/sec-filings/all-sec-filings/content/0001493152-25-017609/0001493152-25-017609.pdf,Applied Digital Corporation,americas_round5,no-open-redistribution-license-asserted,Applied Digital Corporation,2025-10-09,2026-09-08T21:48:51Z,bad9611ea0d79f84c9cdcfafcace3bc8ce7dc28719b0bdaba827fd48b9c23d64
615f2604-fa9b-501e-b499-883102ddcfed,"[""context:geometry_identity"",""context:site_distinctness"",""physical_status""]","[""8c926b8f-0190-533b-aa7e-3223971b9e23""]",company_disclosure,Flexential reports its Atlanta-Douglasville facility under construction,https://www.prnewswire.com/news-releases/flexential-secures-800-million-to-fund-data-center-development-across-four-high-growth-markets-302853453.html,"Flexential, distributed by PR Newswire",flexential_douglasville2_round12,all-rights-reserved,"Flexential, distributed by PR Newswire",2026-08-18T13:04:00Z,2026-09-09T00:23:28.443Z,9ebff6124ed797e5d92ac20c409d391c2f2bdf2b165243a16314f44f562eb4d2
625f2b3f-9762-5bc2-8dae-91dae931f413,"[""context:site_distinctness""]","[""fc6dd688-fca0-5a7f-a6e9-54f9116607c5""]",company_disclosure,LG Uplus June29 - Paju remains under construction,https://news.lguplus.com/22175,LG Uplus,lg_uplus_newsroom,all-rights-reserved,LG Uplus,2026-06-29T19:15:08+09:00,2026-09-08T20:09:13Z,b86ea4b3b791acc5902e8681bc87b499b4f6909c27511e55d2ded30e44fbd1e9
63f2e542-6955-59a9-ba0e-6819eb82749a,"[""context:site_distinctness"",""geometry""]","[""1f430ea1-a0e6-5a91-b3e7-3f002b331cf6""]",government_record,DNR DoWORC ATS layer geometry metadata,https://gisdata.in.gov/server/rest/services/Hosted/DOWUnity_ATS_Records_PROD/FeatureServer/0?f=pjson,"Indiana Department of Natural Resources, Division of Water",americas_round4_meta_lebanon,no-open-redistribution-license-asserted,"Indiana Department of Natural Resources, Division of Water",,2026-09-08T21:09:04Z,38e25361b9d94ab82e986d27a170285abad4802f2bb1400492a3257abf3eb35d
649edbaf-a971-56f7-93c0-ea2569188d14,"[""context:geometry_identity"",""context:site_distinctness"",""geometry""]","[""3e074273-f5f7-5785-ab10-232a5ebd5c6b"",""9563b94b-4d68-5f38-b2b2-ce63346ebbe8""]",company_disclosure,Hut 8 platform list binds named campuses to map locations,https://www.hut8.com/our-platform,Hut 8 Corp.,americas_round9_hut8,all-rights-reserved,Hut 8 Corp.,,2026-09-08T23:14:16.902Z,90ed067c4fb5f3998d9528e70a84ab1b6c24414084a00c42abfa432c855a3a19
64c55c1e-635d-5e2f-ad72-151398b719a5,"[""context:geometry_identity"",""context:site_distinctness""]","[""3e074273-f5f7-5785-ab10-232a5ebd5c6b"",""9563b94b-4d68-5f38-b2b2-ce63346ebbe8""]",company_disclosure,Hut 8 website rights notice,https://www.hut8.com/terms,Hut 8 Corp.,americas_round9_hut8,all-rights-reserved,Hut 8 Corp.,,2026-09-08T23:21:23.834Z,baa8e25485074c69867e1eb23cff4111b0c36a3908b332ae1134644331b03549
679a7d39-e811-5c81-83c5-4ef3caff29c6,"[""context:geometry_identity"",""context:site_distinctness"",""geometry""]","[""95b33a98-a85e-57af-b18d-6811a7fd3b20""]",openstreetmap,OpenStreetMap KL1 building: exact operator/code/address tags,https://api.openstreetmap.org/api/0.6/way/1026603690/full.json,OpenStreetMap contributors / Nominatim,openstreetmap_api,ODbL-1.0,© OpenStreetMap contributors,,2026-09-08T21:02:55Z,9383a0132c863b7ea154b578fc519cd7b18ce4ff879692cf1950957f47430a86
681761fe-09c6-5f22-b508-1e20945f632d,"[""physical_status""]","[""825dd9ee-ffe9-525e-8d9f-ec8e370d9944"",""e3f1fc38-bc59-5373-803f-d5c86d817096""]",company_disclosure,Q2 2026 Supplemental Financial Information - construction rows,https://www.sec.gov/Archives/edgar/data/1020569/000102056926000068/q22026srpfinal.htm,Iron Mountain Incorporated,iron_mountain_q2,all-rights-reserved,Iron Mountain Incorporated,2026-08-05,2026-09-08T19:54:32Z,40c74e89fad0c524afd19bcaaa0254b329c4f871c8f7636383fd20948afff946
688470de-c2fd-561a-93c3-5b4b00bcf981,"[""context:geometry_identity"",""context:site_distinctness"",""geometry""]","[""3e074273-f5f7-5785-ab10-232a5ebd5c6b""]",company_disclosure,River Bend named operator record and coordinate,https://www.hut8.com/data-centers/river-bend,Hut 8 Corp.,americas_round9_hut8,all-rights-reserved,Hut 8 Corp.,,2026-09-08T23:14:35.204Z,7ad7e581a19a08906a59e4d784587bd390cd0a620dc3d0566ddd0c5f905a529f
68bba6b3-26b0-50d9-929f-570e39728681,"[""context:geometry_identity"",""context:site_distinctness"",""geometry""]","[""9563b94b-4d68-5f38-b2b2-ce63346ebbe8""]",company_disclosure,Beacon Point named operator record and coordinate,https://www.hut8.com/data-centers/beacon-point,Hut 8 Corp.,americas_round9_hut8,all-rights-reserved,Hut 8 Corp.,,2026-09-08T23:14:35.588Z,3535040f7761f2494fff88da0e16b5c60cfc1d3fdfe5a092bf1d2fd56847139b
68deddc0-6e5e-534b-9d8e-f747f3b58f3d,"[""context:geometry_identity"",""context:site_distinctness""]","[""be6d721d-f632-5c86-a057-78774604bc6c""]",government_record,Goodman environmental inquiry at Tremblay-en-France,https://www.seine-saint-denis.gouv.fr/Actions-de-l-Etat/Environnement-risques-et-nuisances/1-Installations-classees-pour-la-protection-de-l-environnement/Installations-a-autorisation/Autorisations-environnementales/GOODMAN-AUTORISATION-ENVIRONNEMENTALE-a-Tremblay-en-France/Demande-d-autorisation-environnementale-Societe-GOODMAN-a-Tremblay-en-France,Prefecture of Seine-Saint-Denis,seine_saint_denis_environmental_inquiries,no-open-redistribution-license-asserted,Prefecture of Seine-Saint-Denis,,2026-09-08T19:24:22Z,bd44623cd2260896b4611541618f84ace52a62db6d747b4155b5df3eed34ad35
6946a0b0-a9de-530f-8cea-5f0477b9bd7c,"[""context:site_distinctness"",""geometry""]","[""12407b2e-a44d-5c8d-aa62-c7b64045e20f""]",government_record,Exact Cass County APLD FAR-01 parcel native-coordinate cross-check,"https://gisweb.casscountynd.gov/arcgis/rest/services/OpenData/OpenData/FeatureServer/7/query?where=GISPIN%3D%2775000000120020%27&outFields=OBJECTID,GISPIN,Name,PropertyAddress&returnGeometry=true&f=pjson",Cass County North Dakota,americas_round5,public-domain-per-Cass-County-item-policy,Cass County North Dakota,,2026-09-08T21:46:13Z,cf87f41e67a768d3b120a4ae87b47f2a5a0a6e5fa7604e8d8519193a50ec851c
69ecb4cd-be02-55fa-b978-732f307eeb00,"[""context:site_distinctness"",""geometry""]","[""0bf81b53-0bf9-551d-807b-16392ea21962"",""24911fb6-56e2-5357-a224-8cbd977e2234"",""2f422325-bd08-5072-a93f-dde01520f486"",""d83dc321-220b-5c4c-b5af-ff1f4bc19a5d""]",government_record,Census Geocoder FAQ - source NAD83 datum and address-range interpolation,https://www2.census.gov/geo/pdfs/maps-data/data/FAQ_for_Census_Bureau_Public_Geocoder.pdf,U.S. Census Bureau,us_census_geocoder_coordinate_reference_system,no-open-redistribution-license-asserted,U.S. Census Bureau,,2026-09-08T20:18:18Z,13a8ca9f7395daf53e0c06344dd2f1ed28bc6806ab0625b3410eba7e280db169
69f903c5-00c1-557f-a61e-d7eaadb9ad04,"[""context:site_distinctness"",""geometry""]","[""ad5f9b2b-80bf-5580-92f2-0f53473c882d""]",company_disclosure,NEXTDC M2 official contact entry: destination point,https://www.nextdc.com/contact,NEXTDC Limited,nextdc_official_campus_locator,all-rights-reserved,NEXTDC Limited,,2026-09-08T20:46:45Z,a0f41425492c1b34f30399d2e6192ea6b59f0031f3b0e503a2210a7df7673893
6a2528f8-0fe9-5228-b86c-1e1791dbf3df,"[""context:site_distinctness""]","[""100cf064-1cae-5dba-a4d9-6c4ae35152ec""]",company_disclosure,EFHD September 4 notice: later non-exclusive lease negotiations,https://www.ef-hd.com/wp-content/uploads/2026/09/2026090401_1ef.pdf,"Environmentally Friendly Holdings Co., Ltd.",efhd_official_company_disclosure,all-rights-reserved,"Environmentally Friendly Holdings Co., Ltd.",2026-09-04,2026-09-08T21:43:24.828Z,c483b17460fa2c16f9a1ea2f1945075b2b54362e02902a4ba95894eb6bb3c520
6b75b539-7052-581e-8917-705f59bcc673,"[""context:site_distinctness"",""geometry""]","[""762397cd-ffc7-55c2-936e-af38cb8d4d0c""]",government_record,WVDEP offers public location services and downloadable open-data categories,https://dep.wv.gov/Data/Pages/default.aspx,West Virginia Department of Environmental Protection,americas_round16_monarch,no-open-license-asserted,West Virginia Department of Environmental Protection,,2026-09-09T04:25:07.721Z,164da960ac48948a86548110170448f6167d16b5b42443d4bdc27fe667d36484
6bc49137-7fe1-543d-aeaa-883824ff4cdb,"[""context:site_distinctness"",""geometry""]","[""9217888a-3e78-5b75-ac86-bd32ef026084""]",openstreetmap,OpenStreetMap documents raw node coordinates in WGS84 degrees,https://wiki.openstreetmap.org/wiki/Node,OpenStreetMap Wiki contributors,europe_mena_round10_expansion_asia,CC-BY-SA-2.0,OpenStreetMap Wiki contributors,,2026-09-08T23:50:03.516Z,653ad9925feb7a66eff53fb6d5e78d4eb6ff7e17e106950f2ba94b2ff3663c6e
6c64af1f-287f-5513-b5aa-839345350a23,"[""context:site_distinctness"",""geometry""]","[""a1390e66-5b95-568b-869b-b9413c56f8ce""]",openstreetmap,OpenStreetMap documents node coordinates in WGS84 degrees,https://wiki.openstreetmap.org/wiki/Node,OpenStreetMap Wiki contributors,europe_mena_round12_expansion_asia,CC-BY-SA-2.0,OpenStreetMap Wiki contributors,,2026-09-09T03:14:04Z,7c05ae08ae11ea5aa14869c73e701d713f9411b64df333f250a5ef90847c5946
6e382919-caa3-5a97-bed0-c5095134c155,"[""context:site_distinctness""]","[""ad57807a-f6b6-55f9-b26f-acd194e12880""]",company_disclosure,Flexential issuer index: bounded H5 successor check,https://www.prnewswire.com/news/flexential/,"Flexential, distributed by PR Newswire",americas_round11_flexential_hillsboro5,all-rights-reserved,"Flexential, distributed by PR Newswire",,2026-09-09T00:29:50.544Z,2edfad3b07904570fb3fadcdbc9a0f47777ee338d510c0f6455a18f116388ba8
6f5998c2-9dbf-5f11-b3ec-dda1be0c3e7f,"[""context:site_distinctness""]","[""0b67b532-d779-5784-bd6d-d7ee124844aa"",""f3cc5dc7-9547-517f-94aa-89e0769f2bf8""]",government_record,County Data Center Status July 2026 map,https://www.chesterfield.gov/DocumentCenter/View/48245/Data-Center-Map-July-2026-PDF,Chesterfield County,chesterfield_round14,no-open-redistribution-license-asserted,Chesterfield County,,2026-09-09T00:19:02Z,1b10fac9beaa042dd12673f7c85a94f5976047e72b71f5a6e0fdced0ceead259
6f691578-9fb0-5ad7-a934-536f5acab3a5,"[""context:geometry_identity"",""context:site_distinctness"",""physical_status""]","[""100cf064-1cae-5dba-a4d9-6c4ae35152ec""]",company_disclosure,EFHD June 19 funding-use disclosure: Phase I physical works progressing,https://www.ef-hd.com/wp-content/uploads/2026/06/2026061901_1ef.pdf,"Environmentally Friendly Holdings Co., Ltd.",efhd_official_company_disclosure,all-rights-reserved,"Environmentally Friendly Holdings Co., Ltd.",2026-06-19,2026-09-08T21:36:59.490Z,d3002db6f7c530e8829b13536aa82817a5f2397192f4af0fdb7bae060a352e28
703b0113-cf4f-52e7-aaef-1911d887ad00,"[""context:geometry_identity"",""context:site_distinctness""]","[""762397cd-ffc7-55c2-936e-af38cb8d4d0c""]",government_record,Applicant filing identifies one Point Pleasant campus with power generation and three data centers,https://apps.dep.wv.gov/Documents/DAQ/NSRPermits/053-00136/Draft/053-00136_APPLICATION_R14-0042.pdf,Monarch Cloud Campus LLC / Environmental Resources Management; hosted by WVDEP,americas_round16_monarch,no-open-license-asserted,Monarch Cloud Campus LLC / Environmental Resources Management; hosted by WVDEP,2026-04-20,2026-09-09T04:19:00.057Z,c659c703fc28d9b11330feeabf8f0931fb5f80b8d111e8d95098042c28e69271
7119195b-d4e0-5478-b914-14434bd195fd,"[""context:geometry_identity"",""context:site_distinctness"",""physical_status""]","[""8dbc82d0-1a4d-5d8e-955e-c5e4973ea19e""]",company_disclosure,Flexential reports its Denver-Parker facility currently under construction,https://www.prnewswire.com/news-releases/flexential-secures-800-million-to-fund-data-center-development-across-four-high-growth-markets-302853453.html,"Flexential, distributed by PR Newswire",americas_round11_flexential_parker,all-rights-reserved,"Flexential, distributed by PR Newswire",2026-08-18T13:04:00Z,2026-09-09T00:23:28.443Z,9ebff6124ed797e5d92ac20c409d391c2f2bdf2b165243a16314f44f562eb4d2
71729da3-709d-5d60-9d2f-ad3d3a0c9588,"[""context:geometry_identity"",""context:site_distinctness""]","[""5b52a118-2f46-5f43-b308-a3237e99e065""]",company_disclosure,Ascenty Sumaré campus constituent identity,https://ascenty.com/wp-content/uploads/2023/01/Folder_Ascenty-Campus-Sumare-EN.pdf,Ascenty,regions_round8_ascenty_sumare,all-rights-reserved,Ascenty,,2026-09-08T22:40:54.810Z,f4d494dcee8eec4d311101af6d91baa0c9bd7477d6f4efe8acb8ac632b53dc56
71e329e6-eaa7-5cff-8740-459fd32d5449,"[""context:site_distinctness"",""geometry""]","[""bf8d11a2-72a6-500d-a532-98fb73958c84""]",government_record,CartoCiudad official address point - Calle Mar Egeo 4,https://www.cartociudad.es/geocoder/api/geocoder/candidates?q=Calle%20Mar%20Egeo%204%20San%20Fernando%20de%20Henares&limit=5,Instituto Geografico Nacional / Centro Nacional de Informacion Geografica,ign_cartociudad,no-open-redistribution-license-asserted,Instituto Geografico Nacional / Centro Nacional de Informacion Geografica,,2026-09-08T20:11:01Z,ac97dd7e8bc804c442b4aab120135db863b7a97ca2a63dce065ae9ae16d08ba7
726e53b5-7980-5ea7-8db7-92d98312aaf8,"[""context:geometry_identity"",""context:site_distinctness""]","[""c1016e49-7b45-52ff-8938-0bd01e78a7ad""]",company_disclosure,Operator magazine page links exact 2026 issue PDF,https://www.dvz-mv.de/kundenmagazin,DVZ M-V GmbH,europe_round5_dvz_schwerin,no-open-license-asserted,DVZ M-V GmbH,,2026-09-08T22:01:05Z,5e660fcca111af86cff1be1e9b9305be19a5c66d265dff802b60d281f5b55723
72739606-2eef-5f8a-806f-a40125ff7fd0,"[""context:geometry_identity"",""context:site_distinctness""]","[""9217888a-3e78-5b75-ac86-bd32ef026084""]",company_disclosure,Portus MUC2 page retains future service delivery and current construction narrative,https://www.portusdatacenters.com/our-data-centers/munich/muc2/,Portus Data Centers,europe_mena_round10_expansion_asia,no-open-license-asserted,Portus Data Centers,,2026-09-08T23:44:21.493Z,b0e5720d7524c7d6d53bd23c760928c8fee278d8faee7203ae9117766ef1820a
737fa221-0693-5a70-b517-e83b13ba1b16,"[""context:geometry_identity"",""context:site_distinctness""]","[""b7744ad5-aa48-5977-a70e-3d6a588f468d""]",company_disclosure,Applied Digital annual filing DF1 successor and campus identity check,https://ir.applieddigital.com/sec-filings/all-sec-filings/content/0001144879-26-000048/apld-20260531.htm,Applied Digital Corporation,americas_round5_df1_followup,no-open-redistribution-license-asserted,Applied Digital Corporation,2026-07-29,2026-09-08T22:10:37Z,d9db165af50a9eab28e9681d8cacfeb20ce7d027a7fb46da1ecbed654ca84e25
73bfac37-2316-515a-bae1-3bfb4d24c292,"[""context:geometry_identity"",""context:site_distinctness"",""physical_status""]","[""b91d994d-0f59-5ed8-ad74-20e4ba2251f3""]",government_record,Procergs July 2026 physical report records ongoing construction of its new substation,https://www.procergs.rs.gov.br/upload/arquivos/202608/20132929-aporte2025-prestacaocontas-jul2026.pdf,PROCERGS — Rio Grande do Sul,americas_round21_procergs,no-open-license-asserted,PROCERGS — Rio Grande do Sul,,2026-09-09T06:31:56Z,ddd67d5ead6df020b7bfd285f58c4ff9ab9bd5050bac014a868652dd7e0c6788
740555a3-7826-5874-98c5-fd0e532c3b7b,"[""context:site_distinctness"",""geometry""]","[""f2b93d1a-7c33-5a9e-be4d-f7d0dadec047""]",government_record,Indiana Geographic Information Office parcel service provenance and CRS,https://gisdata.in.gov/server/rest/services/Hosted/Parcel_Boundaries_of_Indiana_Current/FeatureServer?f=pjson,Indiana Geographic Information Office and Indiana local governments,americas_round4_microsoft_la_porte,no-open-redistribution-license-asserted,Indiana Geographic Information Office and Indiana local governments,,2026-09-08T20:52:18Z,8222743e401e905cc5ca99f997e9fd813c89f18299075899af6e0e8e16439da3
7676427f-a61d-547c-a3f8-d91a734ebccd,"[""context:site_distinctness"",""geometry""]","[""1f430ea1-a0e6-5a91-b3e7-3f002b331cf6""]",government_record,DNR exact FW-33468-0 permit-reference point in WGS84,https://gisdata.in.gov/server/rest/services/Hosted/DOWUnity_ATS_Records_PROD/FeatureServer/0/query?where=folder_id%3D%27FW-33468-0%27&outFields=*&f=pjson&returnGeometry=true&outSR=4326,"Indiana Department of Natural Resources, Division of Water",americas_round4_meta_lebanon,no-open-redistribution-license-asserted,"Indiana Department of Natural Resources, Division of Water",,2026-09-08T21:09:15Z,6f571ea5932d8b2668ba5f0af05297b3e06fcd5514375851a941b090f09da2a3
76d38281-9d42-56ad-9a1c-189b5ef7c207,"[""context:geometry_identity"",""context:site_distinctness""]","[""2c3a5bbe-3573-5abe-98dc-8d8312b0a586"",""d2e988cd-e878-5061-817e-0c1cda87f372""]",company_disclosure,"Bulk dates the Q2 report announcement July 16, 2026",https://bulkinfrastructure.com/about-us/investor-relations,Bulk Infrastructure Group AS,europe_round22_bulk,no-open-license-asserted,Bulk Infrastructure Group AS,2026-07-16,2026-09-09T07:06:19Z,00f32e38c155ea9a24a05dccc9db4a612d3543598d522ac03936483261eee9f0
775b9c7f-c872-5be7-b534-d5d75d5c87fd,"[""context:geometry_identity"",""context:site_distinctness""]","[""3761e59a-fe39-523d-83a6-9fbfa9feec85""]",government_record,NEXTDC S4 application: exact site address and cadastral identity,https://majorprojects.planningportal.nsw.gov.au/prweb/PRRestService/mp/01/getContent?AttachRef=SSD-63741210%2120250903T043141.039+GMT,"NSW Planning Portal, applicant NEXTDC Limited",nsw_major_projects_applicant_documents,third-party-applicant-material-no-open-redistribution-asserted,NEXTDC Limited application published through the NSW Planning Portal,,2026-09-08T20:47:55Z,259d31b553261017e3d8ff7edf88c9acc02aa0e6580d076fdfeed53586629f10
77ce34d0-dde3-553d-906b-ca13e7c339fd,"[""context:site_distinctness"",""geometry""]","[""b4349487-1879-5b90-9064-d1b86cb49850""]",openstreetmap,OSM node documentation defines latitude and longitude in WGS84,https://wiki.openstreetmap.org/wiki/Node,OpenStreetMap contributors,europe_round18_greenergy_huuru,no-open-license-asserted,OpenStreetMap contributors,,2026-09-09T04:59:52.283Z,990fd845fdfc40181881afbe628e14e486597549cd496175061de6366013c89b
77dc8de7-b028-5897-b0d6-072bc8a1c922,"[""context:geometry_identity"",""context:site_distinctness"",""geometry""]","[""e62026de-3394-51f7-8823-44ee0da1801c""]",company_disclosure,"CapitaLand Data Centre, Mumbai 01 - official property-page map point",https://www.capitaland.com/en/find-a-property/global-property-listing/data-centres/capitaland-s-datacentrenavimumbai1.html,CapitaLand,capitaland_official_property_pages,all-rights-reserved,CapitaLand,,2026-09-08T18:28:04Z,07d35973f72892883a63d699f408c3ad128aee8df088134bb5528636e88659ee
786fc8a6-df78-5a81-91bd-ab8f60443243,"[""context:geometry_identity"",""context:site_distinctness"",""geometry""]","[""ea847e06-abc6-5935-ad21-a3c0adbec711""]",company_disclosure,"CapitaLand Data Centre, Hyderabad 01 - official property-page map point",https://www.capitaland.com/en/find-a-property/global-property-listing/data-centres/capitaland-data-centreitphhyderabad.html,CapitaLand,capitaland_official_property_pages,all-rights-reserved,CapitaLand,,2026-09-08T18:28:04Z,b837112d31778cd0dc5dedf15ae87c94aa67dcfb414cd5463057f6552e0f6f19
7af69c5c-2f00-5ead-ab9e-66b67a60b797,"[""context:geometry_identity"",""context:site_distinctness"",""physical_status""]","[""05033935-bf13-5754-a9af-25c96ea1b473""]",company_disclosure,Contractor confirms Schwalbach foundation ceremony and started construction,https://datacenter-group.com/de/news-stories/artikel/grundstein-fuer-neues-rechenzentrum-gelegt/,Data Center Group,europe_round5_noris_schwalbach,no-open-license-asserted,Data Center Group,2026-06-10,2026-09-08T21:43:45Z,4a121025fa058a048d0e22bf8772303b838166832e9afaa475624133ed1c2368
7b52ba23-d027-54d2-9dc8-998a8c792c8e,"[""context:site_distinctness"",""geometry""]","[""0b67b532-d779-5784-bd6d-d7ee124844aa"",""f3cc5dc7-9547-517f-94aa-89e0769f2bf8""]",company_disclosure,ArcGIS documented polygon-centroid query semantics,https://developers.arcgis.com/rest/services-reference/enterprise/query-feature-service-layer/,Esri,chesterfield_round14,all-rights-reserved,Esri,,2026-09-09T03:06:38Z,f14f0237847890c32cad85dec32cd039942802dd3783fc64b2baf36066f6bf74
7c4cadfb-e968-5939-b44f-f8450b1e9389,"[""context:site_distinctness"",""geometry""]","[""c4ffa53e-bb43-5af1-9e07-aa5045ea480b""]",government_record,Official Toronto OAR catalogue: point semantics and resource identity,https://ckan0.cf.opendata.inter.prod-toronto.ca/api/3/action/package_show?id=address-points-municipal-toronto-one-address-repository,City of Toronto,americas_africa_round10_etobicoke,Open Government Licence - Toronto,City of Toronto,,2026-09-08T23:52:02.841Z,948e76c3c012f4a63e58e5cbf9b5a224a9685c7288b4f9fc56058127ab1a55ea
7cb57482-543c-518d-847c-383a1062dfda,"[""context:site_distinctness"",""geometry""]","[""5bfb4ad8-a8f4-5937-9242-a96f9292c385""]",openstreetmap,Nominatim documents its returned object-centroid fields,https://nominatim.org/release-docs/latest/api/Output/,Nominatim project,europe_round15_csc_lumi_ai,no-open-license-asserted,Nominatim project,,2026-09-09T03:14:03Z,2b22abff55df61794873a6648149a09a46262c4f409578cb8d6823de3d6b5f7e
7df45990-aacd-5519-86c7-0f3d4a2bee4a,"[""context:site_distinctness"",""geometry""]","[""762397cd-ffc7-55c2-936e-af38cb8d4d0c""]",government_record,Official AllPermits water-resources layer metadata,https://tagis.dep.wv.gov/arcgis/rest/services/WVDEP_enterprise/water_resources/MapServer/2?f=pjson,West Virginia Department of Environmental Protection,americas_round16_monarch,no-open-license-asserted,West Virginia Department of Environmental Protection,,2026-09-09T04:18:48.294Z,1801a1fdfdf7f7651a9db885aec26d9c6377f20906424efdcf50e411633a9665
7df9c542-8a3d-5c86-815b-d46943c70555,"[""context:site_distinctness"",""geometry""]","[""0b67b532-d779-5784-bd6d-d7ee124844aa""]",government_record,Digital Drive exact-feature geometry verification,https://services3.arcgis.com/TsynfzBSE6sXfoLq/ArcGIS/rest/services/Cadastral_ProdA/FeatureServer/3/query,Chesterfield County GIS,chesterfield_round14,CC0-1.0,Data retrieved from Chesterfield County GIS Data Catalog.,,2026-09-09T03:09:41Z,ade1ae54c4c00f5828157ff608eba66970545a85edd8cb066730ee11848335fe
7eb64492-dd9b-5825-914e-9f6ce65ec933,"[""context:site_distinctness""]","[""bf8d11a2-72a6-500d-a532-98fb73958c84""]",government_record,CartoCiudad legal notice - publisher and attribution,https://www.cartociudad.es/web/portal/aviso-legal,Instituto Geografico Nacional / Centro Nacional de Informacion Geografica,ign_cartociudad,no-open-redistribution-license-asserted,Instituto Geografico Nacional / Centro Nacional de Informacion Geografica,,2026-09-08T20:12:21Z,40000801d4e552fae975f5c11252d67b4d3a9aeafc019ada4398887008c7e7b5
7f15b727-7dba-5482-ab95-8b2660221d71,"[""context:site_distinctness"",""geometry""]","[""bf8d11a2-72a6-500d-a532-98fb73958c84""]",government_record,CartoCiudad FAQ - service reference system,https://www.cartociudad.es/web/portal/faq,Instituto Geografico Nacional / Centro Nacional de Informacion Geografica,ign_cartociudad,no-open-redistribution-license-asserted,Instituto Geografico Nacional / Centro Nacional de Informacion Geografica,,2026-09-08T20:11:50Z,b209e9ac02590463301d18aaa9b5699adfb286ee4ebd3600d4f7a586e1c17901
7f727918-3a09-5c27-9864-873c3e7416c6,"[""context:geometry_identity"",""context:site_distinctness""]","[""762397cd-ffc7-55c2-936e-af38cb8d4d0c""]",company_disclosure,Nscale names the Monarch campus in Mason County,https://www.nscale.com/ai-infrastructure/monarch,Nscale Limited,americas_round16_monarch,all-rights-reserved,Nscale Limited,,2026-09-09T04:17:17.383Z,48140a65bd49f5439811d392de01fc3f01d4d5096f4514e699c7c07d06dbe941
803fc201-cc51-5950-bec1-84f1b0cc79d4,"[""context:site_distinctness"",""geometry""]","[""5b52a118-2f46-5f43-b308-a3237e99e065""]",company_disclosure,Digital Realty SUM01 coordinate trace step 1,https://www.digitalrealty.com/_next/static/chunks/pages/%5B%5B...slug%5D%5D-8021e6fa0c539442.js,Digital Realty,regions_round8_ascenty_sumare,all-rights-reserved,Digital Realty,,2026-09-08T22:42:03.457Z,4b7a83716d883ffca50d98c2b726d8a02835c8efec10244e4bcd1eb31baf26d8
8160cb27-748e-5492-98b1-ca1cd6de473e,"[""context:geometry_identity"",""context:site_distinctness""]","[""3761e59a-fe39-523d-83a6-9fbfa9feec85"",""8a5fbd17-48b6-5484-8c37-ce406068bf3e"",""ad5f9b2b-80bf-5580-92f2-0f53473c882d"",""c789668b-ecf3-53b2-b23c-44151e199317""]",company_disclosure,NEXTDC FY26 presentation: physical construction and in-progress definition,https://www.nextdc.com/hubfs/Financial%20Reports/FY26/NEXTDC%20FY26%20Results%20Presentation.pdf,NEXTDC Limited,nextdc_official_financial_reporting,all-rights-reserved,NEXTDC Limited,2026-08-27,2026-09-08T20:45:27Z,4cb87fe19f96f70ccd8097cc7a3ceb39e8bcfe19e87d6d674aee0e8a9369a2d4
816746dd-9748-5937-8412-65422ee24556,"[""context:site_distinctness"",""geometry""]","[""1404f5cd-04ee-57ea-8f73-91992fea0552"",""337ace90-652d-52fe-a856-fe9b04b5966f""]",openstreetmap,OpenStreetMap attribution and ODbL terms,https://www.openstreetmap.org/copyright,OpenStreetMap Foundation,meta_round10_independent_review,CC-BY-SA-2.0,OpenStreetMap Foundation,,2026-09-08T23:52:00Z,6fb8c3041dd598f5d63befa6ef01badc313abbb41f76431e374eafb72723fac0
832dc37a-5254-5be4-b0c9-4b4b24fcd3e9,"[""context:geometry_identity"",""context:site_distinctness"",""physical_status""]","[""c9b6bff7-09a3-599b-9c8c-49243461c0fb""]",company_disclosure,Builder's dated Laufenburg excavation and foundation update,https://www.erne-gruppe.ch/de/bauprojekte/neubau-flexbase-technologiezentrum-laufenburg/,ERNE Gruppe,europe_round5_flexbase,no-open-license-asserted,ERNE Gruppe,2026-06-18,2026-09-08T21:56:20Z,94195a277ef805904cf8942f196e4d467c9b3d777a97b2d2bcd17766c0d307a1
83564720-35f4-5704-a990-e42a65961f0e,"[""context:site_distinctness"",""geometry""]","[""5bfb4ad8-a8f4-5937-9242-a96f9292c385""]",openstreetmap,OpenStreetMap documents node coordinates in WGS84 degrees,https://wiki.openstreetmap.org/wiki/Node,OpenStreetMap Wiki contributors,europe_round15_csc_lumi_ai,CC-BY-SA-2.0,OpenStreetMap Wiki contributors,,2026-09-09T03:14:04Z,7c05ae08ae11ea5aa14869c73e701d713f9411b64df333f250a5ef90847c5946
83778051-dfa9-5622-8ce5-2a1790888540,"[""context:geometry_identity"",""context:site_distinctness""]","[""5bfb4ad8-a8f4-5937-9242-a96f9292c385""]",company_disclosure,Construction of the LUMI-AI data center in full swing,https://csc.fi/en/blog/construction-of-the-lumi-ai-data-center-in-full-swing/,CSC – IT Center for Science Ltd.,europe_round15_csc_lumi_ai,no-open-license-asserted,CSC – IT Center for Science Ltd.,2026-03-17T13:39:40Z,2026-09-09T03:39:21Z,a152b3d463ef8f775544a35abc4e4a22f472a1ada0b4007f0a9c68db2feba3fb
8407e7ee-8aad-57dc-a470-545c98e883eb,"[""context:geometry_identity"",""context:site_distinctness"",""physical_status""]","[""12407b2e-a44d-5c8d-aa62-c7b64045e20f""]",company_disclosure,Applied Digital fiscal fourth-quarter 2026 operational update - Polaris Forge 2,https://ir.applieddigital.com/news-events/press-releases/detail/159/applied-digital-reports-fiscal-fourth-quarter-and-full-year,Applied Digital Corporation,americas_round5,no-open-redistribution-license-asserted,Applied Digital Corporation,2026-07-27,2026-09-08T21:38:05Z,4595c173b9adad5bf1f4e071a8181301058cca4afb318f9e9b081122643b2db8
843db8e1-a763-56df-9e6d-d982efb9018c,"[""context:geometry_identity"",""context:site_distinctness"",""geometry""]","[""8a5fbd17-48b6-5484-8c37-ce406068bf3e""]",openstreetmap,OpenStreetMap way1225879499: S3 exact operator/address bridge,https://api.openstreetmap.org/api/0.6/way/1225879499/full.json,OpenStreetMap contributors / Nominatim,openstreetmap_api,ODbL-1.0,© OpenStreetMap contributors,,2026-09-08T20:48:52Z,3762dbb6e52880e7b8c117fb345a48778c2c889ac34dc3c90c64e3a89ee1888c
852cb417-743a-58d6-b898-3817ba6c8e38,"[""context:site_distinctness""]","[""8c926b8f-0190-533b-aa7e-3223971b9e23""]",company_disclosure,D2 bounded issuer index successor check,https://www.prnewswire.com/news/flexential/,"Flexential, distributed by PR Newswire",flexential_douglasville2_round12,no-open-redistribution-license-asserted,"Flexential, distributed by PR Newswire",,2026-09-09T00:29:50.544Z,2edfad3b07904570fb3fadcdbc9a0f47777ee338d510c0f6455a18f116388ba8
86f45bc6-05ec-50f5-bfee-bdcfcac3b59c,"[""context:site_distinctness"",""geometry""]","[""0b67b532-d779-5784-bd6d-d7ee124844aa""]",government_record,County-generated centroid of exact Digital Drive property,https://services3.arcgis.com/TsynfzBSE6sXfoLq/ArcGIS/rest/services/Cadastral_ProdA/FeatureServer/3/query,Chesterfield County GIS,chesterfield_round14,CC0-1.0,Data retrieved from Chesterfield County GIS Data Catalog.,,2026-09-09T03:08:42Z,a01085a47aa4883ff5b0dddd1337558d7df2a2b00a89d2a7c1d1a009a48750a7
873a0c1d-1e8a-55f6-81ab-db5d75aa832e,"[""context:site_distinctness"",""geometry""]","[""3e074273-f5f7-5785-ab10-232a5ebd5c6b"",""9563b94b-4d68-5f38-b2b2-ce63346ebbe8""]",company_disclosure,RFC 7946 GeoJSON coordinate reference system,https://datatracker.ietf.org/doc/html/rfc7946,IETF Trust,americas_round9_hut8,IETF-Trust-Legal-Provisions,IETF Trust,,2026-09-08T23:20:45.353Z,bcaa061faa3f2f3eec2a5846b01e6986a6aacf7fa64c2e88f74fb02d260a1adf
874d0ee1-67d9-5eb2-9ee8-20ddb1757724,"[""physical_status""]","[""447b19d9-b89b-59a6-9931-824aa1781fb0""]",company_disclosure,Goodman FY26 Results - LAX01 current development,https://www.goodman.com/-/media/project/goodman/global/files/investor-centre/gmg-goodman-group/announcements/asx-announcements/2026/4-full-year-results-presentation-5.pdf?rev=ac56d4e1f3444d309bbefa27304c7da1,Goodman Group,goodman_group_investor_presentations,all-rights-reserved,Goodman Group,2026-08-19,2026-09-08T18:38:25Z,892c9d069276912a13d2ff100ff3260b1c2d26874693d644e0d34dce3a7d809d
87c36986-7d24-543f-a0dd-231dc0bacb1a,"[""context:geometry_identity"",""context:site_distinctness""]","[""b7744ad5-aa48-5977-a70e-3d6a588f468d""]",government_record,LDEQ AI250709 inspection-clearance and owner/contractor response package,https://media.kingfish.la/2026/08/ldeq-ai250709-memo.pdf?ref=kingfish.la,Louisiana DEQ / Applied Digital / W. G. Yates; publicly rehosted by Kingfish,americas_round5_df1_followup,no-open-redistribution-license-asserted,Louisiana DEQ / Applied Digital / W. G. Yates; publicly rehosted by Kingfish,2026-06-25,2026-09-08T22:08:35Z,fab1de08a44d8a047b871b3ddeb5b3ba32549fcc3763b97c6e3786c0bf213d4b
8901211b-3f8a-5642-a758-b0669677be8d,"[""context:geometry_identity"",""context:site_distinctness""]","[""9217888a-3e78-5b75-ac86-bd32ef026084""]",company_disclosure,Portus download page binds the external MUC1 certificate to the operator,https://www.portusdatacenters.com/downloads/,Portus Data Centers,europe_mena_round10_expansion_asia,no-open-license-asserted,Portus Data Centers,,2026-09-08T23:47:52.912Z,73e2be15b33df56f44b27067d9e1c2858ca7ee7b55b7f3bb678e11a8935a9fd2
892c8445-2e50-5df3-b6a3-cb78285accd2,"[""context:site_distinctness"",""geometry""]","[""b4349487-1879-5b90-9064-d1b86cb49850""]",openstreetmap,OSM exact named Greenergy enclosure with address and operator website,https://api.openstreetmap.org/api/0.6/way/1043819046/full.json,OpenStreetMap contributors,europe_round18_greenergy_huuru,ODbL-1.0,OpenStreetMap contributors,,2026-09-09T04:58:23.014Z,0c6c8eaff6ac2a3294625d314fd2067622789b2c1b61fb35452aa603a98ebc64
8a08ee35-6a29-506f-b3f8-411546518be6,"[""context:site_distinctness"",""geometry""]","[""b91d994d-0f59-5ed8-ad74-20e4ba2251f3""]",openstreetmap,OSM names the exact Procergs building and canonical company website,https://www.openstreetmap.org/api/0.6/way/112410783/full.json,OpenStreetMap contributors,americas_round21_procergs,ODbL-1.0,OpenStreetMap contributors,,2026-09-09T06:36:33Z,6fcb24edf9acc4c8667ea87ff4e85cfec73e023c30bb84d7bd0687565bbc1b35
8a58de29-c30d-5e2c-9827-44cad3dd0a70,"[""context:geometry_identity"",""context:site_distinctness"",""physical_status""]","[""a1390e66-5b95-568b-869b-b9413c56f8ce""]",company_disclosure,Noris reports current shell construction and elevator installation at its modular Nuremberg development,https://www.linkedin.com/feed/update/urn:li:activity:7493585204314554368/,"noris network AG, published on LinkedIn",europe_mena_round12_expansion_asia,no-open-license-asserted,"noris network AG, published on LinkedIn",2026-08-13T08:32:16Z,2026-09-09T03:08:41Z,782795c3eae3c9cb2765c81d75103f9b63c7cce68da0a438441c0d3304a8037a
8b81f62b-dfaa-57e8-9307-74e7f643ca98,"[""context:geometry_identity"",""context:site_distinctness"",""physical_status""]","[""762397cd-ffc7-55c2-936e-af38cb8d4d0c""]",government_record,"WVDEP inspection confirms work at Monarch construction site, with partial stop order",https://dep.wv.gov/news/Pages/WVDEP-Issues-Enforcement-Order-Following-Stormwater-Violations-at-Monarch-Cloud-Campus-Construction-Site.aspx,West Virginia Department of Environmental Protection,americas_round16_monarch,no-open-license-asserted,West Virginia Department of Environmental Protection,2026-07-14,2026-09-09T04:16:49.694Z,d495bc07e221e411a7b64b71dd147a56cb87ae045515111b4c3a651e180ba3c7
8c104356-5de7-5156-9a00-2996e59f07af,"[""physical_status""]","[""2f422325-bd08-5072-a93f-dde01520f486""]",company_disclosure,"Galaxy Completes Phase I of Its Helios Data Center Campus, Delivering 133 Megawatts of Critical IT Load to CoreWeave",https://www.galaxy.com/newsroom/galaxy-completes-phase-i-of-its-helios-data-center-campus,Galaxy Digital Inc.,galaxy_newsroom,all-rights-reserved,Galaxy Digital Inc.,2026-07-06,2026-07-20T07:55:03Z,f46a95f8d5f6a9980416fe971dccfb1e6af0eaedd82b1159e7bd69d59d127805
8c9736bc-10fe-5095-8011-14bd5162c919,"[""context:site_distinctness"",""geometry""]","[""7ac977cb-cbe2-5dfd-b058-f26707f86b6c""]",company_disclosure,MERLIN Bilbao campus location link: exact redirect query,https://maps.app.goo.gl/RfVFYuWfAxX9qTFp7,Google redirect service resolving MERLIN's published link,merlin_edged_official_round4,no-open-license-asserted,Google redirect service resolving MERLIN's published link,,2026-09-08T20:45:06Z,62626e113a65b3cd6b98eff98fae6d46048f8c3ddac83e954641345e86467fd1
8d32dcaf-9335-53a3-bb7d-11a27425b4c1,"[""context:geometry_identity"",""context:site_distinctness""]","[""8715738f-39ac-5058-a01a-b62758b49831""]",government_record,M4 officer report: NEXTDC address and CP172440L parcel,https://sftpbspomppprod01.blob.core.windows.net/applicationfiles/76685df6-baaf-f011-bbd2-6045bdc32df2_REDACTED_PA2504019%20Officer%20Report%20-%20Signed%2016-01-26.pdf,Victoria Department of Transport and Planning,victoria_ministerial_permit_officer_report,all-rights-reserved,Victoria Department of Transport and Planning,,2026-09-08T21:04:43Z,1006e3452d5186c0078d82f084da3592de57345486fa2acacc73fc65b3da3d46
8d727a83-e74b-50bb-82af-92103a6faa88,"[""context:geometry_identity"",""context:site_distinctness""]","[""f2b93d1a-7c33-5a9e-be4d-f7d0dadec047""]",government_record,IDEM-hosted Microsoft LPO campus permit application and county parcel identity,https://ecm.idem.in.gov/cs/idcplg?IdcService=GET_FILE&Rendition=web&allowInterrupt=1&dDocName=83988709&dID=83980589&noSaveAs=1,Indiana Department of Environmental Management; application prepared by Stantec for Microsoft; embedded LaPorte County record,americas_round4_microsoft_la_porte,no-open-redistribution-license-asserted,Indiana Department of Environmental Management; application prepared by Stantec for Microsoft; embedded LaPorte County record,,2026-09-08T20:54:01Z,2a35776df9667c94df75120c507f96075add68e87a0726e9bcd95e0f689dc779
8d8b2825-0c0b-585b-a596-7bfcdd59da40,"[""context:site_distinctness"",""geometry""]","[""6b11de63-a6b0-5513-87a1-b77ff3b71bfb""]",government_record,Census exact address-range match for CB-5's issuer-defined address,https://geocoding.geo.census.gov/geocoder/locations/onelineaddress?address=7725%20Lake%20Road%2C%20Barker%2C%20NY%2014012&benchmark=Public_AR_Current&format=json,U.S. Census Bureau,americas_round15_lake_mariner,no-open-redistribution-license-asserted,U.S. Census Bureau,,2026-09-09T03:41:16.971Z,38d5769f311532ae8b21ec52eb7a899aae17342bfbc6bd68b631c603c43f5936
8df93779-2a17-51ba-97ba-28cf726b66b8,"[""context:site_distinctness"",""geometry""]","[""5b52a118-2f46-5f43-b308-a3237e99e065""]",company_disclosure,Google WGS84 coordinate contract,https://developers.google.com/maps/documentation/javascript/coordinates?hl=en,Google,regions_round8_ascenty_sumare,CC-BY-4.0,Google,,2026-09-08T22:30:02.444Z,bdae181810bbc83026d6b3a2d342542dddb8909099435bb9abc600a71e973de7
8e346666-c072-5c99-9322-d0e3257bdcde,"[""context:geometry_identity"",""context:site_distinctness"",""geometry""]","[""d2e988cd-e878-5061-817e-0c1cda87f372""]",company_disclosure,Bulk DK01 Esbjerg Campus: exact first-party campus coordinate,https://bulkinfrastructure.com/data-centers/locations/dk01,Bulk Infrastructure Group AS,europe_round22_bulk,no-open-license-asserted,Bulk Infrastructure Group AS,,2026-09-09T07:06:43Z,0c3f8db1014e304a447eaf792a0b1bbc9720bbc1b3451163bc2ecacd09fc3da6
8fec6935-b2fd-5647-9399-81e126c1b44b,"[""context:geometry_identity"",""context:site_distinctness""]","[""b91d994d-0f59-5ed8-ad74-20e4ba2251f3""]",government_record,Procergs publicly identifies its data center's exact address,https://www.compras.procergs.rs.gov.br/anexos/858795-aeddda652fdb499ace96f1b33e45f6282ad26bafdb45e159b2868ef5694f75c2,PROCERGS procurement portal,americas_round21_procergs,no-open-license-asserted,PROCERGS procurement portal,,2026-09-09T06:36:35Z,b2f5754936bbfc4537c280d669ffb0faa7fe21f1a4ac03139a08fd7b9e7ffd3e
905c48e3-76d6-5aed-8e41-0ca3486f7998,"[""context:site_distinctness"",""geometry""]","[""8f5c2434-0b2d-547e-ac2c-e25ddeefe1b7""]",government_record,"Official LGB address point for Kraftwerkstraße 24, Lübbenau",https://search.geobasis-bb.de/v2/search?query=Kraftwerkstra%C3%9Fe&limit=50&filter%5BassignMunicipality.keyword%5D=L%C3%BCbbenau%2FSpreewald%20%5BLubnjow%2FB%C5%82ota%5D,Landesvermessung und Geobasisinformation Brandenburg (LGB),europe_round7_luebbenau_geometry,dl-de/by-2-0,"© GeoBasis-DE/LGB/LS/VBB GmbH, dl-de/by-2-0, Daten geändert: minimal factual projection",,2026-09-08T22:50:07.044Z,dca54214a375c3065796afd0bc809393a6bae66d46db37fd34f4d73073c0a867
90966722-c08a-559d-abf9-1e0cd87125ac,"[""context:site_distinctness"",""geometry""]","[""1404f5cd-04ee-57ea-8f73-91992fea0552"",""337ace90-652d-52fe-a856-fe9b04b5966f""]",company_disclosure,Nominatim returned point and object reference semantics,https://nominatim.org/release-docs/latest/api/Output/,Nominatim project,meta_round10_independent_review,no-open-license-asserted,Nominatim project,,2026-09-08T23:52:01Z,2b22abff55df61794873a6648149a09a46262c4f409578cb8d6823de3d6b5f7e
90d48e16-6a42-509c-8f2c-8c2b86929266,"[""context:geometry_identity"",""context:site_distinctness""]","[""100cf064-1cae-5dba-a4d9-6c4ae35152ec""]",company_disclosure,EFHD May 29 acquisition disclosure: exact Tomakomai data-center parcel,https://www.ef-hd.com/wp-content/uploads/2026/05/2026052901_1ef.pdf,"Environmentally Friendly Holdings Co., Ltd.",efhd_official_company_disclosure,all-rights-reserved,"Environmentally Friendly Holdings Co., Ltd.",2026-05-29,2026-09-08T21:36:32.195Z,b8491b77189d69cfc91930090a027c7f8a7eded63b81ead1c6e7226a8327539f
90f962ca-3e44-5141-beaa-f6485628fc91,"[""context:site_distinctness"",""geometry""]","[""5b52a118-2f46-5f43-b308-a3237e99e065""]",company_disclosure,Digital Realty SUM01 explicit location point,https://www.digitalrealty.com/data-centers/americas/sao-paulo/sum01,Digital Realty,regions_round8_ascenty_sumare,all-rights-reserved,Digital Realty,,2026-09-08T22:39:20.575Z,9ba36757edc2a2f21877ae6a69ff152f328b6aa449c4bd4c7984fcd5af80abbd
91189bce-4a56-557d-a44b-6ebb3114cea8,"[""context:geometry_identity"",""context:site_distinctness""]","[""2f422325-bd08-5072-a93f-dde01520f486""]",government_record,"TABS2026014893, Galaxy Helios Phase 2, Helios 3",https://www.tdlr.texas.gov/TABS/Projects/TABS2026014893,Texas Department of Licensing and Regulation,expansion_200_us_locator_review,no-open-redistribution-license-asserted,Texas Department of Licensing and Regulation,,2026-09-08T19:26:12Z,982c7c49cda6ed36752fe931f337cc35892211ded9a8b2db1db71fd9557b20de
91268425-6f28-5804-9df4-bb26221064a1,"[""context:geometry_identity"",""context:site_distinctness"",""physical_status""]","[""337ace90-652d-52fe-a856-fe9b04b5966f""]",company_disclosure,Meta July 28 El Paso physical construction observation,https://about.fb.com/news/2026/07/meta-announces-new-venture-with-blackrock-to-develop-data-center-in-el-paso/,Meta,meta_round10_independent_review,all-rights-reserved,Meta,2026-07-28,2026-09-08T23:43:37Z,dca3908508aca7e2125b19f0be9a08f9cb38a0d83f3006a9ed72c52f529b59ec
9130fb72-846b-5d06-bd00-b3a52c21ef9e,"[""context:geometry_identity"",""context:site_distinctness""]","[""fc6dd688-fca0-5a7f-a6e9-54f9116607c5""]",government_record,Paju City notice2024-632 - data-center application exact parcel,https://www.paju.go.kr/component/file/ND_fileDownload.do?id=f85cdfff-69e1-4e2c-85d9-3b625cc99ed0,City of Paju,paju_city_building_application_notices,all-rights-reserved,City of Paju,2024-12-30,2026-09-08T19:36:19Z,2816e8221a45fd0b08d81e4810a51b8778246136199bb92fed498d4f937ce796
9163dfe8-dee3-5b75-8fc6-2439091253bf,"[""context:geometry_identity"",""context:site_distinctness""]","[""100cf064-1cae-5dba-a4d9-6c4ae35152ec""]",company_disclosure,EFHD August 14 interim report: Tomakomai remains in development,https://www.ef-hd.com/wp-content/uploads/2026/08/20260814_1ef.pdf,"Environmentally Friendly Holdings Co., Ltd.",efhd_official_company_disclosure,all-rights-reserved,"Environmentally Friendly Holdings Co., Ltd.",2026-08-14,2026-09-08T21:45:09.123Z,a2a90897208b84d7be033cd7034518541632e23da30ac00ecd3b0e1b32b66225
93c34650-bbba-5bfb-961e-cc817b077364,"[""context:geometry_identity"",""context:site_distinctness""]","[""8f5c2434-0b2d-547e-ac2c-e25ddeefe1b7""]",company_disclosure,Operator identifies Lübbenau data-center job location,https://schwarz-digits.de/jobsearch/hr/datacenter-facility-management-standort-luebbenau-m-w-d-GT4274,Schwarz Digits,europe_round7_expansion_asia,no-open-license-asserted,Schwarz Digits,,2026-09-08T22:37:17.046Z,601f2e77ffff4b4030cdcd1e25af0e5572b0aeb4cc8956ea2c9e839dd70bbd83
93cbb7f5-e70d-5fff-ae18-d5c9cc25404d,"[""context:geometry_identity"",""context:site_distinctness"",""geometry""]","[""2c3a5bbe-3573-5abe-98dc-8d8312b0a586""]",company_disclosure,Bulk N01 Vennesla Campus: exact first-party campus coordinate,https://bulkinfrastructure.com/data-centers/locations/n01,Bulk Infrastructure Group AS,europe_round22_bulk,no-open-license-asserted,Bulk Infrastructure Group AS,,2026-09-09T07:07:07Z,b14f26817e5191794a0810f7d953bdd2d71fa8ca1775577fbc6e59e437e3e542
941ca1d3-369f-5d48-a8ed-df6294a5ac7a,"[""context:site_distinctness""]","[""b4349487-1879-5b90-9064-d1b86cb49850""]",company_disclosure,Greenergy and Tensor August 12 release keeps the first expansion deployment in the future,https://tensor.estate/news/estonia-first-ai-factory-2026,Greenergy Data Centers and Tensor Estate,europe_round18_greenergy_huuru,no-open-license-asserted,Greenergy Data Centers and Tensor Estate,2026-08-12,2026-09-09T05:07:54.911Z,b39e213f3a9d2ce6003ba5390cef9e515f46732e2ace425e5cc600f888fb2a9f
944d20c6-1f9a-503d-857d-951b8336071c,"[""context:site_distinctness"",""geometry""]","[""c789668b-ecf3-53b2-b23c-44151e199317""]",openstreetmap,NEXTDC M3: named community construction-site representative point,https://nominatim.openstreetmap.org/search?q=NEXTDC%20M3&format=jsonv2&polygon_geojson=1,OpenStreetMap contributors / Nominatim,openstreetmap_nominatim,ODbL-1.0,© OpenStreetMap contributors,,2026-09-08T20:47:08Z,8fa2f8f6fdfeee7c380ad18ed2bfe7f8ccea32303c2ad127d910c56934f85016
95462b74-488d-5e24-afc2-dd1a201edda0,"[""context:site_distinctness""]","[""c789668b-ecf3-53b2-b23c-44151e199317""]",government_record,The council identifies the existing NEXTDC campus at 25-27 Indwe Street and an expansion into abutting Indwe Street and Paramount Road parcels,https://www.maribyrnong.vic.gov.au/files/assets/public/v/1/corporate-services-documents/council-and-committee-meeting-papers/council-meetings/2026/20260421_council_agenda.pdf,Maribyrnong City Council,nextdc_m3_independent_locator_review,no-open-redistribution-license-asserted,Maribyrnong City Council,,2026-09-08T21:03:05Z,7b6bc7c1c3d46bb27f704343c5a5db668fbe6fa4e09c7d1206dbc584b4dfa10d
9751ec41-030f-5351-9f67-7ca95c26e7b1,"[""context:site_distinctness"",""geometry""]","[""0b67b532-d779-5784-bd6d-d7ee124844aa"",""f3cc5dc7-9547-517f-94aa-89e0769f2bf8""]",government_record,Exact county open-data parcel item,https://www.arcgis.com/sharing/rest/content/items/caac62a09b49446b8a20744963ba1d23?f=pjson,Chesterfield County GIS,chesterfield_round14,CC0-1.0,Data retrieved from Chesterfield County GIS Data Catalog.,,2026-09-09T03:08:42Z,cb523cf77c7f90a81302d2d334cdfffe820a45db18cb020842f68df6d916a2e9
9785e766-1ae3-5b8f-8ba4-d8f4b3eea90f,"[""context:site_distinctness""]","[""8c926b8f-0190-533b-aa7e-3223971b9e23""]",government_record,Unselected Census address-range alternative,https://geocoding.geo.census.gov/geocoder/locations/onelineaddress?address=1750%20N%20River%20Rd%2C%20Douglasville%2C%20GA%2030122&benchmark=Public_AR_Current&format=json,U.S. Census Bureau,flexential_douglasville2_round12,no-open-redistribution-license-asserted,U.S. Census Bureau,,2026-09-09T02:45:44Z,c2cfecd9a60a1fc7ddde3db150f33416c18824026e97c8b17eae7d8663480982
978b8a7d-d125-5104-bf24-e5e9ca62f296,"[""context:geometry_identity"",""context:site_distinctness""]","[""ad57807a-f6b6-55f9-b26f-acd194e12880""]",company_disclosure,Owner distinguishes Hillsboro 5 from four operating facilities and future Hillsboro 6,https://www.prnewswire.com/news-releases/flexential-acquires-prime-property-in-hillsboro-plans-new-data-center-as-next-phase-of-expansion-302546009.html,"Flexential, distributed by PR Newswire",americas_round11_flexential_hillsboro5,all-rights-reserved,"Flexential, distributed by PR Newswire",2025-09-04T13:07:00Z,2026-09-09T00:24:06.628Z,3d54568506d83c183f86b791da46b4e49513b16650b96d93b9de184ea576edd9
98037685-a6e6-5a4f-89cf-d3d7fba8de5a,"[""context:geometry_identity"",""context:site_distinctness""]","[""26ebe837-0ec5-5973-a729-656b1b4ce011""]",company_disclosure,Aligned operator site terms retained without a reuse grant,https://aligneddc.com/legal/,Aligned Data Centers,americas_round20_conesville,no-open-license-asserted,Aligned Data Centers,,2026-09-09T05:54:59.007Z,3da178946e1b74112d6f4f9600464b655a0ccb05fff48a50411f8ae3aebce717
986778c5-f60e-5d78-b025-42414c2acc74,"[""context:geometry_identity"",""context:site_distinctness""]","[""fe92035e-3a00-5a85-b009-34fe9c2c545e""]",company_disclosure,SRV Lahti job 2984 identifies DayOne at Ilmarisentie 3,https://www.srv.fi/srv-yrityksena/tyomaat/2984-lahden-datakeskus/,SRV Group Plc,europe_round16_dayone_lahti,no-open-license-asserted,SRV Group Plc,,2026-09-09T03:41:16Z,76f0bae361a09ab0fe5461aca6423cda548ea5fdc86fbd84d05748bad85c66b7
98b82ddb-afbd-541a-a1fb-7e25ee01fc00,"[""context:site_distinctness"",""geometry""]","[""8f5c2434-0b2d-547e-ac2c-e25ddeefe1b7""]",government_record,LGB Search API official service and license metadata,https://geoportal.brandenburg.de/detailansichtdienst/render?url=https%3A%2F%2Fgeoportal.brandenburg.de%2Fgs-json%2Fxml%3Ffileid%3D9ccf1219-a550-421d-b702-946031fa7a3d,Geoportal Brandenburg / LGB,europe_round7_luebbenau_geometry,dl-de/by-2-0,"© GeoBasis-DE/LGB/LS/VBB GmbH, dl-de/by-2-0, Daten geändert: minimal factual projection",,2026-09-08T22:50:56.514Z,63b5ef08d6a7211ad5241cd52f9e28a8c97f9316b007f5b7848ab9bd4bd411a4
98d531a7-5de3-5fd0-9521-8a56b41188c1,"[""context:geometry_identity"",""context:site_distinctness""]","[""be6d721d-f632-5c86-a057-78774604bc6c""]",government_record,GEDCDP I PAR01 SNC - exact project-address establishment,https://recherche-entreprises.api.gouv.fr/search?q=99381376500027,French government Annuaire des Entreprises,france_official_business_registry,no-open-redistribution-license-asserted,French government Annuaire des Entreprises,,2026-09-08T19:26:32Z,ba988a6bb19dec0203749ee95974f09d75087786f2c7aeee5049585d351b5998
9a452bd3-9e57-553d-aa8a-322bd1b1d4df,"[""context:site_distinctness"",""geometry""]","[""ad57807a-f6b6-55f9-b26f-acd194e12880""]",openstreetmap,OSM H5 exact-object identity and geometry check,https://overpass-api.de/api/interpreter?data=%5Bout%3Ajson%5D%5Btimeout%3A25%5D%3Bway%281080170580%29%3Bout%20meta%20geom%3B,© OpenStreetMap contributors,americas_round11_flexential_hillsboro5,ODbL-1.0,© OpenStreetMap contributors,,2026-09-09T00:40:19.450Z,bcb36204fe9e778c7686ce470882f0c3d59bcb109411a52558257a1c54f7543e
9a4d444e-8164-542a-b644-b21d948d12fb,"[""context:geometry_identity"",""context:site_distinctness"",""physical_status""]","[""b7744ad5-aa48-5977-a70e-3d6a588f468d""]",company_disclosure,Applied Digital fiscal fourth-quarter 2026 operational update - Delta Forge 1,https://ir.applieddigital.com/news-events/press-releases/detail/159/applied-digital-reports-fiscal-fourth-quarter-and-full-year,Applied Digital Corporation,americas_round5_df1_followup,no-open-redistribution-license-asserted,Applied Digital Corporation,2026-07-27,2026-09-08T21:57:43Z,4595c173b9adad5bf1f4e071a8181301058cca4afb318f9e9b081122643b2db8
9ba2902e-39d3-51fc-abcb-9a36d3a66d72,"[""context:site_distinctness"",""geometry""]","[""c1af62b5-b9a2-5c15-a8a4-717e1a65ac05""]",government_record,Espoo open-data WFS - registered parcel 49-65-3-1,https://kartat.espoo.fi/teklaogcweb/wfs.ashx?SERVICE=WFS&REQUEST=GetFeature&VERSION=1.1.0&TYPENAME=GIS%3AKiinteistot_karsittu&OUTPUTFORMAT=GML2&SRSNAME=EPSG%3A3879&MAXFEATURES=10&FILTER=%3Cogc%3AFilter%20xmlns%3Aogc%3D%22http%3A%2F%2Fwww.opengis.net%2Fogc%22%3E%3Cogc%3APropertyIsEqualTo%3E%3Cogc%3APropertyName%3EKiinteistotunnus%3C%2Fogc%3APropertyName%3E%3Cogc%3ALiteral%3E49-65-3-1%3C%2Fogc%3ALiteral%3E%3C%2Fogc%3APropertyIsEqualTo%3E%3C%2Fogc%3AFilter%3E,City of Espoo,espoo_open_data_property_units,CC-BY-4.0,City of Espoo,,2026-09-08T19:09:41Z,63c27323b793a467ba1cd26739690118254de5c5dfa1d9eb8d42bcda07a1532a
9c609d4b-57fc-5baa-b2e4-14b8910ccaa3,"[""context:geometry_identity"",""context:site_distinctness""]","[""a1390e66-5b95-568b-869b-b9413c56f8ce""]",company_disclosure,Noris explicitly identifies NBG6 Bauabschnitt 3 at Nürnberg Süd,https://de.linkedin.com/posts/noris-network-ag_parallel-zu-unserem-rz-ffm1-schwalbach-activity-7384141557542592512-C4NL,"noris network AG, published on LinkedIn",europe_mena_round12_expansion_asia,no-open-license-asserted,"noris network AG, published on LinkedIn",2025-10-15T08:22:17Z,2026-09-09T03:09:39Z,87797cd9f2b0d4aa775a6134c65f07a5681e465afa2a73332a2894133978e32b
9d1efed0-6b5b-5270-98d0-57c1a55b31ce,"[""context:site_distinctness""]","[""aa2dc8a4-52d8-5519-b23a-2ff0313db9e3""]",company_disclosure,MERLIN Properties source-content rights restrictions,https://www.merlinproperties.com/en/legal-notice/,MERLIN Properties,expansion_round5_primary_sources,all-rights-reserved,MERLIN Properties,,2026-09-08T20:50:34Z,d6a457fce4e95c8c55b352a418d6df0f664a860f92110b23db6342cbfb67e354
9de9b1a3-7d46-54fa-90ed-47772ee7a038,"[""context:geometry_identity"",""context:site_distinctness""]","[""f0e92e2e-e082-5b7f-9486-fd744b5b68e6""]",company_disclosure,DPR identifies Winterthur Building 2 as ZRH12,https://www.dpr.com/projects/vantage-data-centers-zurich-campus-building-2-zrh12,DPR Construction,europe_mena_round9_expansion_asia,no-open-license-asserted,DPR Construction,2025-12-17,2026-09-08T23:12:02.377Z,0bc6366aadba0e8c39663f41cd372eabadc29eba727dbfe98fb27ed3a157b87d
9df781fc-7637-5217-ab85-ebe48ea94403,"[""context:geometry_identity"",""context:site_distinctness""]","[""762397cd-ffc7-55c2-936e-af38cb8d4d0c""]",company_disclosure,Building-trades participant identifies Point Pleasant data-center and power project,https://www.wvtrades.org/general/monarch-compute-campus-west-virginia/,West Virginia Building and Construction Trades Council,americas_round16_monarch,no-open-license-asserted,West Virginia Building and Construction Trades Council,2026-06-22,2026-09-09T04:26:47.464Z,6d570c6ad62f29ddd9a8ca1a88d087bcce2181565d32a416853cedfee30e1ba1
9e6f2ffb-37de-59e9-bd58-d3bd59d638d9,"[""context:geometry_identity"",""context:site_distinctness""]","[""bdfd522f-2d7e-5d1f-8e00-3c43b462ed27""]",government_record,"February 25, 2025 planning minutes, Item 4, page 3",https://fallstwp.com/media/4609/2-25-25-pc-minutes.pdf,Falls Township Planning Commission,expansion_200_us_locator_review,no-open-redistribution-license-asserted,Falls Township Planning Commission,,2026-09-08T19:34:06Z,3d4305c13a3369c6ef2081be858df1bd46fe45eecee0dcacc0f10df5c5e78c84
9e7bcd9e-1b16-55c5-86ac-b3b91b931a00,"[""context:site_distinctness"",""geometry""]","[""a1390e66-5b95-568b-869b-b9413c56f8ce""]",openstreetmap,Nominatim provides an exact point for the named Noris NBG6 BA3 map object,https://nominatim.openstreetmap.org/search?q=noris%20network%20N%C3%BCrnberg&format=jsonv2&addressdetails=1,OpenStreetMap contributors / Nominatim,europe_mena_round12_expansion_asia,ODbL-1.0,© OpenStreetMap contributors,,2026-09-09T03:10:03Z,43f96dbfc0cffdc8bef30ea3f177e3b65ce3d7906ccef2d86b398bba0e44b14c
9efb7454-992b-5f25-814d-bb8ac1b7c5a9,"[""context:site_distinctness"",""geometry""]","[""9217888a-3e78-5b75-ac86-bd32ef026084""]",openstreetmap,OSM exact-address building independently exposes the selected feature tags,https://api.openstreetmap.org/api/0.6/way/571006394/full.json,OpenStreetMap contributors,europe_mena_round10_expansion_asia,ODbL-1.0,© OpenStreetMap contributors,,2026-09-08T23:47:56.316Z,daecda07df9a13f7c1c94f125dfa15c27b6e2e8b422a86bc8e3f43785e54d1f3
9f29ad18-9652-5243-9cd5-48eb83fb967f,"[""context:site_distinctness"",""geometry""]","[""0b67b532-d779-5784-bd6d-d7ee124844aa"",""f3cc5dc7-9547-517f-94aa-89e0769f2bf8""]",government_record,County Open Data Access Terms Conditions and Disclaimers,https://chesterfieldva.maps.arcgis.com/sharing/rest/content/items/457f6e0b2d844284a649e79741460f05/data,Chesterfield County GIS,chesterfield_round14,no-open-document-redistribution-license-asserted,Data retrieved from Chesterfield County GIS Data Catalog.,,2026-09-09T03:06:38Z,4b544f9d7c65ce48e157055222745f15bb732af360e1dbf86fb3da63c15f0433
9fe743d6-d40b-5441-8672-b3f85e88ca5a,"[""context:site_distinctness""]","[""6b11de63-a6b0-5513-87a1-b77ff3b71bfb""]",company_disclosure,Historical Lake Mariner real-property address corroboration,https://investors.terawulf.com/sec-filings/all-sec-filings/content/0001104659-22-041168/0001104659-22-041168.pdf,TeraWulf Inc.,americas_round15_lake_mariner,all-rights-reserved,TeraWulf Inc.,,2026-09-09T03:40:51.223Z,f6ad06510d8d6414423422760d275eaa6f4637513de9821081d8880b6d88c53d
a019a821-4ecd-59b8-a01e-ffb7df16a1dd,"[""context:site_distinctness"",""geometry""]","[""b91d994d-0f59-5ed8-ad74-20e4ba2251f3""]",openstreetmap,Nominatim returns the exact named Procergs building point,https://nominatim.openstreetmap.org/search?format=jsonv2&q=PROCERGS%20Porto%20Alegre&addressdetails=1&polygon_geojson=1,OpenStreetMap contributors / Nominatim,americas_round21_procergs,ODbL-1.0,OpenStreetMap contributors / Nominatim,,2026-09-09T06:31:54Z,740c2be0e762e6a8df0e232269a88d04dffe00646378ca18579ab14a7d3b2560
a0924683-f0e6-567f-bf0d-7a97c7fbf764,"[""context:site_distinctness""]","[""6b11de63-a6b0-5513-87a1-b77ff3b71bfb""]",company_disclosure,Issuer index chronology checked for Lake Mariner successors,https://investors.terawulf.com/news-events/press-releases,TeraWulf Inc.,americas_round15_lake_mariner,all-rights-reserved,TeraWulf Inc.,,2026-09-09T03:42:15.157Z,ce1c3ebc1ef8a8b1f0a9c0cd3e87c67c13c125b2dd365ca235e364edd86c6b06
a15f97b3-ce3d-52af-84d8-d063322cc772,"[""context:site_distinctness"",""geometry""]","[""12407b2e-a44d-5c8d-aa62-c7b64045e20f""]",government_record,Cass County parcel layer schema,https://gisweb.casscountynd.gov/arcgis/rest/services/OpenData/OpenData/FeatureServer/7?f=pjson,Cass County North Dakota,americas_round5,public-domain-per-Cass-County-item-policy,Cass County North Dakota,,2026-09-08T21:44:08Z,e9302b63de5d2bf4b789538f8bf891e29f6427083cf1bf66ae90159656825dbb
a2b0611b-2853-50eb-9744-39c6c94b8f69,"[""context:site_distinctness"",""geometry""]","[""f2b93d1a-7c33-5a9e-be4d-f7d0dadec047""]",government_record,Indiana exact parcel 461107326005000058 geometry,https://gisdata.in.gov/server/rest/services/Hosted/Parcel_Boundaries_of_Indiana_Current/FeatureServer/0/query?where=state_parcel_id%3D%27461107326005000058%27&outFields=*&f=pjson&returnGeometry=true&outSR=4326,Indiana Geographic Information Office; source originator LaPorte County,americas_round4_microsoft_la_porte,no-open-redistribution-license-asserted,Indiana Geographic Information Office; source originator LaPorte County,,2026-09-08T20:54:43Z,d6036a610a081f47e4a85313b47de78f197e282a12dc4de5638e852baf31923a
a2f58f63-e019-5875-aa18-af96a4529d16,"[""context:geometry_identity"",""context:site_distinctness""]","[""8dbc82d0-1a4d-5d8e-955e-c5e4973ea19e""]",government_record,Douglas County exact Compark address resolves postal city and ZIP,"https://apps.douglas.co.us/gisod/rest/services/POSSE_Address/MapServer/0/query?where=ADDRESS_NUMBER%3D15255&outFields=FID,ADDRESS_NUMBER,STREET_NAME_FULL,ZIP_CODE,POSTAL_NAME,PARCEL_SPN,BUSINESS_NAME,ADDRESS_USE&returnGeometry=true&outSR=4326&f=pjson",Douglas County GIS Services Team,americas_round11_flexential_parker,no-open-redistribution-license-asserted,Douglas County GIS Services Team,,2026-09-09T00:26:19.204Z,b0d91df55b927bdf99aa1eb0520ee4cbb2e242a0a4d3d4648aa92f79a0782c56
a323547e-8da2-5485-8748-8ab3cdf4f5b6,"[""context:geometry_identity"",""context:site_distinctness"",""physical_status""]","[""6b11de63-a6b0-5513-87a1-b77ff3b71bfb""]",company_disclosure,TeraWulf reports continuing CB-5 construction at Lake Mariner,https://investors.terawulf.com/news-events/press-releases/detail/144/terawulf-reports-second-quarter-2026-results,TeraWulf Inc.,americas_round15_lake_mariner,all-rights-reserved,TeraWulf Inc.,2026-08-05T11:00:00Z,2026-09-09T03:37:52.856Z,15f820d02c6586538ea55972ad77a9a1ad33a94df22bedf11b08e32bea0ae539
a38d5da4-f0fd-5adf-bd1d-daa8bd75da1b,"[""context:geometry_identity"",""context:site_distinctness""]","[""24911fb6-56e2-5357-a224-8cbd977e2234""]",government_record,Miami-Dade permit 2024066470 - Iron Mountain exact address,https://bldgadmin.miamidade.gov/mdfr/CommentRpt.asp?Permit=2024066470&flag=View,Miami-Dade County Fire Rescue,iron_mountain_us_q2_locator_review,no-open-redistribution-license-asserted,Miami-Dade County Fire Rescue,,2026-09-08T20:09:46Z,62b3a142b2e2a4d9229be447c449327799d9307d664a6155d6d541ee4e17c3b2
a3edb082-451e-59ca-aa36-02c24d1b67d7,"[""context:geometry_identity"",""context:site_distinctness""]","[""c1016e49-7b45-52ff-8938-0bd01e78a7ad""]",company_disclosure,Operator's new-build project deck fixes location within campus,https://dvz-community-live.de/sites/default/files/2025-04/Tag%201_Deep%20Dive_Das%20neue%20DVZ-Rechenzentrum_Bru%CC%88llinger%20Baumgarten%20-%20barrierefrei.pdf,DVZ M-V GmbH,europe_round5_dvz_schwerin,no-open-license-asserted,DVZ M-V GmbH,,2026-09-08T22:03:03Z,dd4672b68e851232fb305dffed167124a463c56d543d99ec10efdd84cf44e692
a4c4803a-ca85-5a1e-a468-124f292e6f94,"[""context:geometry_identity"",""context:site_distinctness""]","[""b91d994d-0f59-5ed8-ad74-20e4ba2251f3""]",government_record,Procergs public procurement record preserves its historic legal name,https://www.compras.procergs.rs.gov.br/editais/0058_2018/239085,PROCERGS procurement portal,americas_round21_procergs,no-open-license-asserted,PROCERGS procurement portal,,2026-09-09T06:36:58Z,1b2a141d3cab2c0f60ef9f4159da51978f02b6f924c34115d67ceb179a4b3613
a53097c1-06e3-589b-9748-1e9a83879720,"[""context:site_distinctness"",""geometry""]","[""8715738f-39ac-5058-a01a-b62758b49831""]",government_record,M4 exact primary Vicmap address point at 127 Todd Road,https://services-ap1.arcgis.com/P744lA0wf4LlBZ84/arcgis/rest/services/Vicmap_Address/FeatureServer/0/query?where=pfi%20IN%20%28%27214016983%27%2C%27460240432%27%29&outFields=*&outSR=4326&returnGeometry=true&f=pjson,Victoria Department of Transport and Planning / Vicmap,vicmap_official_address_service,CC-BY-4.0,"© State of Victoria, Department of Transport and Planning, Vicmap",,2026-09-08T21:10:14Z,9bcd66a2ea97aace1aa0129773fe77948a6976fbaa8018012d64f76782203cdd
a55d5cb2-994e-5768-a98b-b9dc77102012,"[""context:site_distinctness""]","[""43ded2e8-5dcf-5174-b553-a4a04aaeebe3""]",company_disclosure,Edged source rights restrictions,https://www.edged.es/legal-notice,Edged,merlin_edged_official_round4,all-rights-reserved,Edged,,2026-09-08T20:46:55Z,10e6eff38ab81f9de69061d1e3acaa3ffd7679576937a765f98ca4c6271c2ab9
a5f4e2d6-95ca-5cc3-be57-aeb381fdf2ab,"[""context:site_distinctness"",""geometry""]","[""8715738f-39ac-5058-a01a-b62758b49831"",""e39b5191-4a78-5781-8944-24efaf944aa9""]",government_record,Vicmap Address dictionary: virtual versus entrance points,https://services-ap1.arcgis.com/P744lA0wf4LlBZ84/arcgis/rest/services/Vicmap_Address/FeatureServer/7/query?where=1%3D1&outFields=*&f=pjson,Victoria Department of Transport and Planning / Vicmap,vicmap_official_address_service,CC-BY-4.0,"© State of Victoria, Department of Transport and Planning, Vicmap",,2026-09-08T21:12:55Z,1c03a65ba036ecf8c9437a1e7284637316204ca7b10b4a38566b028bde15430b
a61e26a1-c065-5b53-9d12-44f564fd76c2,"[""context:geometry_identity"",""context:site_distinctness"",""physical_status""]","[""43ded2e8-5dcf-5174-b553-a4a04aaeebe3"",""7ac977cb-cbe2-5dfd-b058-f26707f86b6c""]",company_disclosure,MERLIN 6M26 named Phase II work updates,https://ir.merlinproperties.com/wp-content/uploads/2026/07/RI-6M26-MERLIN-Properties_eng.pdf,MERLIN Properties,merlin_edged_official_round4,all-rights-reserved,MERLIN Properties,2026-07-27,2026-09-08T20:44:38Z,6b782137a240bdb3195249f1029b24b71e71f3f206e60ec9ebd2c450b7538dc6
a7227b84-a250-530e-bee8-51edf1231237,"[""context:site_distinctness"",""geometry""]","[""9fe862f6-ace2-5f5d-9c90-486fa4622982""]",company_disclosure,Nxtra's named LOS1 literal campus map coordinates,https://www.nxtraafrica.com/sites/default/files/images/image-gallery/data-center-africa1.html?locations=nigeria,Nxtra Africa,africa_round7_nxtra,all-rights-reserved,Nxtra Africa,,2026-09-08T22:29:43.140Z,7b0aa0b283481d10c4c415e79dc57abfa0757492c0374ba45a7af771e7c1dc97
a72810fd-923b-5f56-ab03-8c005cc5d8b1,"[""context:site_distinctness"",""geometry""]","[""a1390e66-5b95-568b-869b-b9413c56f8ce""]",openstreetmap,Nominatim documents its returned object-centroid fields,https://nominatim.org/release-docs/latest/api/Output/,Nominatim project,europe_mena_round12_expansion_asia,no-open-license-asserted,Nominatim project,,2026-09-09T03:14:03Z,2b22abff55df61794873a6648149a09a46262c4f409578cb8d6823de3d6b5f7e
aa5cd8bf-9b58-5093-bd0c-91a7d38397dd,"[""context:site_distinctness""]","[""c789668b-ecf3-53b2-b23c-44151e199317""]",company_disclosure,The Melbourne overview supplies an M3 marker north of the separately named community campus feature; this alternative marker is not selected,https://www.nextdc.com/data-centres/melbourne-data-centres-colocation,NEXTDC Limited,nextdc_m3_independent_locator_review,all-rights-reserved,NEXTDC Limited,,2026-09-08T21:01:51Z,0036586c8b35a6672296d10aebd8a77e22dee3c67bb8d57f855580803b6c6865
aaab4a40-99dd-50ee-a496-a7d7c2e44fe7,"[""context:site_distinctness"",""geometry""]","[""4f86e285-bcf1-537b-b31e-8af7b27ed556""]",company_disclosure,FRA II brochure map target - source-selected campus reference point,https://goo.gl/maps/HXytDcSqfrnEAHNs5,Goodman Group via its published Google Maps link,goodman_published_external_project_map_links,all-rights-reserved,Goodman Group via its published Google Maps link,,2026-09-08T19:39:52Z,70d109bfd65fc755a900eb04fbdff29184b3f8939b08897e6c15548447ec089d
ac60e560-f381-5e36-ad8b-444ecc49cb2d,"[""context:site_distinctness"",""geometry""]","[""9fe862f6-ace2-5f5d-9c90-486fa4622982""]",company_disclosure,Google Maps JavaScript coordinate-system documentation,https://developers.google.com/maps/documentation/javascript/coordinates?hl=en,Google,africa_round7_nxtra,CC-BY-4.0,Google,,2026-09-08T22:30:02.444Z,bdae181810bbc83026d6b3a2d342542dddb8909099435bb9abc600a71e973de7
ad5920da-5084-504e-8d8a-3d6d2a6b0348,"[""context:geometry_identity"",""context:site_distinctness"",""physical_status""]","[""c1016e49-7b45-52ff-8938-0bd01e78a7ad""]",company_disclosure,DVZ July magazine: new shell and utility work progressing,https://www.dvz-mv.de/sites/default/files/2026-07/community-01-2026_BF-final.pdf,DVZ M-V GmbH,europe_round5_dvz_schwerin,no-open-license-asserted,DVZ M-V GmbH,2026-07-31,2026-09-08T22:01:34Z,3a00a526046063dcc186399caaa9e601efdbdb16ee1dfea52685de2e24cc34fe
add29c08-84c7-516f-ac75-dffc58438a11,"[""context:site_distinctness"",""geometry""]","[""f0e92e2e-e082-5b7f-9486-fd744b5b68e6""]",government_record,BGDI general terms require download services for offline databases,https://www.geo.admin.ch/de/allgemeine-nutzungsbedingungen-bgdi/,Federal Office of Topography swisstopo,europe_mena_round9_expansion_asia,no-open-license-asserted,© swisstopo,2021-12-09,2026-09-08T23:14:19.847Z,044c8ab32cdad4c969c6e97c81f72c6b4614421d01b13a636d7836d7813fe640
af754737-fdde-580f-9b3e-c1e1bc787bcf,"[""context:geometry_identity"",""context:site_distinctness""]","[""e3f1fc38-bc59-5373-803f-d5c86d817096""]",government_record,Iron Mountain Haarlem permit - exact address,https://zoek.officielebekendmakingen.nl/prb-2025-5574.html,Province of Noord-Holland,iron_amsterdam_permit,no-open-redistribution-license-asserted,Province of Noord-Holland,2025-04-07,2026-09-08T19:54:10Z,e6409d9298cdf249b9cc37c6609173d28a25300092d0df95cb588a6f76d5facf
afd26c11-e53b-5eb2-8051-d3e580b438d4,"[""context:geometry_identity"",""context:site_distinctness""]","[""b4349487-1879-5b90-9064-d1b86cb49850""]",company_disclosure,Greenergy operator contact page explicitly identifies its data center,https://www.greenergydatacenters.com/contact,Greenergy Data Centers,europe_round18_greenergy_huuru,no-open-license-asserted,Greenergy Data Centers,,2026-09-09T04:58:23.203Z,7065309ff1464e9d0784e671e35c0fe8da85828121b1ec39e7b11993fdcc47b2
b09547d7-5388-566f-87ad-0f911a8b49db,"[""context:geometry_identity"",""context:site_distinctness"",""physical_status""]","[""b9ccc1e7-c2da-5822-82bc-b20be7d43dfe""]",company_disclosure,Fira confirms Nebius Pajarila first-phase construction,https://fira.fi/en/news/construction-and-project-development-company-fira-selected-as-main-contractor-for-one-of-europes-largest-ai-data-center-projects/,Fira,europe_round5_nebius_pajarila,no-open-license-asserted,Fira,2026-08-11,2026-09-08T21:33:43Z,dbdde0c41ff4af8c02a8d8ccd2090c7bb33936dae617fd20557bf99ed2fd0202
b1464646-807d-5def-89c0-f1672231130e,"[""context:geometry_identity"",""context:site_distinctness""]","[""337ace90-652d-52fe-a856-fe9b04b5966f""]",government_record,TDLR Project Seafox campus registration address,https://www.tdlr.texas.gov/TABS/Search/Project/TABS2026017750,Texas Department of Licensing and Regulation,meta_round10_independent_review,all-rights-reserved,Texas Department of Licensing and Regulation,,2026-09-08T23:45:09Z,b9b48024caf2b258ff109f3a515aef66827b82eb89c784ce36dd3e8aa5214c3d
b1949858-4f3a-51e7-902d-e14556da78a3,"[""context:geometry_identity"",""context:site_distinctness""]","[""2c3a5bbe-3573-5abe-98dc-8d8312b0a586""]",openstreetmap,Nominatim exact named Bulk N01 campus cross-check,https://nominatim.openstreetmap.org/search?format=jsonv2&q=Bulk%20N01&addressdetails=1&polygon_geojson=1,OpenStreetMap contributors / Nominatim,europe_round22_bulk,ODbL-1.0,OpenStreetMap contributors / Nominatim,,2026-09-09T07:09:46Z,0199325c774ac6eb62fb245503d6d2ebfea779b0983e5421bf98654cb358e0c3
b195ad58-b064-50da-a978-6015aee83c72,"[""context:site_distinctness"",""geometry""]","[""5b52a118-2f46-5f43-b308-a3237e99e065""]",company_disclosure,Digital Realty SUM01 coordinate trace step 3,https://www.digitalrealty.com/_next/static/chunks/2881.7bc38f42a2a7e45e.js,Digital Realty,regions_round8_ascenty_sumare,all-rights-reserved,Digital Realty,,2026-09-08T22:46:24.701Z,60a861bb63086eaeb8f8c23b27dee542370ae088b65b166abb080314e3c9f04d
b1dcdbb3-dd62-5d23-9129-baccd2b08f23,"[""context:site_distinctness"",""geometry""]","[""a1390e66-5b95-568b-869b-b9413c56f8ce""]",openstreetmap,"OSM exposes the named BA3 way, address, operator, datacenter tag and canonical campus URL",https://overpass-api.de/api/interpreter?data=%5Bout%3Ajson%5D%3B%28nwr%5B%22name%22~%22noris%7CNBG6%22%2Ci%5D%2849.40%2C11.12%2C49.42%2C11.15%29%3B%29%3Bout%20body%20geom%3B,OpenStreetMap contributors / Overpass API,europe_mena_round12_expansion_asia,ODbL-1.0,© OpenStreetMap contributors,,2026-09-09T03:10:05Z,9cc42cd65d13501192d059cdc996ac975701c54a6fc4cce755da81c2d61e9791
b205414a-1ead-5049-b1fe-13d21fe5403f,"[""context:site_distinctness"",""geometry""]","[""9217888a-3e78-5b75-ac86-bd32ef026084""]",openstreetmap,OpenStreetMap data reuse and attribution requirements,https://www.openstreetmap.org/copyright,OpenStreetMap Foundation,europe_mena_round10_expansion_asia,no-open-license-asserted,OpenStreetMap Foundation,,2026-09-08T23:48:44.374Z,cf11ee3b3751f032895e7c3fabc20792ac027838d44b996804599aca77fc987c
b215f251-e72b-51f5-9363-705226aef274,"[""context:site_distinctness"",""geometry""]","[""24911fb6-56e2-5357-a224-8cbd977e2234""]",government_record,"US Census geocoder - 2925 NW 120TH TER, MIAMI, FL, 33167",https://geocoding.geo.census.gov/geocoder/locations/onelineaddress?address=2925%20NW%20120th%20Terrace%20Miami%20FL%2033167&benchmark=Public_AR_Current&format=json,U.S. Census Bureau,iron_mountain_us_q2_locator_review,no-open-redistribution-license-asserted,U.S. Census Bureau,,2026-09-08T20:06:32Z,3da752594abdc0736d7f05b02bdbfab15c6819c87c5f6572220cf67c3150192f
b244ccdf-e6bb-55a0-9048-be08e7fe57fd,"[""context:geometry_identity"",""context:site_distinctness""]","[""447b19d9-b89b-59a6-9931-824aa1781fb0""]",company_disclosure,DataBank and Goodman Group Partner to Open New Landmark Data Center in Los Angeles,https://www.databank.com/resources/press-releases/databank-and-goodman-group-partner-to-open-new-landmark-data-center-in-los-angeles/,DataBank,databank_press_releases,all-rights-reserved,DataBank,2026-04-07T13:00:09Z,2026-07-22T02:37:32Z,7f1478a4fc00e088f48fa0c41fe63d7f159a754c5dd6577ce2b7b7a98da48a57
b245c5a0-b84f-52ab-8248-468ad9180645,"[""context:geometry_identity"",""context:site_distinctness""]","[""be6d721d-f632-5c86-a057-78774604bc6c""]",company_disclosure,Goodman France - Tremblay data-center project description,https://www.seine-saint-denis.gouv.fr/contenu/telechargement/23809/192822/file/B-Description%20du%20projet.pdf,"Goodman France, hosted by Prefecture of Seine-Saint-Denis",seine_saint_denis_goodman_environmental_filings,all-rights-reserved,"Goodman France, hosted by Prefecture of Seine-Saint-Denis",,2026-09-08T19:25:20Z,bac2353ba94a40403f6a3a1a28c9d2dc09079c79d8312950ad818320b9f411bc
b2f07aa5-6b86-5975-8eee-c77d11d6aa0a,"[""context:site_distinctness"",""geometry""]","[""b9ccc1e7-c2da-5822-82bc-b20be7d43dfe""]",government_record,Municipal map public search and coordinate transformation methods,https://kartta.lappeenranta.fi/IMS/bundles/imscore?v=G3ob28axnml9DJ8RoTAoFLLmwbG9Chr0Fvf-WjyWgC01,City of Lappeenranta via Trimble IMS,europe_round5_exact_locators,no-open-license-asserted,City of Lappeenranta via Trimble IMS,,2026-09-08T21:38:56Z,84c5bf32d0796e2e8bf712337bad692eb78ed9388eca943810661e0109cafb25
b2f9fcc1-8242-5fe8-858a-005b8c737b96,"[""context:geometry_identity"",""context:site_distinctness""]","[""5b52a118-2f46-5f43-b308-a3237e99e065""]",company_disclosure,Ascenty Code of Conduct identifies Chris Torto as CEO,https://ascenty.com/wp-content/uploads/2026/03/MAN-CPC-0002-Code-of-Conduct-and-Ethics.pdf,Ascenty,regions_round8_ascenty_sumare,all-rights-reserved,Ascenty,,2026-09-08T22:48:53.697Z,35e699f2405c76524321c2228a6cb8c4536882093e8ad8088de9b95308672562
b3ee85bd-b902-5459-b3c0-510bee0b23e5,"[""context:geometry_identity"",""context:site_distinctness"",""physical_status""]","[""b4349487-1879-5b90-9064-d1b86cb49850""]",company_disclosure,MCF Group Estonia July 30 release states preparatory construction has begun,https://tensor.estate/news/mcf-group-100m-expansion,"MCF Group Estonia, hosted by shareholder Tensor Estate",europe_round18_greenergy_huuru,no-open-license-asserted,MCF Group Estonia / Tensor Estate,2026-07-30,2026-09-09T05:08:39.607Z,94f829a7ee267a6eac7c4449f5fcc0e2ff2c41730c36333b9ff4253b3a164495
b420edee-9de9-5a3f-b6f7-0fe68eddf368,"[""context:site_distinctness"",""geometry""]","[""95b33a98-a85e-57af-b18d-6811a7fd3b20""]",openstreetmap,NEXTDC KL1 exact named community building point,https://nominatim.openstreetmap.org/search?q=NEXTDC%20KL1&format=jsonv2&polygon_geojson=1,OpenStreetMap contributors / Nominatim,openstreetmap_nominatim,ODbL-1.0,© OpenStreetMap contributors,,2026-09-08T21:01:52Z,5789dbec6a1cdc0ad40b4439517765640e2fec8e3aa9287f286d7e9305966670
b492265f-627e-52b8-9b29-61f0993e3870,"[""context:site_distinctness"",""geometry""]","[""26ebe837-0ec5-5973-a729-656b1b4ce011""]",government_record,County public parcel-view geometry semantics,https://services5.arcgis.com/zhyAQE7C1EXFJ6bG/arcgis/rest/services/Parcels_View/FeatureServer/0?f=pjson,Coshocton County GIS,americas_round20_conesville,no-open-license-asserted,Coshocton County GIS,,2026-09-09T06:01:37.324Z,7b4e63b4530eed0bac55d36237b963bc3c3fe8f3e6faef13dc4f659d7630078a
b4b28f3b-6f8f-56f1-8da7-0ebd8835d3d5,"[""context:site_distinctness"",""geometry""]","[""a1390e66-5b95-568b-869b-b9413c56f8ce""]",openstreetmap,OpenStreetMap specifies ODbL reuse and attribution obligations,https://www.openstreetmap.org/copyright,OpenStreetMap Foundation,europe_mena_round12_expansion_asia,no-open-license-asserted,OpenStreetMap Foundation,,2026-09-09T03:14:02Z,c8055488347fce8abf6b4fb31178c7212b062c5d914f7501588069233718b914
b522ac80-5fe4-592c-b147-223fb992336b,"[""context:site_distinctness"",""geometry""]","[""e39b5191-4a78-5781-8944-24efaf944aa9""]",government_record,Corio exact primary Vicmap address point at 148-158 O'Brien's Road,https://services-ap1.arcgis.com/P744lA0wf4LlBZ84/arcgis/rest/services/Vicmap_Address/FeatureServer/0/query?where=pfi%3D%27215512998%27&outFields=*&outSR=4326&returnGeometry=true&f=pjson,Victoria Department of Transport and Planning / Vicmap,vicmap_official_address_service,CC-BY-4.0,"© State of Victoria, Department of Transport and Planning, Vicmap",,2026-09-08T21:10:18Z,042c5cf272c53ab0b50560628cc0c21c3a9c5e9304d2c71cc70a526afec777df
b54ee87c-169e-5be3-a9fa-5448a9ee2582,"[""context:geometry_identity"",""context:site_distinctness""]","[""9217888a-3e78-5b75-ac86-bd32ef026084""]",company_disclosure,Portus explicitly groups MUC1 and MUC2 on one Kirchheim campus,https://www.portusdatacenters.com/our-data-centers/munich/,Portus Data Centers,europe_mena_round10_expansion_asia,no-open-license-asserted,Portus Data Centers,2024-03-21,2026-09-08T23:44:22.834Z,1379312aa7c1fb55e6f91472dd1cb2b684832594873531ccc0903f6facb0eb90
b5f725b6-c011-5875-9eac-4b24ef7aa0ed,"[""context:site_distinctness"",""geometry""]","[""8c926b8f-0190-533b-aa7e-3223971b9e23"",""ad57807a-f6b6-55f9-b26f-acd194e12880""]",openstreetmap,OSM documented WGS84 coordinate convention,https://wiki.openstreetmap.org/wiki/Converting_to_WGS84,OpenStreetMap Wiki contributors,americas_round11_flexential_hillsboro5,CC-BY-SA-2.0,OpenStreetMap Wiki contributors,,2026-09-09T00:40:45.466Z,ef4c26a966b11dc4ccb8b95153fd3711e2dd60f1526e83abbfb8984bb607f074
b6d64b68-ed7c-56c8-b053-2fd4b7d87208,"[""context:geometry_identity"",""context:site_distinctness""]","[""2c3a5bbe-3573-5abe-98dc-8d8312b0a586""]",openstreetmap,OSM relation identifies Bulk N01 Campus,https://www.openstreetmap.org/api/0.6/relation/13780899/full.json,OpenStreetMap contributors,europe_round22_bulk,ODbL-1.0,OpenStreetMap contributors,,2026-09-09T07:11:25Z,a638ff6ed753bb2b209098ff8fb1214dfea23868f9f9ae9d635918ea81a5011d
b80a4916-7cc6-5898-9269-3b84ae424785,"[""physical_status""]","[""c1af62b5-b9a2-5c15-a8a4-717e1a65ac05""]",government_record,Espoo June 11 minutes - construction status of permits 2024-616 and 2024-1349,https://espoo.oncloudos.com/cgi/DREQUEST.PHP?id=20261687-10&page=meetingitem,City of Espoo,espoo_environment_building_committee,no-open-redistribution-license-asserted,City of Espoo,,2026-09-08T19:09:11Z,51423a8dd1cc271a8121bc0caa0b6ee1f03393ff7fc61145fbea98db5a55becf
b886587a-20ed-5067-b88e-7553312596f6,"[""physical_status""]","[""4f86e285-bcf1-537b-b31e-8af7b27ed556""]",company_disclosure,Goodman FY26 Results - FRA02 current development,https://www.goodman.com/-/media/project/goodman/global/files/investor-centre/gmg-goodman-group/announcements/asx-announcements/2026/4-full-year-results-presentation-5.pdf?rev=ac56d4e1f3444d309bbefa27304c7da1,Goodman Group,goodman_group_investor_presentations,all-rights-reserved,Goodman Group,2026-08-19,2026-09-08T18:38:25Z,892c9d069276912a13d2ff100ff3260b1c2d26874693d644e0d34dce3a7d809d
b89b0c05-a075-5b61-a0d4-2f673c68a1d3,"[""context:geometry_identity"",""context:site_distinctness"",""physical_status""]","[""3e074273-f5f7-5785-ab10-232a5ebd5c6b""]",company_disclosure,Hut 8 August 4 River Bend physical construction update,https://www.hut8.com/news-insights/press-releases/hut-8-reports-second-quarter-2026-results,Hut 8 Corp.,americas_round9_hut8,all-rights-reserved,Hut 8 Corp.,2026-08-04,2026-09-08T23:13:46.969Z,5dd5a6ba19bde75372b8a39ab725d97fbd8429e8369a7f1d14ad47942c3e1b58
b8f48947-744f-5802-8111-0e8519cafdd1,"[""context:site_distinctness"",""geometry""]","[""8c926b8f-0190-533b-aa7e-3223971b9e23""]",openstreetmap,Exact D2 OSM object identity corroboration,https://overpass-api.de/api/interpreter?data=%5Bout%3Ajson%5D%5Btimeout%3A25%5D%3Bway%281258702591%29%3Bout%20meta%20geom%3B,OpenStreetMap contributors,flexential_douglasville2_round12,ODbL-1.0,OpenStreetMap contributors,,2026-09-09T02:46:33Z,34d2bc4cae4d2e6dd67e58d289a30ad40158d1d053bd709379f870d84135262e
bad12459-311d-512a-aca2-716918af6b40,"[""context:geometry_identity"",""context:site_distinctness"",""geometry""]","[""43ded2e8-5dcf-5174-b553-a4a04aaeebe3""]",company_disclosure,Edged Lisbon literal site coordinates,https://www.edged.es/lisbon,Edged,merlin_edged_official_round4,all-rights-reserved,Edged,,2026-09-08T20:45:39Z,e81e69c20897eca57e7c66ebcd737332476ca40f94371d6d7dae2c4089011825
bb068d33-84b8-51c6-bf12-3a96045eddd7,"[""context:site_distinctness"",""geometry""]","[""100cf064-1cae-5dba-a4d9-6c4ae35152ec""]",government_record,MOJ organization terms resource: exact license-document link,https://www.geospatial.jp/ckan/dataset/houmusyouchizu-riyoukiyaku,"Ministry of Justice, Japan",aigid_moj_cadastral_reference,MOJ-map-data-custom-terms-2023-01-23,"Ministry of Justice, Japan; AIGID conversion; Data Center Atlas selection and display-anchor derivation",,2026-09-08T21:44:12.775Z,b4cf5cf52526171ab39e48ce79a546ac107d305b3251861b43b6a098dbc5dfd3
bb90c0f6-61de-5891-9200-fe549e67775f,"[""context:site_distinctness"",""geometry""]","[""26ebe837-0ec5-5973-a729-656b1b4ce011""]",government_record,County parcel-view attribution and licence status,https://www.arcgis.com/sharing/rest/content/items/7a62283c7d75401e87fd7c08f8de6420?f=pjson,Coshocton County GIS,americas_round20_conesville,no-open-license-asserted,Coshocton County GIS,,2026-09-09T06:02:49.213Z,941eb25bea150436c477004e2513459af96bc6defe8583b44fce9cd6b38743b9
bbe5b5b6-1a35-5d71-ab9b-27dbbf404a5a,"[""context:geometry_identity"",""context:site_distinctness""]","[""1404f5cd-04ee-57ea-8f73-91992fea0552""]",company_disclosure,Turner Richland Parish Phase 1 and Phase 2 scope boundary,https://www.turnerconstruction.com/pages/richland-parish-data-center-resource-page,Turner Construction Company,meta_round10_independent_review,all-rights-reserved,Turner Construction Company,,2026-09-08T23:49:45Z,ede8a71cb228bb548ac36c9449416356dbfd2c89bd66192b6c601e098e537482
bce8fcc5-8779-5852-9c88-28fdd94c9e90,"[""physical_status""]","[""e62026de-3394-51f7-8823-44ee0da1801c""]",company_disclosure,CapitaLand India Trust 1H 2026 Financial Results - DCs Under Development,https://www.capitaland.com/content/dam/capitaland-newsroom/International/2026/july/clint-1h2026-results/2.%20CLINT%201H%202026%20slides_29%20July%202026.pdf,CapitaLand India Trust,capitaland_india_trust_financial_results,all-rights-reserved,CapitaLand India Trust,2026-07-29,2026-09-08T18:28:04Z,5ce78c489021757c8e3f7978039ee3efc256cc58a569625c6f0fc446ea9321af
bcfd694e-fffe-5cd4-80e6-9f3e1c85802b,"[""context:site_distinctness""]","[""aa2dc8a4-52d8-5519-b23a-2ff0313db9e3""]",company_disclosure,Edged source-content rights restrictions,https://www.edged.es/legal-notice,Edged,expansion_round5_primary_sources,all-rights-reserved,Edged,,2026-09-08T20:46:55Z,10e6eff38ab81f9de69061d1e3acaa3ffd7679576937a765f98ca4c6271c2ab9
bd966015-d536-5399-b129-77a2563b975b,"[""context:geometry_identity"",""context:site_distinctness""]","[""26ebe837-0ec5-5973-a729-656b1b4ce011""]",government_record,County July 15 minutes identify Aligned Conesville parcel,https://www.coshoctoncounty.net/uploads/boc/minutes/2026-07-15.pdf,Coshocton County Board of Commissioners,americas_round20_conesville,no-open-license-asserted,Coshocton County Board of Commissioners,2026-07-15,2026-09-09T05:54:40.781Z,f56912f46d019854b4585eef86867fc834e87de9f99748c11c62a12ab9e86aae
be69399f-bc8f-54f2-b2c6-2d4af67000df,"[""context:geometry_identity"",""context:site_distinctness"",""physical_status""]","[""26ebe837-0ec5-5973-a729-656b1b4ce011""]",company_disclosure,Aligned Conesville data-pad earthworks completed in July 2026,https://ccucoal.com/ccu_projects/aligned-data-pad-project/,CCU Coal & Construction,americas_round20_conesville,no-open-license-asserted,CCU Coal & Construction,2026-06-08,2026-09-09T05:52:00.412Z,ac505fc44ea983ccdf97a6bdd5bd1e148f3be90d2f42d0e5641bc49f2ec7c562
be721c3f-e877-5d6b-aa16-7ab56c9d5a57,"[""context:geometry_identity"",""context:site_distinctness""]","[""1404f5cd-04ee-57ea-8f73-91992fea0552""]",company_disclosure,Meta Richland Parish campus and contractor identity,https://datacenters.atmeta.com/richland-parish-data-center/,Meta,meta_round10_independent_review,all-rights-reserved,Meta,,2026-09-08T23:50:02Z,c2517a573f8fdc76e30b348b60c6edab79abb592e644ad1aa3d6f6a1f3c4d5e0
beb5b027-4ba6-58e7-adc6-749b3ede641c,"[""context:geometry_identity"",""context:site_distinctness""]","[""bdfd522f-2d7e-5d1f-8e00-3c43b462ed27""]",government_record,Amazon to Open Data Center at NorthPoint Development in Falls,https://www.fallstwp.com/resources/news/article/?id=10070,Falls Township,expansion_200_us_locator_review,no-open-redistribution-license-asserted,Falls Township,2025-06-09,2026-09-08T19:30:42Z,18c94d60508474777517ec2556051c44b4079be4299f4d5992b42f7d7ed18bc4
bf13f412-b8ac-59e6-a41c-1433d789ae97,"[""context:site_distinctness""]","[""ad57807a-f6b6-55f9-b26f-acd194e12880""]",company_disclosure,Hillsboro 5 owner brochure: design and marketing context,https://www.flexential.com/system/files/file/2024-06/Hillsboro-5-Data-Center-hvc.pdf,Flexential,americas_round11_flexential_hillsboro5,all-rights-reserved,Flexential,,2026-09-09T00:34:14.253Z,bbfdd3fc700926a804f9baefbd1b0c207079afeba8844808bac8453f94e6f178
c135b4d5-0ca1-5b3a-ad0b-e2ad45acb76a,"[""context:geometry_identity"",""context:site_distinctness""]","[""b7744ad5-aa48-5977-a70e-3d6a588f468d""]",company_disclosure,Applied Digital August12 response about DF1 construction wells,https://media.kingfish.la/2026/08/gwr_APLD_response.pdf?ref=kingfish.la,Applied Digital via JSA; publicly rehosted by Kingfish,americas_round5_df1_followup,no-open-redistribution-license-asserted,Applied Digital via JSA; publicly rehosted by Kingfish,2026-08-12,2026-09-08T22:08:35Z,8695e33085a69fb921dc7fe82c27e1092b0b9b9bc37c24b73911ede95edd4068
c239ec85-6927-5296-87b5-901f8dc335cf,"[""context:geometry_identity"",""context:site_distinctness""]","[""825dd9ee-ffe9-525e-8d9f-ec8e370d9944""]",government_record,LON3 environmental permit advertisement - identity,https://www.gov.uk/government/publications/sl1-4pf-iron-mountain-uk-data-centre-limited-environmental-permit-application-advertisement-eprtp3120lea001/sl1-4pf-iron-mountain-uk-data-centre-limited-environmental-permit-application-advertisement-eprtp3120lea001,Environment Agency,iron_lon3_government,"Open Government Licence v3.0, except where otherwise stated",Environment Agency,2025-01-08,2026-09-08T19:55:41Z,9f1a8839809a2c4745c2c8606e01adbbe8abf0d8c60fe9fef8736f3fb03359bb
c2435d5e-e945-52cf-9831-eb7bcbda882c,"[""context:site_distinctness"",""geometry""]","[""709cd37b-7f3a-5313-b3e2-a18ddc0885ec""]",openstreetmap,OSM WGS84 coordinate convention,https://wiki.openstreetmap.org/wiki/Converting_to_WGS84,OpenStreetMap Wiki contributors,pecos_round15_primary_review,CC-BY-SA-2.0,OpenStreetMap Wiki contributors,,2026-09-09T03:16:33.558Z,adfb84fc011bebbe9e3ffec1d36a4dabdc0b9d0a4b036fe3e901042bf5bd554b
c39d71f0-c36f-5942-85a8-d7c235f5ea32,"[""context:geometry_identity"",""context:site_distinctness"",""physical_status""]","[""8715738f-39ac-5058-a01a-b62758b49831"",""95b33a98-a85e-57af-b18d-6811a7fd3b20"",""e39b5191-4a78-5781-8944-24efaf944aa9""]",company_disclosure,"NEXTDC FY26 announcement: named M4, GE1 and KL1 work at June 30",https://www.nextdc.com/hubfs/Financial%20Reports/FY26/FY26%20Results%20Announcement.pdf,NEXTDC Limited,nextdc_official_financial_reporting,all-rights-reserved,NEXTDC Limited,2026-08-27,2026-09-08T20:45:47Z,e803bedfe822498532c9d33d194646b4cbe00eaf77e887273ce5874297dccc9c
c3c1222b-f7d8-5ddd-9fb4-b037a442b1b2,"[""context:site_distinctness"",""geometry""]","[""b91d994d-0f59-5ed8-ad74-20e4ba2251f3""]",openstreetmap,OSM documents WGS84 latitude and longitude,https://wiki.openstreetmap.org/wiki/Node,OpenStreetMap Wiki contributors,americas_round21_procergs,CC-BY-SA-2.0,OpenStreetMap Wiki contributors,,2026-09-09T06:36:58Z,6d0a2a184d9fb49f51663fc54e995bd722f87d6d50b0db96ac34d4ef7e6ac900
c4af69cb-30b1-5b71-83c0-6817895c74b6,"[""context:geometry_identity"",""context:site_distinctness"",""physical_status""]","[""9217888a-3e78-5b75-ac86-bd32ef026084""]",company_disclosure,Portus reports MUC2 currently being constructed on its Munich campus,https://www.portusdatacenters.com/pressrelease/arcus-secures-inaugural-financing-for-portus-data-centers/,Portus Data Centers,europe_mena_round10_expansion_asia,no-open-license-asserted,Portus Data Centers,2026-05-28,2026-09-08T23:43:56.985Z,0411948bee108b787f4af5e1cd3c9fb388052d9ae45fe722c693111ccc37d7f9
c51133f6-ec11-5fe2-9d6e-949a94150bf8,"[""context:geometry_identity"",""context:site_distinctness"",""physical_status""]","[""9fe862f6-ace2-5f5d-9c90-486fa4622982""]",company_disclosure,Airtel Africa Q1 2027 call: Nigerian data-centre construction remains ongoing,https://cdn-webportal.airtelstream.net/website/investor/main/pdf/Q1-2027/Airtel_Africa_Q12027_results_transcript.pdf,Airtel Africa,africa_round7_nxtra,all-rights-reserved,Airtel Africa,2026-07-23,2026-09-08T22:27:54.014Z,134290aa4d786172063d02fbd361f01f1093ea91ef0fc83abbc5f363396d0c02
c5cf08ec-c05c-54ab-86b1-f9ba72b1e068,"[""context:site_distinctness"",""geometry""]","[""c4ffa53e-bb43-5af1-9e07-aa5045ea480b""]",government_record,Toronto One Address Repository: exact 48 Lowe's Place Land address point,https://ckan0.cf.opendata.inter.prod-toronto.ca/api/3/action/datastore_search?resource_id=0b3756af-9caf-4f0f-ac28-9c6617adede4&filters=%7B%22LINEAR_NAME_FULL%22:%22Lowe%27s%20Pl%22%7D&limit=100,"City of Toronto, Geospatial Competency Centre",americas_africa_round10_etobicoke,Open Government Licence - Toronto,"City of Toronto, Geospatial Competency Centre",,2026-09-08T23:53:51.480Z,8ce46116e666700693c3d3432c65aa8a364946ed66f6b1b20a159bb4c2a6219c
c5e995b6-5ba7-520b-8298-f99f10da5e31,"[""physical_status""]","[""f054a923-1869-5cee-aec7-f9673b431f14""]",company_disclosure,Digital Realty Announces Purchase of Blackstone Interest in Three Northern Virginia Data Centers,https://www.digitalrealty.com/about/newsroom/press-releases/30426/digital-realty-announces-purchase-of-blackstone-interest-in-three-northern-virginia-data-centers,Digital Realty,digital_realty_press_releases,all-rights-reserved,Digital Realty,2026-06-29,2026-07-19T18:30:16Z,5faadbd9d2fb5edd8c33f981495284f1c32e244d71c43cdbd9eae311137487a5
c83755d8-f1a4-5040-a3c7-485ea057fc53,"[""context:site_distinctness"",""geometry""]","[""5b52a118-2f46-5f43-b308-a3237e99e065""]",company_disclosure,Digital Realty SUM01 coordinate trace step 4,https://www.digitalrealty.com/_next/static/chunks/1438.728722cd82ebeed9.js,Digital Realty,regions_round8_ascenty_sumare,all-rights-reserved,Digital Realty,,2026-09-08T22:46:25.162Z,729922bfef0efceb22ad0f58a9669ca82b3926175ab532e2380b6cde712d8c02
c874fcec-0c4d-5dec-b277-0c338369d9c7,"[""context:site_distinctness"",""geometry""]","[""b0be5071-aff0-5470-a041-a0be3cc8385a""]",company_disclosure,MAD01 source-published coordinate target,https://maps.app.goo.gl/27oe2osrJoEjN5eB8,Goodman Group via its published Google Maps link,goodman_mad01_map,all-rights-reserved,Goodman Group via its published Google Maps link,,2026-09-08T19:53:40Z,1e9e253a67f73ed0daefb444716b9b9fb4557188994fadc087a7be0d717a46a4
c8f9fc8f-9f3a-5a76-bbac-b3409095e6f4,"[""context:geometry_identity"",""context:site_distinctness""]","[""100cf064-1cae-5dba-a4d9-6c4ae35152ec""]",company_disclosure,EFHD July 1 update: on-site Phase II substation works commenced,https://www.ef-hd.com/news/press/2561/,"Environmentally Friendly Holdings Co., Ltd.",efhd_official_company_disclosure,all-rights-reserved,"Environmentally Friendly Holdings Co., Ltd.",2026-07-01,2026-09-08T21:35:58.000Z,4190054ad69cfc3cbaf56ade247a7a2e87e3825b846d63899deeb8f343432006
c9b93f36-c38e-59b2-be92-b84c13969efe,"[""context:site_distinctness"",""geometry""]","[""f0e92e2e-e082-5b7f-9486-fd744b5b68e6""]",government_record,Official REFRAME converts the exact downloaded address point to WGS84,https://geodesy.geo.admin.ch/reframe/lv95towgs84?easting=2699653.019&northing=1261946.623&format=geojson,Federal Office of Topography swisstopo,europe_mena_round9_expansion_asia,swisstopo-free-geodata-terms-2021-03-01,© swisstopo,,2026-09-08T23:20:20.296Z,5d3ef25809cba4ed4f42cc65701aa34095c16911daec2f273bcf1301616faa73
cbad4f1b-fb21-5ba5-844c-7f1e660bdd53,"[""context:geometry_identity"",""context:site_distinctness""]","[""ad57807a-f6b6-55f9-b26f-acd194e12880""]",company_disclosure,Owner ESG release distinguishes commissioned H4 from H5 awaiting completion,https://www.prnewswire.com/news-releases/flexentials-2025-esg-report-details-progress-on-sustainable-data-center-infrastructure-302820256.html,"Flexential, distributed by PR Newswire",americas_round11_flexential_hillsboro5,all-rights-reserved,"Flexential, distributed by PR Newswire",2026-07-08T13:04:00Z,2026-09-09T00:41:20.635Z,3d8c933f0214c87b07f67566a91f418ab5d75d0b166557182e4914098a95156d
cdc8d295-dbe5-5ec1-98b5-2393692f2f2c,"[""context:site_distinctness"",""geometry""]","[""fe92035e-3a00-5a85-b009-34fe9c2c545e""]",government_record,NLS cadastral WFS exact parcel 398-5-966-7 and its supplied reference point,https://inspire-wfs.maanmittauslaitos.fi/inspire-wfs/cp/ows?service=WFS&version=2.0.0&request=GetFeature&typeNames=cp%3ACadastralParcel&outputFormat=application%2Fjson&CQL_FILTER=nationalCadastralReference%3D%2739800509660007%27,National Land Survey of Finland,europe_round16_dayone_lahti,CC-BY-4.0,"Contains data from the National Land Survey of Finland, INSPIRE Cadastral Parcels, delivered 9 September 2026; reference point transformed from EPSG:3067 to EPSG:4326.",,2026-09-09T04:12:14Z,9e43b9729105b1baaaab1c0580c07cc1034d2555af443e52cea8430f308da962
cee9edb1-a1b7-556c-bd41-d92fd10ee555,"[""context:geometry_identity"",""context:site_distinctness""]","[""e1aeeee2-575c-5873-a96a-528a6c08b387""]",government_record,Villeneuve-Saint-Georges data-center inquiry report - PAR II campus,https://www.val-de-marne.gouv.fr/contenu/telechargement/24683/190699/file/Rapport_Centre%20donn%C3%A9es%20VSG.pdf,Prefecture of Val-de-Marne public inquiry commissioner,val_de_marne_environmental_inquiry_reports,no-open-redistribution-license-asserted,Prefecture of Val-de-Marne public inquiry commissioner,,2026-09-08T19:25:20Z,bdb826afa00df285e862fd1dc614b3a620cedc040606ee083c34bb97db30104d
cfc9c29d-b829-5b80-9c18-a1b0915f87b6,"[""context:geometry_identity"",""context:site_distinctness""]","[""d83dc321-220b-5c4c-b5af-ff1f4bc19a5d""]",company_disclosure,Northern Virginia VA-9 brochure - campus relationship,https://edge.sitecorecloud.io/ironmountain-c8dd68e9/media/project/iron-mountain/iron-mountain/files/services/imdc/locations/data-centers-va-9-brochure.pdf?sc_lang=en,Iron Mountain Data Centers,iron_mountain_us_q2_locator_review,no-open-redistribution-license-asserted,Iron Mountain Data Centers,,2026-09-08T20:07:19Z,2beb6b344c2207aaa7770cf742e101e353ba9023c459c29cffa2fe0daf626703
d023a91d-b0e7-5468-a30f-b28d6db4714c,"[""context:site_distinctness"",""geometry""]","[""8715738f-39ac-5058-a01a-b62758b49831"",""e39b5191-4a78-5781-8944-24efaf944aa9""]",government_record,Vicmap Address service item: publisher and current data licence,https://www.arcgis.com/sharing/rest/content/items/944561c665db48a8b0df5ca0d965d3fd?f=pjson,Victoria Department of Transport and Planning / Vicmap,vicmap_official_address_service,CC-BY-4.0,"© State of Victoria, Department of Transport and Planning, Vicmap",,2026-09-08T21:08:42Z,f3a334b20ddf6ceb9d7953cb980068d85e1db926324d6f2a6d040f0aefe34a33
d07a6f63-e9f2-51aa-904c-f6f60205763a,"[""context:site_distinctness"",""geometry""]","[""12407b2e-a44d-5c8d-aa62-c7b64045e20f""]",government_record,Cass County tax parcel item and reuse policy,https://www.arcgis.com/sharing/rest/content/items/ef3abbb09d9a41c8a0650639f211aa8d?f=pjson,Cass County North Dakota,americas_round5,public-domain-per-Cass-County-item-policy,Cass County North Dakota,,2026-09-08T21:45:14Z,bea40a044cc8dfdee365e9b35d5a4c80598abed542d4bd202fb274d02a10e876
d0a54022-826a-54c2-9a92-ebae96adce88,"[""context:geometry_identity"",""context:site_distinctness""]","[""b7744ad5-aa48-5977-a70e-3d6a588f468d""]",government_record,Applied Digital well40-0252 notification and Louisiana acknowledgement,https://media.kingfish.la/2026/08/gwr-40-0252.pdf?ref=kingfish.la,Louisiana Department of Conservation and Energy; publicly rehosted by Kingfish,americas_round5_df1_followup,no-open-redistribution-license-asserted,Louisiana Department of Conservation and Energy; publicly rehosted by Kingfish,2026-04-06,2026-09-08T22:08:34Z,79446ecbb99cbce2da6e449cacb0e71298ec96e06b39ffd62e2271ea3335f67d
d2a2c2ab-27ad-53e6-873a-e6f37c4a8e66,"[""context:geometry_identity"",""context:site_distinctness""]","[""e3f1fc38-bc59-5373-803f-d5c86d817096""]",company_disclosure,Amsterdam Data Center,https://www.ironmountain.com/data-centers/locations/amsterdam-data-center,Iron Mountain Data Centers,iron_mountain_data_center_location_pages,all-rights-reserved,Iron Mountain Data Centers,,2026-07-20T04:22:16Z,62be35adea69fb7cddf87a9a1a07734afac9898e3e9a76416d8a64b598f7b392
d3721ce7-7e2b-5fe8-8023-d1c1f1d0109f,"[""physical_status""]","[""64289119-458d-5fc9-bf51-5af6097220eb""]",company_disclosure,Kirkkonummi project update - first-building physical work,https://winthrop.ie/kirkkonummi-finland-project-updates/,Winthrop Technologies,winthrop_project_updates,all-rights-reserved,Winthrop Technologies,2026-06-26,2026-09-08T19:09:10Z,8ff04011053ab2f628ec9d1397e2d70cb6322d184c17b4383f9f1239d1cbb351
d4221041-9a41-5f35-be1c-7820aea336e1,"[""context:geometry_identity"",""context:site_distinctness""]","[""fe92035e-3a00-5a85-b009-34fe9c2c545e""]",government_record,City of Lahti identifies DayOne's Kiveriö site between two roads,https://www.lahti.fi/en/news/a-e1-2-billion-data-centre-to-be-built-in-kiverio-lahti/,City of Lahti,europe_round16_dayone_lahti,no-open-license-asserted,City of Lahti,,2026-09-09T04:13:44Z,aac721521b065eebda7aae853d223ad20f5f7dc573e206a36bafd2d58a731593
d4b5361d-8a09-58ae-b9ee-4cac8a64e855,"[""context:site_distinctness"",""geometry""]","[""26ebe837-0ec5-5973-a729-656b1b4ce011""]",government_record,Official county viewer names its underlying web map,https://www.arcgis.com/sharing/rest/content/items/dcc7010b7b4f47a983273a642fa8164d/data?f=pjson,Coshocton County GIS,americas_round20_conesville,no-open-license-asserted,Coshocton County GIS,,2026-09-09T06:00:04.137Z,4c44c084d29038bbd87abacb3fe5fc3e81fb3006c773696a90e57d9936868364
d5e0a9c8-25a7-56f4-b135-3a8fc17352e0,"[""context:site_distinctness"",""geometry""]","[""1404f5cd-04ee-57ea-8f73-91992fea0552""]",openstreetmap,Meta Richland Parish Data Center source object identity and geometry corroboration,https://api.openstreetmap.org/api/0.6/relation/19710316/full.json,OpenStreetMap contributors,meta_round10_independent_review,ODbL-1.0,OpenStreetMap contributors,,2026-09-08T23:45:08Z,7b3d653ac4a8ea367cf46cb6261a4af8138f7996cc5f58c3e4a3244bb8eb6ba3
d72c7f46-599a-551b-a27c-98c8bcc8fd9c,"[""context:geometry_identity"",""context:site_distinctness"",""physical_status""]","[""d2e988cd-e878-5061-817e-0c1cda87f372""]",company_disclosure,Bulk DK01 Esbjerg Campus: operator Q2 2026 physical construction update,https://bulkinfrastructure.com/uploads/Financial-report/Quarterly-Report/Bulk-Infrastructure-Group-Financial-statements-Q2-2026.pdf,Bulk Infrastructure Group AS,europe_round22_bulk,no-open-license-asserted,Bulk Infrastructure Group AS,2026-07-16,2026-09-09T07:06:18Z,872b3e6401774d353a77809da59f53faf9d6c0095b483b6ace1070591768fb4f
d7a63f81-4c49-5a82-af67-ecdd90833c2a,"[""context:geometry_identity"",""context:site_distinctness""]","[""c9b6bff7-09a3-599b-9c8c-49243461c0fb""]",company_disclosure,Operator location and technology-centre identity,https://flexbase.ch/de/kontakt,FlexBase Group,europe_round5_flexbase,no-open-license-asserted,FlexBase Group,,2026-09-08T21:57:24Z,d95bcf4eedc1c02205819d7f2cde86546f250290f70174398dd5a2a07f2c0e41
d9f0d2d4-00db-532c-aaf4-62229f101ec6,"[""context:site_distinctness"",""geometry""]","[""26ebe837-0ec5-5973-a729-656b1b4ce011""]",government_record,County GIS office public-viewer authority link,https://www.coshoctoncounty.net/taxmap/gis/,Coshocton County GIS and Tax Map Office,americas_round20_conesville,no-open-license-asserted,Coshocton County GIS and Tax Map Office,,2026-09-09T05:56:43.157Z,f2f1b11d1aa88eac5031fad1b4faf00d1f8f92bef339b6a33de29e4037de00f5
db35dc26-765d-50ff-b592-447355a0a667,"[""context:site_distinctness"",""geometry""]","[""f0e92e2e-e082-5b7f-9486-fd744b5b68e6""]",government_record,Swisstopo free geodata and geoservice reuse terms,https://www.swisstopo.admin.ch/en/terms-of-use-free-geodata-and-geoservices,Federal Office of Topography swisstopo,europe_mena_round9_expansion_asia,no-open-license-asserted,© swisstopo,2022-08-26,2026-09-08T23:12:23.623Z,2a1e8c8e36f7b9a122256f16c9fcc399e72502a247487264bc95fcfcfbf9557d
db51e0ad-4722-5125-8298-a867e91485b6,"[""context:geometry_identity"",""context:site_distinctness"",""physical_status""]","[""8f5c2434-0b2d-547e-ac2c-e25ddeefe1b7""]",company_disclosure,Lübbenau Data Center Current Build dated physical observation,https://www.convis.com/neues-von-der-baustelle-pressetermin-am-mega-rechenzentrum-in-luebbenau/,"convis GmbH, project manager with CPM GmbH",europe_round7_expansion_asia,no-open-license-asserted,"convis GmbH, project manager with CPM GmbH",2026-08-24,2026-09-08T22:36:22.336Z,1a3f86303d308468342d95c6bf69e324ad32874d3f1036efdc76936a02fb7018
dc67d965-3723-5231-ac1f-ca26516929b0,"[""context:geometry_identity"",""context:site_distinctness"",""geometry""]","[""825dd9ee-ffe9-525e-8d9f-ec8e370d9944""]",company_disclosure,LON3 site report - National Grid reference,https://consult.environment-agency.gov.uk/psc/sl1-4pf-iron-mountain-uk-data-centre-limited-a001/supporting_documents/Application%20%20Bespoke%20%20Site%20Condition%20Report_REH2023N04112RAMRP00003%2030092024.pdf,"Ramboll for I3 Solutions, publicly hosted by Environment Agency",iron_lon3_site,all-rights-reserved,"Ramboll for I3 Solutions, publicly hosted by Environment Agency",,2026-09-08T19:54:10Z,e2aeebafded7c5be5e7300938f15a30255c895e2694acab2b1ffd3daab6ef3f7
dd0153fd-0d77-5e96-9561-d64ddc7b9eec,"[""context:site_distinctness"",""geometry""]","[""20ee1eea-91bf-52aa-a464-c4a38d436f9e""]",government_record,NDDEQ Applied Digital ELN Building 1 permit application locator,https://ceris.deq.nd.gov/ext/ncore/downloadfile/6356745512656156278,North Dakota Department of Environmental Quality,americas_round5,no-open-redistribution-license-asserted,North Dakota Department of Environmental Quality,,2026-09-08T21:37:49Z,5af0ddbbae762d18f9f6b66fbf14f17d600e0d78d4b74a350b5b2e2634c69951
ddd83ab9-a4fb-51b1-8aa8-68f0f7a04eec,"[""context:site_distinctness""]","[""8dbc82d0-1a4d-5d8e-955e-c5e4973ea19e""]",company_disclosure,PCL March structural completion is not whole-data-center completion,https://www.pcl.com/us/en/newsroom/press-releases/pcl-tops-out-192-million-ai-ready-data-center-as-denvers-digital-infrastructure-demand-accelerates,PCL Construction,americas_round11_flexential_parker,no-open-redistribution-license-asserted,PCL Construction,2026-03-17,2026-09-09T00:29:49.551Z,ddb6dbfd878ce1146606068ff6e098e04bcfd6d61cf39f4a5c0cd3c3d2fff986
de0778c1-6f81-5d67-9983-a45d0da87a7b,"[""context:geometry_identity"",""context:site_distinctness""]","[""b7744ad5-aa48-5977-a70e-3d6a588f468d""]",government_record,Louisiana Economic Development release naming Delta Forge1 in Boyce,https://englandairpark.org/wp-content/uploads/2026/06/LED-News-Release_Applied-Digital.pdf,Louisiana Economic Development; hosted by England Airpark,americas_round5_df1_followup,no-open-redistribution-license-asserted,Louisiana Economic Development; hosted by England Airpark,,2026-09-08T22:02:15Z,0b008e3335ac812d6c784c3daf677ed30d4982e6104b5314634f551f0decc5f8
de4550fe-a477-5719-879b-41a2628fc130,"[""context:site_distinctness"",""geometry""]","[""100cf064-1cae-5dba-a4d9-6c4ae35152ec""]",third_party_dataset,AIGID Tomakomai catalogue: conversion provenance and source rights,https://www.geospatial.jp/ckan/dataset/aigid-moj-01213,Association for Promotion of Infrastructure Geospatial Information Distribution (AIGID),aigid_moj_cadastral_reference,CC-BY-version-unspecified; underlying MOJ-map-data-custom-terms-2023-01-23,"Ministry of Justice, Japan; AIGID conversion; Data Center Atlas selection and display-anchor derivation",,2026-09-08T21:42:31.664Z,56f37ed71d5e131339c2f6d8513e50064fb6a65f1b046fae8c9dd70a06ce49b9
de9edffd-9796-57d9-b1ac-5b83a25e7187,"[""context:geometry_identity"",""context:site_distinctness""]","[""f3cc5dc7-9547-517f-94aa-89e0769f2bf8""]",government_record,County planning letter identifies Peanut data-center parcel,https://www.chesterfield.gov/DocumentCenter/View/48239/Peanut---DEQ-Land-Use-Suitability-and-Value-Form-PDF,Chesterfield County; DEQ form completed by Peanut LLC and county officials,chesterfield_round14,no-open-redistribution-license-asserted,Chesterfield County; DEQ form completed by Peanut LLC and county officials,,2026-09-09T00:19:02Z,14f259fd6ea3ad5fa1f61828fda0bce86211159bf0851432c324aa08a23b5472
dfdb4c4f-1679-576c-9af2-f1f9e746b268,"[""context:geometry_identity"",""context:site_distinctness""]","[""0b67b532-d779-5784-bd6d-d7ee124844aa""]",company_disclosure,Chirisa May 2025 combined Chesterfield campus identity,https://chirisatechnologyparks.com/blue-owl-chirisa-technology-parks-and-powerhouse-data-centers-announce-next-phase-of-5-billion-joint-venture-development-partnership/,Chirisa Technology Parks,chesterfield_round14,no-open-redistribution-license-asserted,Chirisa Technology Parks,,2026-09-09T00:25:27.306Z,4e8b16a85e6c09c4fdb2f4b3f23c11ff6cb545e0be5ad6cd8e248884b026ff7d
e032cdd4-8158-59f6-9cc2-221cf502e7aa,"[""context:geometry_identity"",""context:site_distinctness""]","[""b91d994d-0f59-5ed8-ad74-20e4ba2251f3""]",news,Original August interview distinguishes rebuilt datacenter from future electrical completion,https://convergenciadigital.com.br/governo/data-center-da-procergs-afetado-pela-enchente-ganha-estrutura-renovada-a-partir-de-setembro/,Convergência Digital — Ana Paula Lobo,americas_round21_procergs,no-open-license-asserted,Convergência Digital — Ana Paula Lobo,2026-08-17,2026-09-09T06:28:44Z,1d7bbd5738812e8fc032716d13559ddbe9d6133ffffc4ae853fe73c3372d6aa3
e189ef0d-b505-5b60-bb14-fe05dd8ff560,"[""context:geometry_identity"",""context:site_distinctness""]","[""c4ffa53e-bb43-5af1-9e07-aa5045ea480b""]",government_record,Toronto July22 motion identifies the Etobicoke datacentre at 48 Lowe's Place,https://www.toronto.ca/legdocs/mmis/2026/mm/bgrd/backgroundfile-289859.pdf,City of Toronto,americas_africa_round10_etobicoke,no-open-redistribution-license-asserted,City of Toronto,,2026-09-08T23:51:37.548Z,8dbee1aae8948b5b64e0b7ed90899996ed977975382a31f1dc1c887d2257df03
e1b4ef61-0f27-5a02-9786-de0bb85acf79,"[""context:geometry_identity"",""context:site_distinctness"",""physical_status""]","[""c4ffa53e-bb43-5af1-9e07-aa5045ea480b""]",company_disclosure,Etobicoke Construction Update,https://local.microsoft.com/blog/etobicoke-construction-update/,Microsoft,americas_africa_round10_etobicoke,all-rights-reserved,Microsoft,2026-08-05T06:11:53Z,2026-09-08T23:50:17.442Z,112190dd13b66e141a90cb7f3be8466e1773be2fccc7fff2e1be246aee8679eb
e2316504-2b8a-5b2f-a096-b8bff9c8d507,"[""context:site_distinctness"",""geometry""]","[""8f5c2434-0b2d-547e-ac2c-e25ddeefe1b7""]",government_record,LGB address product scope and attribution terms,https://geobroker.geobasis-bb.de/gbss.php?MODE=GetProductInformation&PRODUCTID=51600a1d-c7a3-4211-aff8-e94fb7dc166d,Landesvermessung und Geobasisinformation Brandenburg (LGB),europe_round7_luebbenau_geometry,dl-de/by-2-0,"© GeoBasis-DE/LGB/LS/VBB GmbH, dl-de/by-2-0, Daten geändert: minimal factual projection",,2026-09-08T22:49:40.931Z,c169dd2f710ad3dddbcea643cb0e2b892fdb91191389bb9019b15409d3ad47d8
e40213c2-5b41-5007-b551-1f8fd188cb3f,"[""context:site_distinctness""]","[""8dbc82d0-1a4d-5d8e-955e-c5e4973ea19e""]",company_disclosure,Flexential issuer release index: bounded successor check,https://www.prnewswire.com/news/flexential/,"Flexential, distributed by PR Newswire",americas_round11_flexential_parker,no-open-redistribution-license-asserted,"Flexential, distributed by PR Newswire",,2026-09-09T00:29:50.544Z,2edfad3b07904570fb3fadcdbc9a0f47777ee338d510c0f6455a18f116388ba8
e527b9c8-58f6-56e3-98d5-1d620a146f92,"[""context:site_distinctness"",""geometry""]","[""0b67b532-d779-5784-bd6d-d7ee124844aa"",""f3cc5dc7-9547-517f-94aa-89e0769f2bf8""]",government_record,County ParcelsEnriched layer metadata and CRS,https://services3.arcgis.com/TsynfzBSE6sXfoLq/ArcGIS/rest/services/Cadastral_ProdA/FeatureServer/3?f=pjson,Chesterfield County GIS,chesterfield_round14,CC0-1.0,Chesterfield County GIS,,2026-09-09T00:29:40.105Z,c7bee056e8c9fb1e6f0cba2d9ae5d3b5403d3ceb2d8eaf3c8c67082f41fa66d8
e58e7f0b-4b70-5f9b-b312-29292f988db8,"[""context:geometry_identity"",""context:site_distinctness""]","[""c1af62b5-b9a2-5c15-a8a4-717e1a65ac05""]",government_record,Espoo permit 2024-1349 - HEL17 on parcel 49-65-3-1,https://espoo.oncloudos.com/cgi/DREQUEST.PHP?id=20251396-8&page=meetingitem,City of Espoo,espoo_environment_building_committee,no-open-redistribution-license-asserted,City of Espoo,,2026-09-08T19:09:11Z,57a766de185f2dc7cdd4ef70bf6bb5c185280266579354171390082d94e94b12
e62d45bd-e00d-5243-b288-16c098bb2b10,"[""context:site_distinctness"",""geometry""]","[""709cd37b-7f3a-5313-b3e2-a18ddc0885ec""]",openstreetmap,Nominatim documents its returned object-centroid fields,https://nominatim.org/release-docs/latest/api/Output/,Nominatim project,pecos_round15_primary_review,no-open-license-asserted,Nominatim project,,2026-09-09T03:14:03Z,2b22abff55df61794873a6648149a09a46262c4f409578cb8d6823de3d6b5f7e
e687363e-0a56-5567-a0c7-7503be4dffa6,"[""context:site_distinctness"",""geometry""]","[""b91d994d-0f59-5ed8-ad74-20e4ba2251f3""]",openstreetmap,Nominatim documents object-centroid coordinates,https://nominatim.org/release-docs/latest/api/Output/,Nominatim project,americas_round21_procergs,no-open-license-asserted,Nominatim project,,2026-09-09T06:36:59Z,2b22abff55df61794873a6648149a09a46262c4f409578cb8d6823de3d6b5f7e
e6ba8dd8-cdef-53eb-aee0-5f08fbf863db,"[""context:geometry_identity"",""context:site_distinctness""]","[""e39b5191-4a78-5781-8944-24efaf944aa9""]",company_disclosure,NEXTDC GE1 operator page: Corio campus identity,https://www.nextdc.com/data-centres/geelong-data-centres/ge1-geelong,NEXTDC Limited,nextdc_official_campus_identity,all-rights-reserved,NEXTDC Limited,,2026-09-08T21:02:53Z,986383bca5880e032216341ed141a0ac458e13ef08998c5f2d7ae715297ae7c6
e71d6598-f69a-59e5-b271-2eb465eaed64,"[""context:site_distinctness""]","[""709cd37b-7f3a-5313-b3e2-a18ddc0885ec""]",news,"Machine-transcript completion-scope caveat, unselected for lifecycle",https://earningscall.biz/e/nasdaq/s/corz/y/2026/q/q2,"EarningsCall; attributed remarks by Adam Sullivan and Matt Brown, Core Scientific",pecos_round15_primary_review,all-rights-reserved,"EarningsCall; attributed remarks by Adam Sullivan, CEO, and Matt Brown, COO, Core Scientific",2026-07-28,2026-09-09T03:14:00.031Z,633a7d69941ae0794fed4ecfd833bfbaffb04723bbcf0ca4a91796360e3069da
e89ed694-4d85-52b6-9912-99d0bbde6c98,"[""context:geometry_identity"",""context:site_distinctness""]","[""0b67b532-d779-5784-bd6d-d7ee124844aa""]",company_disclosure,Chirisa current CTP and adjacent DDC campus labels,https://chirisatechnologyparks.com/,Chirisa Technology Parks,chesterfield_round14,no-open-redistribution-license-asserted,Chirisa Technology Parks,,2026-09-09T00:24:43.390Z,e7bf1ba2c829f70a351941f346fe915b708d422253e247484b0f9939bda04968
e8e31981-940f-534d-846f-a33d96781bf6,"[""context:site_distinctness"",""geometry""]","[""c4ffa53e-bb43-5af1-9e07-aa5045ea480b""]",government_record,Open Government Licence - Toronto version1.0,https://open.toronto.ca/open-data-licence/,City of Toronto,americas_africa_round10_etobicoke,Open Government Licence - Toronto,City of Toronto,,2026-09-08T23:53:19.232Z,45d1ac5aa795fc25b79997db8fad79171c50e280bf0807e587da602120b46242
e9598e01-b9ef-5d87-a239-9d028a3e30c9,"[""context:site_distinctness"",""geometry""]","[""f054a923-1869-5cee-aec7-f9673b431f14""]",company_disclosure,"IAD44 operator property page, 43704 Efficiency Drive",https://www.digitalrealty.com/data-centers/americas/northern-virginia/iad44,Digital Realty,expansion_200_us_locator_review,no-open-redistribution-license-asserted,Digital Realty,,2026-09-08T19:26:11Z,09234706181aa25224be363e381d6a9fad63361668c4ec4a74445061d28d8660
e95c68d5-dcea-51c7-a21a-11eaa2bf9140,"[""context:site_distinctness"",""geometry""]","[""709cd37b-7f3a-5313-b3e2-a18ddc0885ec""]",openstreetmap,Exact Core Scientific Pecos OSM relation representative point,https://nominatim.openstreetmap.org/lookup?osm_ids=R20669718&format=jsonv2&addressdetails=1&polygon_geojson=1,© OpenStreetMap contributors,pecos_round15_primary_review,ODbL-1.0,© OpenStreetMap contributors,,2026-09-09T03:15:49.510Z,f059ff8d2b978a2d2461c767e45828516b05232b55c029a9da5fbf73637e96ec
e9bb34d9-fd43-587a-b6f5-377738f2b091,"[""context:site_distinctness"",""geometry""]","[""fe92035e-3a00-5a85-b009-34fe9c2c545e""]",government_record,NLS open-data Attribution CC 4.0 policy,https://www.maanmittauslaitos.fi/en/opendata-licence-cc40,National Land Survey of Finland,europe_round16_dayone_lahti,no-open-license-asserted,National Land Survey of Finland,,2026-09-09T04:11:45Z,73983ab9e45b3509dc8a33806bbef0ea16f935a1607c65a53a87a3a467ebfe38
ea663d84-8e4a-55d8-bd1e-007e7851f8b3,"[""context:site_distinctness"",""geometry""]","[""b7744ad5-aa48-5977-a70e-3d6a588f468d""]",open_dataset,"Applied Digital named construction-fence object, OSM way1545345944 version2",https://api.openstreetmap.org/api/0.6/way/1545345944/full.json,OpenStreetMap contributors,americas_round5_df1_followup,ODbL-1.0,OpenStreetMap contributors,2026-08-18,2026-09-08T22:02:15Z,829585008e336448d96f8543c9881174a567bfe0fa279e09c5465e779b9e1fa4
ebef4446-a514-5896-8a6d-c9e0109c3eb4,"[""context:site_distinctness"",""geometry""]","[""3e074273-f5f7-5785-ab10-232a5ebd5c6b"",""9563b94b-4d68-5f38-b2b2-ce63346ebbe8""]",company_disclosure,Mapbox LngLat geographic coordinate contract,https://docs.mapbox.com/mapbox-gl-js/api/geography/,Mapbox,americas_round9_hut8,all-rights-reserved,Mapbox,,2026-09-08T23:19:42.748Z,65696f2eadafcb1d2e7fc7e9f7c85bb923c0a3f428fb204047e0912890312cc0
ec9c1a57-7a47-547f-86e3-38f2b8de72e1,"[""context:geometry_identity"",""context:site_distinctness""]","[""bf8d11a2-72a6-500d-a532-98fb73958c84""]",company_disclosure,Iron Mountain Madrid campus brochure - MAD-2/3 and exact campus address,https://edge.sitecorecloud.io/ironmountain-c8dd68e9/media/project/iron-mountain/iron-mountain/files/resources/solution-guides/d/data-centers-madrid-campus-brochure.pdf?sc_lang=en,Iron Mountain Data Centers,iron_mountain_resources,all-rights-reserved,Iron Mountain Data Centers,,2026-09-08T20:10:03Z,207fb0e906e8b97d92be848264ff3ac3c992711b1aaf21c525f709933c468f66
ed20cf81-ee66-5390-b44b-6faeca5eb769,"[""context:site_distinctness"",""geometry""]","[""709cd37b-7f3a-5313-b3e2-a18ddc0885ec""]",openstreetmap,OSM rights and attribution requirements,https://www.openstreetmap.org/copyright,OpenStreetMap Foundation / OpenStreetMap contributors,pecos_round15_primary_review,ODbL-1.0,OpenStreetMap Foundation / OpenStreetMap contributors,,2026-09-09T03:16:32.724Z,e9a2a3b097d2d670eeaf6dea106837aff8f75c9e44ac77d3830d42e99f806d15
ed8bb90a-2708-5f41-a5e2-181cd4879b2d,"[""context:geometry_identity"",""context:site_distinctness""]","[""26ebe837-0ec5-5973-a729-656b1b4ce011""]",company_disclosure,Aligned CMH-02 Conesville campus identity,https://aligneddc.com/northeast-ohio-data-centers/,Aligned Data Centers,americas_round20_conesville,no-open-license-asserted,Aligned Data Centers,,2026-09-09T05:53:21.491Z,557229520de438e746259e0a423ed4801fc69b7abecc1ad8c3cbc693e5e74d2e
edcc1730-7319-5627-8ff6-d544abf2db4c,"[""context:site_distinctness"",""geometry""]","[""b7744ad5-aa48-5977-a70e-3d6a588f468d""]",open_dataset,OpenStreetMap copyright and licence,https://www.openstreetmap.org/copyright,OpenStreetMap Foundation,americas_round5_df1_followup,ODbL-1.0,OpenStreetMap Foundation,,2026-09-08T22:10:02Z,641b1ad4a641ea96bd990175617cea298b002e09119bf48439792f5905fcde04
eed5048e-2eab-593e-a2d5-6ca34e8fff2d,"[""context:site_distinctness""]","[""709cd37b-7f3a-5313-b3e2-a18ddc0885ec""]",company_disclosure,Core Scientific issuer index successor review,https://investors.corescientific.com/news-events/press-releases,"Core Scientific, Inc.",pecos_round15_primary_review,all-rights-reserved,"Core Scientific, Inc.",,2026-09-09T03:16:05.280Z,7d43fe5463cd68124625b8b4bd821dda260060813229b8f208c56a93cc52afca
ef9a468b-9c54-53f4-bb18-126423de0d4e,"[""context:geometry_identity"",""context:site_distinctness"",""physical_status""]","[""fe92035e-3a00-5a85-b009-34fe9c2c545e""]",company_disclosure,SRV Lahti job 2984: August 2026 construction bulletin,https://www.srv.fi/srv-yrityksena/tyomaat/2984-lahden-datakeskus/tiedotteet/,SRV Group Plc,europe_round16_dayone_lahti,no-open-license-asserted,SRV Group Plc,2026-08-11T00:00:00Z,2026-09-09T03:40:21Z,45604be6b8775bc94ef450efd8e5f8873ae17be3c7d6fc91089f9fbfeee73aeb
f0006c38-63b7-5b5d-adc8-76d727f13ddd,"[""context:geometry_identity"",""context:site_distinctness""]","[""fc6dd688-fca0-5a7f-a6e9-54f9116607c5""]",government_record,Paju2018Q1 factory register - former Heesung factory parcel identity,https://www.paju.go.kr/component/file/ND_fileDownload.do?id=05fb1a35-d8df-4f3c-8bcb-025f8bf95b0d,City of Paju,paju_city_historical_factory_registers,all-rights-reserved,City of Paju,2018-04-06,2026-09-08T20:07:31Z,f37ae43e3f97641c3a06e24b7996a88b4756c5780a82e0ab9366afb2fa0af150
f071ebd5-1ed5-56b9-873b-e637beac5661,"[""context:geometry_identity"",""context:site_distinctness""]","[""8f5c2434-0b2d-547e-ac2c-e25ddeefe1b7""]",company_disclosure,Project manager explicitly identifies Schwarz Digits Datacenter Lübbenau,https://www.convis.com/spatenstich-fuer-neues-rechenzentrum-in-brandenburg/,convis GmbH,europe_round7_luebbenau_geometry,no-open-license-asserted,convis GmbH,2025-11-19,2026-09-08T22:52:20.074Z,bf6520da5173774e02f20472d74706b4a39185849841265041958e4077581140
f1c93b01-9ffe-571c-b4f0-dd7a32d28d79,"[""context:site_distinctness"",""geometry""]","[""0b67b532-d779-5784-bd6d-d7ee124844aa"",""f3cc5dc7-9547-517f-94aa-89e0769f2bf8""]",government_record,County Open GIS portal terms and catalogue groups,https://opengisdata.chesterfield.gov/,Chesterfield County GIS,chesterfield_round14,no-open-document-redistribution-license-asserted,Data retrieved from Chesterfield County GIS Data Catalog.,,2026-09-09T03:05:03Z,b6106582985a1c1e041e66522448bfe951fba43b262850fbcc20a53a82dc6bdb
f307d67b-8214-5188-829d-0caf31311537,"[""context:geometry_identity"",""context:site_distinctness""]","[""a1390e66-5b95-568b-869b-b9413c56f8ce""]",government_record,Bavarian government binds the modular third phase to existing Noris grounds in Nuremberg,https://www.bayern.de/fueracker-bau-fuer-neues-hochsicherheits-rechenzentrum-fuer-landesamt-fuer-steuern-beginnt-noris-network-stellt-flaechen-fuer-it-infrastruktur-der-steuerverwaltung-zur-verfuegung-innovative-baua/,Bavarian State Government,europe_mena_round12_expansion_asia,no-open-license-asserted,Bavarian State Government,2025-09-26,2026-09-09T03:09:51Z,518113b50069e7c6ef1acf3ad13759dffc5b5734b1d5a7c483b051719391d7dc
f3fccadb-e01f-5545-9b50-2e655093f641,"[""context:site_distinctness"",""geometry""]","[""ad57807a-f6b6-55f9-b26f-acd194e12880""]",openstreetmap,Exact named OSM H5 building representative point,https://nominatim.openstreetmap.org/lookup?osm_ids=W1080170580&format=jsonv2&addressdetails=1&polygon_geojson=1,© OpenStreetMap contributors,americas_round11_flexential_hillsboro5,ODbL-1.0,© OpenStreetMap contributors,,2026-09-09T00:40:44.876Z,181b9187ebd81119da83aa4d6abbf0443fd8b224fc78906df190ba5f262c958e
f3fe97fd-410e-5eee-91c7-076d245e774f,"[""context:geometry_identity"",""context:site_distinctness""]","[""aa2dc8a4-52d8-5519-b23a-2ff0313db9e3""]",company_disclosure,Edged Getafe2: exact Fundidores2 identity and MAD02 link,https://www.edged.es/madrid-getafe-2,Edged,expansion_round5_primary_sources,all-rights-reserved,Edged,,2026-09-08T21:22:25Z,53967e59723c40077f36b9d521f3677817e01a0dc556263dcb8c4122f5af1246
f4684aae-8562-5a84-857d-7ce1cf183f8f,"[""context:geometry_identity"",""context:site_distinctness""]","[""b4349487-1879-5b90-9064-d1b86cb49850""]",government_record,Estonian investment agency distinguishes development inside Greenergy's existing building,https://investinestonia.com/greenergy-data-center-200m-ai-expansion/,Estonian Business and Innovation Agency / Invest Estonia,europe_round18_greenergy_huuru,no-open-license-asserted,Estonian Business and Innovation Agency / Invest Estonia,,2026-09-09T04:58:24.012Z,b315e919580a33908f181a6b97c47d7b65d085a08d23583162df2234ff98b174
f4de824e-a9b1-581b-b83f-152393af714f,"[""context:site_distinctness"",""geometry""]","[""762397cd-ffc7-55c2-936e-af38cb8d4d0c""]",government_record,Same exact WVR113311 record in native Web Mercator,https://tagis.dep.wv.gov/arcgis/rest/services/WVDEP_enterprise/water_resources/MapServer/2/query?f=json&where=permit_id+%3D+%27WVR113311%27&outFields=*&returnGeometry=true&outSR=3857,West Virginia Department of Environmental Protection,americas_round16_monarch,no-open-license-asserted,West Virginia Department of Environmental Protection,,2026-09-09T04:28:11.757Z,a5562aadfeffab5e4c0765709f2aaacffc1ad1bb9d00cf1e8666492b681c908d
f59c8db6-51b6-5494-8ff3-b58091b2d767,"[""context:geometry_identity"",""context:site_distinctness""]","[""0bf81b53-0bf9-551d-807b-16392ea21962"",""d83dc321-220b-5c4c-b5af-ff1f4bc19a5d""]",company_disclosure,Iron Mountain location overview - exact VA-1 and NJE-1 addresses,https://edge.sitecorecloud.io/ironmountain-c8dd68e9/media/project/iron-mountain/iron-mountain/files/resources/data-sheets-and-brochures/i/iron-mountain-data-centers-location-overview.pdf?sc_lang=en,Iron Mountain Data Centers,iron_mountain_us_q2_locator_review,no-open-redistribution-license-asserted,Iron Mountain Data Centers,,2026-09-08T20:09:24Z,bf366ea4c8c58c06de7cf572ee17ccc1c5c8ca6b5281c42f09d3cf6de35220bc
f672b5f3-72b9-5d29-9683-b3b2fbbd9999,"[""physical_status""]","[""bf8d11a2-72a6-500d-a532-98fb73958c84""]",company_disclosure,Iron Mountain Q2 2026 - Madrid MAD-2/3 current construction,https://www.sec.gov/Archives/edgar/data/1020569/000102056926000068/q22026srpfinal.htm,Iron Mountain Incorporated,iron_mountain_sec_filings,all-rights-reserved,Iron Mountain Incorporated,2026-08-05,2026-09-08T19:54:32Z,40c74e89fad0c524afd19bcaaa0254b329c4f871c8f7636383fd20948afff946
f6f13bec-804c-554b-ba4b-a3df91b37eb4,"[""context:geometry_identity"",""context:site_distinctness"",""physical_status""]","[""5bfb4ad8-a8f4-5937-9242-a96f9292c385""]",company_disclosure,CSC strengthens the future of Kainuu,https://csc.fi/en/news/csc-strengthens-the-future-of-kainuu/,CSC – IT Center for Science Ltd.,europe_round15_csc_lumi_ai,no-open-license-asserted,CSC – IT Center for Science Ltd.,2026-08-20T09:33:31Z,2026-09-09T03:38:45Z,4f1dfd2d29304c7cf1b16414779cd952f9fe9612c28a846f0c6fa4a28bb6d0ca
f7352fdb-963a-5f76-bed8-d0d1fe72fb85,"[""context:site_distinctness"",""geometry""]","[""762397cd-ffc7-55c2-936e-af38cb8d4d0c""]",government_record,Water-resources service item retains null licence information,https://tagis.dep.wv.gov/portal/sharing/rest/content/items/af46df9d6bbb4b81a5f7037665713cc1?f=json,West Virginia Department of Environmental Protection,americas_round16_monarch,no-open-license-asserted,West Virginia Department of Environmental Protection,,2026-09-09T04:19:12.203Z,8f9395577e7d4e19c831be5db1b452352d6c1fca3486bd2f7d7195ba80eb9377
f809e29f-6ff2-58c7-81c7-7324ac7e8290,"[""context:geometry_identity"",""context:site_distinctness""]","[""9217888a-3e78-5b75-ac86-bd32ef026084""]",company_disclosure,Operator-linked TÜV SÜD certificate names the physical MUC1 site address,https://144396000.fs1.hubspotusercontent-eu1.net/hubfs/144396000/Certificates/MUC/ISO-50600-Munich-EN.pdf,"TÜV SÜD Industrie Service GmbH, distributed by Portus Data Centers",europe_mena_round10_expansion_asia,no-open-license-asserted,"TÜV SÜD Industrie Service GmbH, distributed by Portus Data Centers",,2026-09-08T23:47:54.313Z,e42838a89700af3a325389aac5388a6221675b73ddff439421c655a13fe82b3a
f84e5176-a3af-53b3-88ad-f29294ea2b3d,"[""context:geometry_identity"",""context:site_distinctness"",""geometry""]","[""4f86e285-bcf1-537b-b31e-8af7b27ed556""]",company_disclosure,Goodman FRA II Data Centre - project address and online map link,https://de.goodman.com/-/media/project/goodman/germany/files/property/properties-for-lease/fra-ii/fra-ii-data-centre-brochure.pdf,Goodman Group,goodman_official_property_brochures,all-rights-reserved,Goodman Group,,2026-09-08T19:39:40Z,5fa11f75a2dc6d85dc40a44a93625ed02298707e1d0b36bfab833e1bc26b5db9
fa35b333-9224-5eaa-8c0e-2a614d99bdee,"[""context:site_distinctness"",""geometry""]","[""8c926b8f-0190-533b-aa7e-3223971b9e23""]",openstreetmap,Exact named D2 community representative point,https://nominatim.openstreetmap.org/lookup?osm_ids=W1258702591&format=jsonv2&addressdetails=1&polygon_geojson=1,OpenStreetMap contributors,flexential_douglasville2_round12,ODbL-1.0,OpenStreetMap contributors,,2026-09-09T02:46:32Z,4a2f4c96300bb86ac2ebfd9da323cfbadb64ca38498184797faf77d9b5896325
fb26fa5c-bb7a-5323-b71e-afa469c7b954,"[""context:site_distinctness"",""geometry""]","[""f8900f55-087d-5d51-aef2-820402bcbdc2""]",government_record,Official notice marker - Hybrideweg 105 datacenter amendment,https://zoek.officielebekendmakingen.nl/prb-2026-2233/metadata.xml,Province of Noord-Holland / Officiele Bekendmakingen,netherlands_official_notice_geometries,no-open-redistribution-license-asserted,Province of Noord-Holland / Officiele Bekendmakingen,2026-02-10,2026-09-08T19:27:02Z,b67d2ef88fa1b03908add04e3b4c3e3c131abd840bec26eda0a09191c4657c62
fd60ef01-8d0c-5fc5-bf7a-2e7f04de566a,"[""context:geometry_identity"",""context:site_distinctness""]","[""12407b2e-a44d-5c8d-aa62-c7b64045e20f""]",government_record,NDDEQ Applied Digital FAR campus address and data-center association,https://deq.nd.gov/aq/Notices/AppliedDigital/DRAFTACP18345v1_0AQEA.pdf,North Dakota Department of Environmental Quality,americas_round5,no-open-redistribution-license-asserted,North Dakota Department of Environmental Quality,2026-06-11,2026-09-08T21:37:49Z,a971451d4d089ec762f248eda0b194c33a31f4b64747f005bc00a18f57c537de
fde2580a-161c-5868-90e9-9ca3388ab0a4,"[""context:geometry_identity"",""context:site_distinctness""]","[""fc6dd688-fca0-5a7f-a6e9-54f9116607c5""]",government_record,"Paju City LG Uplus data-center notice - operator, exact parcel and PDF linkage",https://www.paju.go.kr/user/board/BD_board.view.do?bbsCd=1022&q_ctgCd=4063&seq=20241230134843671,City of Paju,paju_city_building_application_notices,KOGL-Type-4-attribution-noncommercial-no-derivatives-text-scope,City of Paju,2024-12-30,2026-09-08T19:36:06Z,d82767fc6e80b74f89fe81b20c2a8e0e63996561d647cf5abca9c3911efdceeb
fef30f3e-a280-54a0-af8d-83c759ab90f4,"[""context:geometry_identity"",""context:site_distinctness"",""physical_status""]","[""f2b93d1a-7c33-5a9e-be4d-f7d0dadec047""]",company_disclosure,Microsoft La Porte first-phase groundbreaking,https://local.microsoft.com/blog/microsoft-breaks-ground-on-la-porte-datacenter-project/,Microsoft,americas_round4_microsoft_la_porte,no-open-redistribution-license-asserted,Microsoft,2026-06-23T16:23:15+00:00,2026-09-08T20:52:31Z,07cf015d71ac41afcaf353a40f5826d71f7bdae404ef2e25e19e90e93ae84422
